MMDD,項目,値,補足,出典,確認済み
0101,誕生石（月）,ガーネット,,全国宝石卸商協同組合 2021年12月改定（デイリースポーツ https://www.daily.co.jp/society/life/2021/12/20/0014929848.shtml ほか。work/knowledge/10_誕生日もの.md）,True
0101,誕生色,白練,しろねり／#F3F3F2／練った絹の白。新しい年の始まりに降る雪の色（雪下出麦にちなむ）,当サイト独自の選び方（七十二候にちなむ日本の伝統色。work/knowledge/10_誕生日もの.md）・色の値：https://www.colordic.org/colorsample/2376,True
0101,誕生日石,ガーネット,1月の誕生石。実りの象徴とされ、旅人が身を守るお守りにしたと伝わる。変わらぬ友情や努力を支える石と言われる。,当サイト独自の選び方（誕生石・デーカンの支配星・誕生色から、販売されている石。work/knowledge/10_誕生日もの.md）・販売例：https://store.karatz.jp/en/products/12560127,True
0101,誕生花,フクジュソウ,花ことば：幸福を招く,一般財団法人日本花普及センター「誕生花・花ことば366」（長野県 https://www.pref.nagano.lg.jp/enchiku/sangyo/nogyo/engei-suisan/kaki/documents/hanakotoba.pdf・source/birthday/hanakotoba.pdf を2回読み比べて書き起こし）,True
0101,記念日・できごと（行事）,元日,一年の始まりを祝う国民の祝日。初詣やおせちで新しい年を迎える日,https://zatsuneta.com/archives/101011.html,True
0101,記念日・できごと（できごと）,テレビアニメ『鉄腕アトム』放送開始,1963年。日本初の本格的な連続テレビアニメが始まり、アニメ大国への一歩となった,https://zatsuneta.com/archives/a0101.html,True
0101,記念日・できごと（できごと）,日本で太陽暦がスタート,1873年。明治政府が暦を改め、今と同じ太陽暦での暮らしが始まった日,https://zatsuneta.com/archives/a0101.html,True
0102,誕生石（月）,ガーネット,,全国宝石卸商協同組合 2021年12月改定（デイリースポーツ https://www.daily.co.jp/society/life/2021/12/20/0014929848.shtml ほか。work/knowledge/10_誕生日もの.md）,True
0102,誕生色,白,しろ／#FFFFFF／まじりけのない白。麦畑を覆って降り積もる雪（雪下出麦にちなむ）,当サイト独自の選び方（七十二候にちなむ日本の伝統色。work/knowledge/10_誕生日もの.md）・色の値：https://www.colordic.org/colorsample/2282,True
0102,誕生日石,ダイヤモンド,デーカンの支配星・金星の石。『征服できない』という意味の名を持ち、永遠の絆や揺るがない意志の象徴とされる。,当サイト独自の選び方（誕生石・デーカンの支配星・誕生色から、販売されている石。work/knowledge/10_誕生日もの.md）・販売例：https://store.shopping.yahoo.co.jp/lecoeur/birthday04k.html,True
0102,誕生花,ロウバイ,花ことば：慈愛心を持っている,一般財団法人日本花普及センター「誕生花・花ことば366」（長野県 https://www.pref.nagano.lg.jp/enchiku/sangyo/nogyo/engei-suisan/kaki/documents/hanakotoba.pdf・source/birthday/hanakotoba.pdf を2回読み比べて書き起こし）,True
0102,記念日・できごと（記念日）,初夢の日,この夜に見る夢で一年を占う風習。「一富士二鷹三茄子」が縁起よしとされる,https://zatsuneta.com/archives/101022.html,True
0102,記念日・できごと（行事）,初荷,年明け最初の荷を、のぼりや飾りで華やかに送り出す商いの初仕事,https://zatsuneta.com/archives/a0102.html,True
0102,記念日・できごと（行事）,書き初め,新年の抱負や好きな言葉を、筆で心をこめて書きしるす新春の習わし,https://zatsuneta.com/archives/a0102.html,True
0103,誕生石（月）,ガーネット,,全国宝石卸商協同組合 2021年12月改定（デイリースポーツ https://www.daily.co.jp/society/life/2021/12/20/0014929848.shtml ほか。work/knowledge/10_誕生日もの.md）,True
0103,誕生色,若緑,わかみどり／#98D98E／若い草木の緑。雪の下で伸びていく麦の芽の色（雪下出麦にちなむ）,当サイト独自の選び方（七十二候にちなむ日本の伝統色。work/knowledge/10_誕生日もの.md）・色の値：https://www.colordic.org/colorsample/2135,True
0103,誕生日石,エメラルド,デーカンの支配星・金星の石・誕生色（若緑）に近い緑系。若葉のような緑から再生と希望の象徴とされ、クレオパトラが愛した石と伝わる。,当サイト独自の選び方（誕生石・デーカンの支配星・誕生色から、販売されている石。work/knowledge/10_誕生日もの.md）・販売例：https://www.creema.jp/item/18576293/detail,True
0103,誕生花,マツ,花ことば：永遠の若さ,一般財団法人日本花普及センター「誕生花・花ことば366」（長野県 https://www.pref.nagano.lg.jp/enchiku/sangyo/nogyo/engei-suisan/kaki/documents/hanakotoba.pdf・source/birthday/hanakotoba.pdf を2回読み比べて書き起こし）,True
0103,記念日・できごと（記念日）,ひとみの日,「ひ(1)と(1)み(3)」の語呂合わせ。目と眼鏡を大切にしようという日,https://zatsuneta.com/archives/101032.html,True
0103,記念日・できごと（できごと）,第1回紅白歌合戦,1951年。今では大みそかの定番の歌番組が、ラジオ放送で初めて開かれた日,https://zatsuneta.com/archives/a0103.html,True
0104,誕生石（月）,ガーネット,,全国宝石卸商協同組合 2021年12月改定（デイリースポーツ https://www.daily.co.jp/society/life/2021/12/20/0014929848.shtml ほか。work/knowledge/10_誕生日もの.md）,True
0104,誕生色,薄青,うすあお／#93B69C／淡い青緑。雪の切れ間からのぞく麦の葉の色（雪下出麦にちなむ）,当サイト独自の選び方（七十二候にちなむ日本の伝統色。work/knowledge/10_誕生日もの.md）・色の値：https://www.colordic.org/w,True
0104,誕生日石,マラカイト,デーカンの支配星・金星の石・誕生色（薄青）に近い緑系。孔雀の羽のような縞を持ち、古代エジプトでは魔よけとして身につけたと伝わる。,当サイト独自の選び方（誕生石・デーカンの支配星・誕生色から、販売されている石。work/knowledge/10_誕生日もの.md）・販売例：https://item.rakuten.co.jp/auc-hinryo/c/0000000182/,True
0104,誕生花,デージー(白),花ことば：自然の喜び,一般財団法人日本花普及センター「誕生花・花ことば366」（長野県 https://www.pref.nagano.lg.jp/enchiku/sangyo/nogyo/engei-suisan/kaki/documents/hanakotoba.pdf・source/birthday/hanakotoba.pdf を2回読み比べて書き起こし）,True
0104,記念日・できごと（記念日）,石の日,「い(1)し(4)」の語呂合わせ。石に触れて願うと叶うという言い伝えも,https://zatsuneta.com/archives/101041.html,True
0104,記念日・できごと（記念日）,世界点字デー,点字を考案したルイ・ブライユの誕生日にちなみ、点字の大切さを知る日,https://zatsuneta.com/archives/a0104.html,True
0105,誕生石（月）,ガーネット,,全国宝石卸商協同組合 2021年12月改定（デイリースポーツ https://www.daily.co.jp/society/life/2021/12/20/0014929848.shtml ほか。work/knowledge/10_誕生日もの.md）,True
0105,誕生色,萌黄,もえぎ／#AACF53／萌え出る若葉の黄緑。冷たい水辺で育つ芹の色（芹乃栄にちなむ）,当サイト独自の選び方（七十二候にちなむ日本の伝統色。work/knowledge/10_誕生日もの.md）・色の値：https://www.colordic.org/colorsample/2136,True
0105,誕生日石,エメラルド,デーカンの支配星・金星の石・誕生色（萌黄）に近い緑系。若葉のような緑から再生と希望の象徴とされ、クレオパトラが愛した石と伝わる。,当サイト独自の選び方（誕生石・デーカンの支配星・誕生色から、販売されている石。work/knowledge/10_誕生日もの.md）・販売例：https://www.creema.jp/item/18576293/detail,True
0105,誕生花,クロッカス,花ことば：楽しみ,一般財団法人日本花普及センター「誕生花・花ことば366」（長野県 https://www.pref.nagano.lg.jp/enchiku/sangyo/nogyo/engei-suisan/kaki/documents/hanakotoba.pdf・source/birthday/hanakotoba.pdf を2回読み比べて書き起こし）,True
0105,記念日・できごと（記念日）,囲碁の日,「い(1)ご(5)」の語呂合わせ。日本棋院が囲碁の楽しさを広める日,https://zatsuneta.com/archives/101052.html,True
0105,記念日・できごと（記念日）,いちごの日,「いち(1)ご(5)」の語呂合わせ。冬から春が旬の甘いいちごを味わう日,https://zatsuneta.com/archives/101053.html,True
0105,記念日・できごと（できごと）,猫の「たま」が駅長に就任,2007年。和歌山の貴志駅で三毛猫が駅長になり、ローカル線の人気者になった,https://zatsuneta.com/archives/a0105.html,True
0106,誕生石（月）,ガーネット,,全国宝石卸商協同組合 2021年12月改定（デイリースポーツ https://www.daily.co.jp/society/life/2021/12/20/0014929848.shtml ほか。work/knowledge/10_誕生日もの.md）,True
0106,誕生色,緑,みどり／#3EB370／生き生きとした緑。寒さに負けない芹の生命力（芹乃栄にちなむ）,当サイト独自の選び方（七十二候にちなむ日本の伝統色。work/knowledge/10_誕生日もの.md）・色の値：https://www.colordic.org/colorsample/2109,True
0106,誕生日石,マラカイト,デーカンの支配星・金星の石・誕生色（緑）に近い緑系。孔雀の羽のような縞を持ち、古代エジプトでは魔よけとして身につけたと伝わる。,当サイト独自の選び方（誕生石・デーカンの支配星・誕生色から、販売されている石。work/knowledge/10_誕生日もの.md）・販売例：https://item.rakuten.co.jp/auc-hinryo/c/0000000182/,True
0106,誕生花,スミレ(ピンク),花ことば：希望,一般財団法人日本花普及センター「誕生花・花ことば366」（長野県 https://www.pref.nagano.lg.jp/enchiku/sangyo/nogyo/engei-suisan/kaki/documents/hanakotoba.pdf・source/birthday/hanakotoba.pdf を2回読み比べて書き起こし）,True
0106,記念日・できごと（記念日）,ケーキの日,1879年。東京・上野の風月堂が日本で初めてケーキの宣伝を出したことにちなむ,https://zatsuneta.com/archives/101064.html,True
0106,記念日・できごと（記念日）,色の日,「い(1)ろ(6)」の語呂合わせ。色にかかわる仕事の人たちの記念日,https://zatsuneta.com/archives/101061.html,True
0106,記念日・できごと（行事）,東京消防出初式,消防隊のはしご乗りや一斉放水など、新年の勇ましい技が披露される,https://zatsuneta.com/archives/a0106.html,True
0107,誕生石（月）,ガーネット,,全国宝石卸商協同組合 2021年12月改定（デイリースポーツ https://www.daily.co.jp/society/life/2021/12/20/0014929848.shtml ほか。work/knowledge/10_誕生日もの.md）,True
0107,誕生色,若竹色,わかたけいろ／#68BE8D／若竹の明るい緑。競り合うように伸びる芹の葉（芹乃栄にちなむ）,当サイト独自の選び方（七十二候にちなむ日本の伝統色。work/knowledge/10_誕生日もの.md）・色の値：https://www.colordic.org/colorsample/2110,True
0107,誕生日石,水晶,デーカンの支配星・金星の石。古くから世界中で神聖視され、他の石の力を高め、心身を清めるとされてきた。,当サイト独自の選び方（誕生石・デーカンの支配星・誕生色から、販売されている石。work/knowledge/10_誕生日もの.md）・販売例：https://www.creema.jp/item/16248173/detail,True
0107,誕生花,ヒヤシンス(赤),花ことば：遊び心,一般財団法人日本花普及センター「誕生花・花ことば366」（長野県 https://www.pref.nagano.lg.jp/enchiku/sangyo/nogyo/engei-suisan/kaki/documents/hanakotoba.pdf・source/birthday/hanakotoba.pdf を2回読み比べて書き起こし）,True
0107,記念日・できごと（行事）,人日の節句（七草）,五節句のひとつ。七草粥を食べて一年の無病息災を願う,https://zatsuneta.com/archives/101074.html,True
0107,記念日・できごと（行事）,爪切りの日,七草を浸した水に爪をつけてから、新年初めて爪を切る昔ながらの習わし,https://zatsuneta.com/archives/101072.html,True
0107,記念日・できごと（できごと）,千円札発行の日,1950年。戦後初めての千円札が発行された日。聖徳太子の肖像が描かれていた,https://zatsuneta.com/archives/101073.html,True
0108,誕生石（月）,ガーネット,,全国宝石卸商協同組合 2021年12月改定（デイリースポーツ https://www.daily.co.jp/society/life/2021/12/20/0014929848.shtml ほか。work/knowledge/10_誕生日もの.md）,True
0108,誕生色,青竹色,あおたけいろ／#7EBEAB／青竹の青緑。冷たい水辺に映える芹の茎の色（芹乃栄にちなむ）,当サイト独自の選び方（七十二候にちなむ日本の伝統色。work/knowledge/10_誕生日もの.md）・色の値：https://www.colordic.org/colorsample/2101,True
0108,誕生日石,ローズクォーツ,デーカンの支配星・金星の石。愛と美の女神にゆかりがあるとされ、恋愛や自分を大切にする心を育てる石と言われる。,当サイト独自の選び方（誕生石・デーカンの支配星・誕生色から、販売されている石。work/knowledge/10_誕生日もの.md）・販売例：https://www.creema.jp/item/20881454/detail,True
0108,誕生花,モクレン,花ことば：自然愛,一般財団法人日本花普及センター「誕生花・花ことば366」（長野県 https://www.pref.nagano.lg.jp/enchiku/sangyo/nogyo/engei-suisan/kaki/documents/hanakotoba.pdf・source/birthday/hanakotoba.pdf を2回読み比べて書き起こし）,True
0108,記念日・できごと（記念日）,勝負事の日,「イチ(1)かバチ(8)か」の語呂合わせ。思い切って挑戦したくなる日,https://zatsuneta.com/archives/101082.html,True
0108,記念日・できごと（できごと）,探査機「さきがけ」打ち上げ,1985年。日本初の人工惑星となる探査機が宇宙へ。ハレー彗星の観測に向かった,https://zatsuneta.com/archives/a0108.html,True
0108,記念日・できごと（行事）,正月事納め,門松やしめ縄を外し、お正月の区切りをつける日,https://zatsuneta.com/archives/10108a2.html,True
0109,誕生石（月）,ガーネット,,全国宝石卸商協同組合 2021年12月改定（デイリースポーツ https://www.daily.co.jp/society/life/2021/12/20/0014929848.shtml ほか。work/knowledge/10_誕生日もの.md）,True
0109,誕生色,裏葉色,うらはいろ／#C1D8AC／葉の裏の淡い緑。芹の葉の柔らかな裏側の色（芹乃栄にちなむ）,当サイト独自の選び方（七十二候にちなむ日本の伝統色。work/knowledge/10_誕生日もの.md）・色の値：https://www.colordic.org/colorsample/2129,True
0109,誕生日石,ロードナイト,デーカンの支配星・金星の石。ばら色に黒い模様が入り、人との縁を穏やかに結び直す石と言われる。,当サイト独自の選び方（誕生石・デーカンの支配星・誕生色から、販売されている石。work/knowledge/10_誕生日もの.md）・販売例：https://www.creema.jp/item/4549844/detail,True
0109,誕生花,ヒトリシズカ,花ことば：愛にこたえて,一般財団法人日本花普及センター「誕生花・花ことば366」（長野県 https://www.pref.nagano.lg.jp/enchiku/sangyo/nogyo/engei-suisan/kaki/documents/hanakotoba.pdf・source/birthday/hanakotoba.pdf を2回読み比べて書き起こし）,True
0109,記念日・できごと（記念日）,とんちの日,「いっ(1)きゅう(9)」の語呂合わせで、とんち名人の一休さんにちなむ,https://zatsuneta.com/archives/101091.html,True
0109,記念日・できごと（記念日）,ブルーマウンテンコーヒーの日,1967年。ジャマイカ産の高級コーヒー豆が日本へ初めて大量に届いた日にちなむ,https://zatsuneta.com/archives/101096.html,True
0109,記念日・できごと（できごと）,新両国国技館が落成,1985年。東京・両国に今の国技館が完成し、大相撲が再び両国へ戻ってきた,https://zatsuneta.com/archives/a0109.html,True
0110,誕生石（月）,ガーネット,,全国宝石卸商協同組合 2021年12月改定（デイリースポーツ https://www.daily.co.jp/society/life/2021/12/20/0014929848.shtml ほか。work/knowledge/10_誕生日もの.md）,True
0110,誕生色,新橋色,しんばしいろ／#59B9C6／明るい青緑。地中でわずかに動き始めた泉の色（水泉動にちなむ）,当サイト独自の選び方（七十二候にちなむ日本の伝統色。work/knowledge/10_誕生日もの.md）・色の値：https://www.colordic.org/colorsample/2084,True
0110,誕生日石,ガーネット,1月の誕生石。実りの象徴とされ、旅人が身を守るお守りにしたと伝わる。変わらぬ友情や努力を支える石と言われる。,当サイト独自の選び方（誕生石・デーカンの支配星・誕生色から、販売されている石。work/knowledge/10_誕生日もの.md）・販売例：https://store.karatz.jp/en/products/12560127,True
0110,誕生花,レンギョウ,花ことば：豊かな希望,一般財団法人日本花普及センター「誕生花・花ことば366」（長野県 https://www.pref.nagano.lg.jp/enchiku/sangyo/nogyo/engei-suisan/kaki/documents/hanakotoba.pdf・source/birthday/hanakotoba.pdf を2回読み比べて書き起こし）,True
0110,記念日・できごと（記念日）,110番の日,緊急通報の番号にちなみ、110番の正しい使い方を知ってもらう日,https://zatsuneta.com/archives/101101.html,True
0110,記念日・できごと（記念日）,糸引き納豆の日,「い(1)と(10)」で糸。ねばねばの納豆を食べて元気をつける日,https://zatsuneta.com/archives/101106.html,True
0110,記念日・できごと（行事）,十日戎,商売繁盛を願って、えびす様に参る年の初めのにぎやかな縁日,https://zatsuneta.com/archives/a0110.html,True
0111,誕生石（月）,ガーネット,,全国宝石卸商協同組合 2021年12月改定（デイリースポーツ https://www.daily.co.jp/society/life/2021/12/20/0014929848.shtml ほか。work/knowledge/10_誕生日もの.md）,True
0111,誕生色,青碧,せいへき／#478384／青みの碧。静かに見えて内に流れを秘める水（水泉動にちなむ）,当サイト独自の選び方（七十二候にちなむ日本の伝統色。work/knowledge/10_誕生日もの.md）・色の値：https://www.colordic.org/colorsample/2451,True
0111,誕生日石,オパール,デーカンの支配星・水星の石。虹のような遊色を持ち、ローマではあらゆる宝石の美しさを併せ持つ石とたたえられた。希望の石とされる。,当サイト独自の選び方（誕生石・デーカンの支配星・誕生色から、販売されている石。work/knowledge/10_誕生日もの.md）・販売例：https://store.karatz.jp/products/12525814,True
0111,誕生花,ミスミソウ,花ことば：内緒,一般財団法人日本花普及センター「誕生花・花ことば366」（長野県 https://www.pref.nagano.lg.jp/enchiku/sangyo/nogyo/engei-suisan/kaki/documents/hanakotoba.pdf・source/birthday/hanakotoba.pdf を2回読み比べて書き起こし）,True
0111,記念日・できごと（行事）,鏡開き,お供えの鏡餅を下ろし、お汁粉などにして一年の健康を願う,https://zatsuneta.com/archives/101111.html,True
0111,記念日・できごと（記念日）,塩の日,上杉謙信が武田方の領民に塩を送った故事にちなむ。思いやりの象徴,https://zatsuneta.com/archives/101114.html,True
0111,記念日・できごと（記念日）,イラストレーションの日,絵を描く楽しさやイラストの魅力を広めるための記念日,https://zatsuneta.com/archives/10111a3.html,True
0112,誕生石（月）,ガーネット,,全国宝石卸商協同組合 2021年12月改定（デイリースポーツ https://www.daily.co.jp/society/life/2021/12/20/0014929848.shtml ほか。work/knowledge/10_誕生日もの.md）,True
0112,誕生色,浅縹,あさはなだ／#84B9CB／淡い縹色。凍った泉の表面に残るひんやりした青（水泉動にちなむ）,当サイト独自の選び方（七十二候にちなむ日本の伝統色。work/knowledge/10_誕生日もの.md）・色の値：https://www.colordic.org/colorsample/2088,True
0112,誕生日石,カーネリアン,デーカンの支配星・水星の石。古代エジプトで勇気の石とされ、行動する力や意欲を高めると言われる。,当サイト独自の選び方（誕生石・デーカンの支配星・誕生色から、販売されている石。work/knowledge/10_誕生日もの.md）・販売例：https://item.rakuten.co.jp/gravel/brac-amtw-or01/,True
0112,誕生花,キンセンカ(黄),花ことば：繊細な美しさ,一般財団法人日本花普及センター「誕生花・花ことば366」（長野県 https://www.pref.nagano.lg.jp/enchiku/sangyo/nogyo/engei-suisan/kaki/documents/hanakotoba.pdf・source/birthday/hanakotoba.pdf を2回読み比べて書き起こし）,True
0112,記念日・できごと（できごと）,スキー記念日,1911年。新潟・高田でレルヒ少佐が日本で初めて本格的なスキーを指導した日,https://zatsuneta.com/archives/a0112.html,True
0112,記念日・できごと（記念日）,いいねの日,「い(1)い(1)ね(2)」の語呂合わせ。身近な人にエールを送る日,https://zatsuneta.com/archives/101127.html,True
0113,誕生石（月）,ガーネット,,全国宝石卸商協同組合 2021年12月改定（デイリースポーツ https://www.daily.co.jp/society/life/2021/12/20/0014929848.shtml ほか。work/knowledge/10_誕生日もの.md）,True
0113,誕生色,縹色,はなだいろ／#2792C3／藍染の明るい青。氷の内側で生まれた水の流れ（水泉動にちなむ）,当サイト独自の選び方（七十二候にちなむ日本の伝統色。work/knowledge/10_誕生日もの.md）・色の値：https://www.colordic.org/colorsample/2080,True
0113,誕生日石,アゲート,デーカンの支配星・水星の石。縞模様の美しい石で、古代から護符に使われ、心身の調和を保つ石とされる。,当サイト独自の選び方（誕生石・デーカンの支配星・誕生色から、販売されている石。work/knowledge/10_誕生日もの.md）・販売例：https://minne.com/items/36978931,True
0113,誕生花,スイセン(白),花ことば：自己愛,一般財団法人日本花普及センター「誕生花・花ことば366」（長野県 https://www.pref.nagano.lg.jp/enchiku/sangyo/nogyo/engei-suisan/kaki/documents/hanakotoba.pdf・source/birthday/hanakotoba.pdf を2回読み比べて書き起こし）,True
0113,記念日・できごと（できごと）,咸臨丸出航記念日,1860年。咸臨丸が品川沖から出航。日本の船による初の太平洋横断へ向かった,https://zatsuneta.com/archives/101133.html,True
0113,記念日・できごと（記念日）,伊達のあんぽ柿の日,福島・伊達の名産、とろりと甘いあんぽ柿をPRする冬の記念日,https://zatsuneta.com/archives/a0113.html,True
0114,誕生石（月）,ガーネット,,全国宝石卸商協同組合 2021年12月改定（デイリースポーツ https://www.daily.co.jp/society/life/2021/12/20/0014929848.shtml ほか。work/knowledge/10_誕生日もの.md）,True
0114,誕生色,白群,びゃくぐん／#83CCD2／白みの群青。氷の下でかすかにゆらぐ清水の色（水泉動にちなむ）,当サイト独自の選び方（七十二候にちなむ日本の伝統色。work/knowledge/10_誕生日もの.md）・色の値：https://www.colordic.org/colorsample/2087,True
0114,誕生日石,フローライト,デーカンの支配星・水星の石。『天才の石』とも呼ばれ、考えを整理し、集中を助ける石と言われる。,当サイト独自の選び方（誕生石・デーカンの支配星・誕生色から、販売されている石。work/knowledge/10_誕生日もの.md）・販売例：https://www.creema.jp/item/21087266/detail,True
0114,誕生花,サフラン,花ことば：ひかえめな美,一般財団法人日本花普及センター「誕生花・花ことば366」（長野県 https://www.pref.nagano.lg.jp/enchiku/sangyo/nogyo/engei-suisan/kaki/documents/hanakotoba.pdf・source/birthday/hanakotoba.pdf を2回読み比べて書き起こし）,True
0114,記念日・できごと（できごと）,タロとジロの日,1959年。南極に残された2頭の犬が昭和基地で生きて見つかった、希望の日,https://zatsuneta.com/archives/101141.html,True
0114,記念日・できごと（行事）,左義長,正月飾りや書き初めを燃やす小正月の火祭り。どんど焼きとも呼ばれる,https://zatsuneta.com/archives/101142.html,True
0114,記念日・できごと（記念日）,褒め言葉カードの日,「いい(1)よ(4)」の語呂合わせ。家族や仲間をほめて感謝を伝える日,https://zatsuneta.com/archives/101144.html,True
0115,誕生石（月）,ガーネット,,全国宝石卸商協同組合 2021年12月改定（デイリースポーツ https://www.daily.co.jp/society/life/2021/12/20/0014929848.shtml ほか。work/knowledge/10_誕生日もの.md）,True
0115,誕生色,緋色,ひいろ／#D3381C／鮮やかな赤。雉のおすの顔の赤い肉垂にちなむ（雉始雊にちなむ）,当サイト独自の選び方（七十二候にちなむ日本の伝統色。work/knowledge/10_誕生日もの.md）・色の値：https://www.colordic.org/colorsample/2267,True
0115,誕生日石,カーネリアン,デーカンの支配星・水星の石・誕生色（緋色）に近い赤系。古代エジプトで勇気の石とされ、行動する力や意欲を高めると言われる。,当サイト独自の選び方（誕生石・デーカンの支配星・誕生色から、販売されている石。work/knowledge/10_誕生日もの.md）・販売例：https://item.rakuten.co.jp/gravel/brac-amtw-or01/,True
0115,誕生花,スミレ(白),花ことば：あどけない恋,一般財団法人日本花普及センター「誕生花・花ことば366」（長野県 https://www.pref.nagano.lg.jp/enchiku/sangyo/nogyo/engei-suisan/kaki/documents/hanakotoba.pdf・source/birthday/hanakotoba.pdf を2回読み比べて書き起こし）,True
0115,記念日・できごと（行事）,小正月,元日の大正月に対する節目の日。小豆粥を食べて豊作や健康を願う,https://zatsuneta.com/archives/101151.html,True
0115,記念日・できごと（記念日）,手洗いの日,「いい(1)て(1)あらい(5)」の語呂合わせ。手洗い習慣を見直す日,https://zatsuneta.com/archives/101155.html,True
0115,記念日・できごと（記念日）,半襟の日,着物の襟もとを彩る半襟の魅力を知ってもらうための記念日,https://zatsuneta.com/archives/101153.html,True
0116,誕生石（月）,ガーネット,,全国宝石卸商協同組合 2021年12月改定（デイリースポーツ https://www.daily.co.jp/society/life/2021/12/20/0014929848.shtml ほか。work/knowledge/10_誕生日もの.md）,True
0116,誕生色,猩々緋,しょうじょうひ／#E2041B／強く鮮やかな赤。はっきり声を上げる雉の勇ましさ（雉始雊にちなむ）,当サイト独自の選び方（七十二候にちなむ日本の伝統色。work/knowledge/10_誕生日もの.md）・色の値：https://www.colordic.org/w,True
0116,誕生日石,アベンチュリン,デーカンの支配星・水星の石。きらめく緑から『幸運の石』と呼ばれ、穏やかさとチャンスを招くと言われる。,当サイト独自の選び方（誕生石・デーカンの支配星・誕生色から、販売されている石。work/knowledge/10_誕生日もの.md）・販売例：https://minne.com/items/16573062,True
0116,誕生花,ジンチョウゲ,花ことば：永遠,一般財団法人日本花普及センター「誕生花・花ことば366」（長野県 https://www.pref.nagano.lg.jp/enchiku/sangyo/nogyo/engei-suisan/kaki/documents/hanakotoba.pdf・source/birthday/hanakotoba.pdf を2回読み比べて書き起こし）,True
0116,記念日・できごと（行事）,薮入り,住み込みの奉公人が休みをもらい、実家に帰ることができた日,https://zatsuneta.com/archives/101161.html,True
0116,記念日・できごと（記念日）,ヒーローの日,「ヒ(1)ー(1)ロー(6)」の語呂合わせ。身近なヒーローに感謝する日,https://zatsuneta.com/archives/101169.html,True
0116,記念日・できごと（できごと）,日本初のスケート場が開場,1876年。横浜に日本で初めての「氷すべり場」がオープンした日,https://zatsuneta.com/archives/a0116.html,True
0117,誕生石（月）,ガーネット,,全国宝石卸商協同組合 2021年12月改定（デイリースポーツ https://www.daily.co.jp/society/life/2021/12/20/0014929848.shtml ほか。work/knowledge/10_誕生日もの.md）,True
0117,誕生色,朱色,しゅいろ／#EB6101／朱の色。雉のおすの目元を彩る鮮やかな赤い肌（雉始雊にちなむ）,当サイト独自の選び方（七十二候にちなむ日本の伝統色。work/knowledge/10_誕生日もの.md）・色の値：https://www.colordic.org/colorsample/2245,True
0117,誕生日石,ソーダライト,デーカンの支配星・水星の石。深い青に白い筋が入り、理性的に考え、思いを言葉にするのを助ける石とされる。,当サイト独自の選び方（誕生石・デーカンの支配星・誕生色から、販売されている石。work/knowledge/10_誕生日もの.md）・販売例：https://www.creema.jp/item/7350471/detail,True
0117,誕生花,シンビジューム,花ことば：高貴な美人,一般財団法人日本花普及センター「誕生花・花ことば366」（長野県 https://www.pref.nagano.lg.jp/enchiku/sangyo/nogyo/engei-suisan/kaki/documents/hanakotoba.pdf・source/birthday/hanakotoba.pdf を2回読み比べて書き起こし）,True
0117,記念日・できごと（記念日）,おむすびの日,お米のおいしさと、人と人を結ぶおむすびの温かさを伝える日,https://zatsuneta.com/archives/101172.html,True
0117,記念日・できごと（記念日）,今月今夜の月の日,小説『金色夜叉』の名ぜりふ「今月今夜のこの月を」にちなむ日,https://zatsuneta.com/archives/101179.html,True
0118,誕生石（月）,ガーネット,,全国宝石卸商協同組合 2021年12月改定（デイリースポーツ https://www.daily.co.jp/society/life/2021/12/20/0014929848.shtml ほか。work/knowledge/10_誕生日もの.md）,True
0118,誕生色,鶯茶,うぐいすちゃ／#715C1F／鶯の羽の茶。巣を守る雉のめすの地味な羽の色（雉始雊にちなむ）,当サイト独自の選び方（七十二候にちなむ日本の伝統色。work/knowledge/10_誕生日もの.md）・色の値：https://www.colordic.org/colorsample/2152,True
0118,誕生日石,ラブラドライト,デーカンの支配星・水星の石。角度で青や金に光り、カナダの先住民にはオーロラが閉じ込められた石と伝わる。直感の石とされる。,当サイト独自の選び方（誕生石・デーカンの支配星・誕生色から、販売されている石。work/knowledge/10_誕生日もの.md）・販売例：https://www.creema.jp/item/16248173/detail,True
0118,誕生花,サンシュユ,花ことば：気丈な愛,一般財団法人日本花普及センター「誕生花・花ことば366」（長野県 https://www.pref.nagano.lg.jp/enchiku/sangyo/nogyo/engei-suisan/kaki/documents/hanakotoba.pdf・source/birthday/hanakotoba.pdf を2回読み比べて書き起こし）,True
0118,記念日・できごと（できごと）,都バス開業の日,1924年。東京市営の乗合バスが走り始め、今の都バスにつながった日,https://zatsuneta.com/archives/101182.html,True
0118,記念日・できごと（記念日）,118番の日,海の事件や事故の通報先「118番」を広く知ってもらうための日,https://zatsuneta.com/archives/101187.html,True
0118,記念日・できごと（行事）,初観音,毎月18日の観音様の縁日のうち、新年最初の縁日。参拝客でにぎわう,https://zatsuneta.com/archives/101181.html,True
0119,誕生石（月）,ガーネット,,全国宝石卸商協同組合 2021年12月改定（デイリースポーツ https://www.daily.co.jp/society/life/2021/12/20/0014929848.shtml ほか。work/knowledge/10_誕生日もの.md）,True
0119,誕生色,照柿,てりがき／#EB6238／熟した柿の照り。雉の銅色に光る羽にちなむ（雉始雊にちなむ）,当サイト独自の選び方（七十二候にちなむ日本の伝統色。work/knowledge/10_誕生日もの.md）・色の値：https://www.colordic.org/w,True
0119,誕生日石,ガーネット,1月の誕生石・誕生色（照柿）に近い赤系。実りの象徴とされ、旅人が身を守るお守りにしたと伝わる。変わらぬ友情や努力を支える石と言われる。,当サイト独自の選び方（誕生石・デーカンの支配星・誕生色から、販売されている石。work/knowledge/10_誕生日もの.md）・販売例：https://store.karatz.jp/en/products/12560127,True
0119,誕生花,スイセン(黄),花ことば：感じやすい心,一般財団法人日本花普及センター「誕生花・花ことば366」（長野県 https://www.pref.nagano.lg.jp/enchiku/sangyo/nogyo/engei-suisan/kaki/documents/hanakotoba.pdf・source/birthday/hanakotoba.pdf を2回読み比べて書き起こし）,True
0119,記念日・できごと（できごと）,のど自慢の日,1946年。ラジオで素人参加の歌番組が始まり、長く愛される番組となった日,https://zatsuneta.com/archives/101191.html,True
0119,記念日・できごと（記念日）,空気清浄機の日,「い(1)い(1)空(9)気」の語呂合わせ。きれいな空気を考える日,https://zatsuneta.com/archives/10119a2.html,True
0119,記念日・できごと（記念日）,家庭用消火器点検の日,「119」にちなみ、家の消火器が使えるか確かめる日,https://zatsuneta.com/archives/101192.html,True
0120,誕生石（月）,ガーネット,,全国宝石卸商協同組合 2021年12月改定（デイリースポーツ https://www.daily.co.jp/society/life/2021/12/20/0014929848.shtml ほか。work/knowledge/10_誕生日もの.md）,True
0120,誕生色,鶸萌黄,ひわもえぎ／#82AE46／鶸色を帯びた萌黄。雪から出たふきのとうの緑（款冬華にちなむ）,当サイト独自の選び方（七十二候にちなむ日本の伝統色。work/knowledge/10_誕生日もの.md）・色の値：https://www.colordic.org/colorsample/2458,True
0120,誕生日石,フローライト,デーカンの支配星・水星の石・誕生色（鶸萌黄）に近い緑系。『天才の石』とも呼ばれ、考えを整理し、集中を助ける石と言われる。,当サイト独自の選び方（誕生石・デーカンの支配星・誕生色から、販売されている石。work/knowledge/10_誕生日もの.md）・販売例：https://www.creema.jp/item/21087266/detail,True
0120,誕生花,スハマソウ,花ことば：慕われる人,一般財団法人日本花普及センター「誕生花・花ことば366」（長野県 https://www.pref.nagano.lg.jp/enchiku/sangyo/nogyo/engei-suisan/kaki/documents/hanakotoba.pdf・source/birthday/hanakotoba.pdf を2回読み比べて書き起こし）,True
0120,記念日・できごと（行事）,二十日正月,正月の飾りやごちそうを片付け、お正月行事を締めくくる日,https://zatsuneta.com/archives/101201.html,True
0120,記念日・できごと（記念日）,海外団体旅行の日,1965年。日本で初めての海外パック旅行が発売され、海外旅行が身近になった,https://zatsuneta.com/archives/101207.html,True
0120,記念日・できごと（できごと）,丸ノ内線が開業,1954年。池袋〜御茶ノ水間が開業。戦後初めての地下鉄として街を変えた,https://zatsuneta.com/archives/a0120.html,True
0121,誕生石（月）,ガーネット,,全国宝石卸商協同組合 2021年12月改定（デイリースポーツ https://www.daily.co.jp/society/life/2021/12/20/0014929848.shtml ほか。work/knowledge/10_誕生日もの.md）,True
0121,誕生色,苗色,なえいろ／#B0CA71／苗のような黄緑。雪の下から顔を出すつぼみ（款冬華にちなむ）,当サイト独自の選び方（七十二候にちなむ日本の伝統色。work/knowledge/10_誕生日もの.md）・色の値：https://www.colordic.org/colorsample/2130,True
0121,誕生日石,アマゾナイト,デーカンの支配星・天王星の石・誕生色（苗色）に近い緑系。アマゾン川にちなむ名を持ち、希望と自由な発想をもたらす石と言われる。,当サイト独自の選び方（誕生石・デーカンの支配星・誕生色から、販売されている石。work/knowledge/10_誕生日もの.md）・販売例：https://www.creema.jp/item/7350471/detail,True
0121,誕生花,ユキヤナギ,花ことば：静かな思い,一般財団法人日本花普及センター「誕生花・花ことば366」（長野県 https://www.pref.nagano.lg.jp/enchiku/sangyo/nogyo/engei-suisan/kaki/documents/hanakotoba.pdf・source/birthday/hanakotoba.pdf を2回読み比べて書き起こし）,True
0121,記念日・できごと（記念日）,スイートピーの日,「1・2・1」の並びにちなみ、春を告げるスイートピーを贈る日,https://zatsuneta.com/archives/10121a1.html,True
0121,記念日・できごと（記念日）,ライバルが手を結ぶ日,1866年。対立していた薩摩と長州が手を結んだ故事にちなむ、和解の日,https://zatsuneta.com/archives/101213.html,True
0121,記念日・できごと（記念日）,料理番組の日,家庭に料理の楽しさを届けてきたテレビの料理番組にちなむ日,https://zatsuneta.com/archives/101211.html,True
0122,誕生石（月）,ガーネット,,全国宝石卸商協同組合 2021年12月改定（デイリースポーツ https://www.daily.co.jp/society/life/2021/12/20/0014929848.shtml ほか。work/knowledge/10_誕生日もの.md）,True
0122,誕生色,柳染,やなぎぞめ／#93B881／柳の葉の淡い緑。いち早く春を告げる芽吹き（款冬華にちなむ）,当サイト独自の選び方（七十二候にちなむ日本の伝統色。work/knowledge/10_誕生日もの.md）・色の値：https://www.colordic.org/w,True
0122,誕生日石,アクアマリン,デーカンの支配星・天王星の石。海の水の名を持ち、船乗りが航海の無事を祈った石と伝わる。穏やかな心と幸せな結婚の象徴とされる。,当サイト独自の選び方（誕生石・デーカンの支配星・誕生色から、販売されている石。work/knowledge/10_誕生日もの.md）・販売例：https://wowma.jp/item/319959950,True
0122,誕生花,アネモネ,花ことば：君を愛す,一般財団法人日本花普及センター「誕生花・花ことば366」（長野県 https://www.pref.nagano.lg.jp/enchiku/sangyo/nogyo/engei-suisan/kaki/documents/hanakotoba.pdf・source/birthday/hanakotoba.pdf を2回読み比べて書き起こし）,True
0122,記念日・できごと（記念日）,カレーの日,1982年。全国の学校給食でいっせいにカレーが出たことにちなむ日,https://zatsuneta.com/archives/101221.html,True
0122,記念日・できごと（記念日）,ジャズの日,JAZZの文字が「1・22」に見えることから。ジャズを楽しむ日,https://netlab.click/todayis/0122,True
0123,誕生石（月）,ガーネット,,全国宝石卸商協同組合 2021年12月改定（デイリースポーツ https://www.daily.co.jp/society/life/2021/12/20/0014929848.shtml ほか。work/knowledge/10_誕生日もの.md）,True
0123,誕生色,薄萌葱,うすもえぎ／#BADCAD／淡い萌葱色。ふきのとうを包む柔らかな苞の色（款冬華にちなむ）,当サイト独自の選び方（七十二候にちなむ日本の伝統色。work/knowledge/10_誕生日もの.md）・色の値：https://www.colordic.org/colorsample/2422,True
0123,誕生日石,アマゾナイト,デーカンの支配星・天王星の石・誕生色（薄萌葱）に近い緑系。アマゾン川にちなむ名を持ち、希望と自由な発想をもたらす石と言われる。,当サイト独自の選び方（誕生石・デーカンの支配星・誕生色から、販売されている石。work/knowledge/10_誕生日もの.md）・販売例：https://www.creema.jp/item/7350471/detail,True
0123,誕生花,ネコヤナギ,花ことば：自由な心,一般財団法人日本花普及センター「誕生花・花ことば366」（長野県 https://www.pref.nagano.lg.jp/enchiku/sangyo/nogyo/engei-suisan/kaki/documents/hanakotoba.pdf・source/birthday/hanakotoba.pdf を2回読み比べて書き起こし）,True
0123,記念日・できごと（記念日）,電子メールの日,「1・2・3」を「いい文(ふみ)」と読み、メールの活用を考える日,https://zatsuneta.com/archives/101231.html,True
0123,記念日・できごと（旬）,寒ぶり,冬の荒波で脂がのった寒ぶりが一番おいしくなる季節,,False
0123,記念日・できごと（記念日）,アーモンドの日,1日の目安とされる約23粒にちなみ、香ばしいアーモンドを味わう日。,https://zatsuneta.com/archives/101235.html,True
0124,誕生石（月）,ガーネット,,全国宝石卸商協同組合 2021年12月改定（デイリースポーツ https://www.daily.co.jp/society/life/2021/12/20/0014929848.shtml ほか。work/knowledge/10_誕生日もの.md）,True
0124,誕生色,青白橡,あおしろつるばみ／#9BA88D／青みの白橡。雪解けの土にのぞく小さな芽の色（款冬華にちなむ）,当サイト独自の選び方（七十二候にちなむ日本の伝統色。work/knowledge/10_誕生日もの.md）・色の値：https://www.colordic.org/colorsample/2124,True
0124,誕生日石,ラブラドライト,デーカンの支配星・天王星の石・誕生色（青白橡）に近い灰系。角度で青や金に光り、カナダの先住民にはオーロラが閉じ込められた石と伝わる。直感の石とされる。,当サイト独自の選び方（誕生石・デーカンの支配星・誕生色から、販売されている石。work/knowledge/10_誕生日もの.md）・販売例：https://www.creema.jp/item/16248173/detail,True
0124,誕生花,ハナキリン,花ことば：独立,一般財団法人日本花普及センター「誕生花・花ことば366」（長野県 https://www.pref.nagano.lg.jp/enchiku/sangyo/nogyo/engei-suisan/kaki/documents/hanakotoba.pdf・source/birthday/hanakotoba.pdf を2回読み比べて書き起こし）,True
0124,記念日・できごと（できごと）,郵便制度施行記念日,1871年。前島密の考えた近代郵便のしくみが、国の制度として始まった日にちなむ,https://netlab.click/todayis/0124,True
0124,記念日・できごと（旬）,寒仕込み,寒さで雑菌が少ない時期に、みそや酒を仕込む昔ながらの知恵,,False
0124,記念日・できごと（記念日）,ボーイスカウト創立記念日,野外活動を通じて子どもたちを育てる、ボーイスカウトの始まりにちなむ日。,https://netlab.click/todayis/0124,True
0125,誕生石（月）,ガーネット,,全国宝石卸商協同組合 2021年12月改定（デイリースポーツ https://www.daily.co.jp/society/life/2021/12/20/0014929848.shtml ほか。work/knowledge/10_誕生日もの.md）,True
0125,誕生色,瑠璃色,るりいろ／#1E50A2／瑠璃の深い青。厚く凍りついた山の沢の氷の色（水沢腹堅にちなむ）,当サイト独自の選び方（七十二候にちなむ日本の伝統色。work/knowledge/10_誕生日もの.md）・色の値：https://www.colordic.org/colorsample/2069,True
0125,誕生日石,ホークスアイ,デーカンの支配星・天王星の石・誕生色（瑠璃色）に近い藍系。鷹の目のように広く遠くを見渡す力を授け、冷静な判断を助ける石と言われる。,当サイト独自の選び方（誕生石・デーカンの支配星・誕生色から、販売されている石。work/knowledge/10_誕生日もの.md）・販売例：https://www.creema.jp/item/15619401/detail,True
0125,誕生花,ツバキ(白),花ことば：申し分のない魅力,一般財団法人日本花普及センター「誕生花・花ことば366」（長野県 https://www.pref.nagano.lg.jp/enchiku/sangyo/nogyo/engei-suisan/kaki/documents/hanakotoba.pdf・source/birthday/hanakotoba.pdf を2回読み比べて書き起こし）,True
0125,記念日・できごと（記念日）,中華まんの日,一年で最も寒いころ。ほかほかの中華まんで温まろうという日,https://zatsuneta.com/archives/101254.html,True
0125,記念日・できごと（行事）,初天神,毎月25日の天神様の縁日のうち新年最初の日。学業成就を願う人でにぎわう,,False
0126,誕生石（月）,ガーネット,,全国宝石卸商協同組合 2021年12月改定（デイリースポーツ https://www.daily.co.jp/society/life/2021/12/20/0014929848.shtml ほか。work/knowledge/10_誕生日もの.md）,True
0126,誕生色,瑠璃紺,るりこん／#19448E／紺に近い瑠璃色。芯まで凍りつく沢の水の深さ（水沢腹堅にちなむ）,当サイト独自の選び方（七十二候にちなむ日本の伝統色。work/knowledge/10_誕生日もの.md）・色の値：https://www.colordic.org/colorsample/2070,True
0126,誕生日石,アパタイト,デーカンの支配星・天王星の石。ほかの鉱物と間違われやすいことから『惑わす』の意の名を持ち、目標へ向かう意欲を高める石と言われる。,当サイト独自の選び方（誕生石・デーカンの支配星・誕生色から、販売されている石。work/knowledge/10_誕生日もの.md）・販売例：https://www.creema.jp/item/16207008/detail,True
0126,誕生花,ヒヤシンス(白),花ことば：心静かな愛,一般財団法人日本花普及センター「誕生花・花ことば366」（長野県 https://www.pref.nagano.lg.jp/enchiku/sangyo/nogyo/engei-suisan/kaki/documents/hanakotoba.pdf・source/birthday/hanakotoba.pdf を2回読み比べて書き起こし）,True
0126,記念日・できごと（できごと）,有料駐車場の日,1959年。東京で日本初とされる有料駐車場ができたことにちなむ日,https://netlab.click/todayis/0126,True
0126,記念日・できごと（旬）,寒稽古,寒さの厳しい時期に武道や芸ごとの稽古をして心身を鍛える習わし,,False
0127,誕生石（月）,ガーネット,,全国宝石卸商協同組合 2021年12月改定（デイリースポーツ https://www.daily.co.jp/society/life/2021/12/20/0014929848.shtml ほか。work/knowledge/10_誕生日もの.md）,True
0127,誕生色,紺碧,こんぺき／#007BBB／深い青。冬の澄みきった空を映して凍った沢（水沢腹堅にちなむ）,当サイト独自の選び方（七十二候にちなむ日本の伝統色。work/knowledge/10_誕生日もの.md）・色の値：https://www.colordic.org/colorsample/2077,True
0127,誕生日石,アクアマリン,デーカンの支配星・天王星の石・誕生色（紺碧）に近い青系。海の水の名を持ち、船乗りが航海の無事を祈った石と伝わる。穏やかな心と幸せな結婚の象徴とされる。,当サイト独自の選び方（誕生石・デーカンの支配星・誕生色から、販売されている石。work/knowledge/10_誕生日もの.md）・販売例：https://wowma.jp/item/319959950,True
0127,誕生花,デージー(紫),花ことば：純粋,一般財団法人日本花普及センター「誕生花・花ことば366」（長野県 https://www.pref.nagano.lg.jp/enchiku/sangyo/nogyo/engei-suisan/kaki/documents/hanakotoba.pdf・source/birthday/hanakotoba.pdf を2回読み比べて書き起こし）,True
0127,記念日・できごと（できごと）,国旗制定記念日,1870年。日の丸が日本の船の印として定められたことにちなむ日,https://zatsuneta.com/archives/101271.html,True
0127,記念日・できごと（できごと）,求婚の日,1883年。新聞に日本で初めてとされる結婚相手募集の広告が載った日,https://zatsuneta.com/category/anniversary01.html,True
0128,誕生石（月）,ガーネット,,全国宝石卸商協同組合 2021年12月改定（デイリースポーツ https://www.daily.co.jp/society/life/2021/12/20/0014929848.shtml ほか。work/knowledge/10_誕生日もの.md）,True
0128,誕生色,青藍,せいらん／#274A78／藍よりも濃い青。一年でもっとも寒い大寒の時期（水沢腹堅にちなむ）,当サイト独自の選び方（七十二候にちなむ日本の伝統色。work/knowledge/10_誕生日もの.md）・色の値：https://www.colordic.org/colorsample/2063,True
0128,誕生日石,アパタイト,デーカンの支配星・天王星の石・誕生色（青藍）に近い青系。ほかの鉱物と間違われやすいことから『惑わす』の意の名を持ち、目標へ向かう意欲を高める石と言われる。,当サイト独自の選び方（誕生石・デーカンの支配星・誕生色から、販売されている石。work/knowledge/10_誕生日もの.md）・販売例：https://www.creema.jp/item/16207008/detail,True
0128,誕生花,ネモフィラ,花ことば：他人思い,一般財団法人日本花普及センター「誕生花・花ことば366」（長野県 https://www.pref.nagano.lg.jp/enchiku/sangyo/nogyo/engei-suisan/kaki/documents/hanakotoba.pdf・source/birthday/hanakotoba.pdf を2回読み比べて書き起こし）,True
0128,記念日・できごと（旬）,水仙,寒さの中で凛と咲き、甘い香りを放つ水仙が見ごろの時期,,False
0128,記念日・できごと（旬）,寒の水,寒の内に汲む水は腐りにくいとされ、薬や酒造りに重宝された,,False
0129,誕生石（月）,ガーネット,,全国宝石卸商協同組合 2021年12月改定（デイリースポーツ https://www.daily.co.jp/society/life/2021/12/20/0014929848.shtml ほか。work/knowledge/10_誕生日もの.md）,True
0129,誕生色,紺色,こんいろ／#223A70／濃い青。ゆるがない信念を表す落ち着いた色（水沢腹堅にちなむ）,当サイト独自の選び方（七十二候にちなむ日本の伝統色。work/knowledge/10_誕生日もの.md）・色の値：https://www.colordic.org/colorsample/2071,True
0129,誕生日石,ホークスアイ,デーカンの支配星・天王星の石・誕生色（紺色）に近い藍系。鷹の目のように広く遠くを見渡す力を授け、冷静な判断を助ける石と言われる。,当サイト独自の選び方（誕生石・デーカンの支配星・誕生色から、販売されている石。work/knowledge/10_誕生日もの.md）・販売例：https://www.creema.jp/item/15619401/detail,True
0129,誕生花,コブシ,花ことば：友情,一般財団法人日本花普及センター「誕生花・花ことば366」（長野県 https://www.pref.nagano.lg.jp/enchiku/sangyo/nogyo/engei-suisan/kaki/documents/hanakotoba.pdf・source/birthday/hanakotoba.pdf を2回読み比べて書き起こし）,True
0129,記念日・できごと（できごと）,昭和基地開設記念日,1957年。日本の南極観測隊が東オングル島に上陸し、昭和基地を開いた日,https://zatsuneta.com/archives/101291.html,True
0129,記念日・できごと（旬）,ふきのとう,雪の下から顔を出すふきのとう。ほろ苦さが春の訪れを知らせる,,False
0130,誕生石（月）,ガーネット,,全国宝石卸商協同組合 2021年12月改定（デイリースポーツ https://www.daily.co.jp/society/life/2021/12/20/0014929848.shtml ほか。work/knowledge/10_誕生日もの.md）,True
0130,誕生色,卵色,たまごいろ／#FCD575／卵の黄身の色。鶏が卵を産み始める季節の色（鶏始乳にちなむ）,当サイト独自の選び方（七十二候にちなむ日本の伝統色。work/knowledge/10_誕生日もの.md）・色の値：https://www.colordic.org/w,True
0130,誕生日石,水晶,デーカンの支配星・天王星の石。古くから世界中で神聖視され、他の石の力を高め、心身を清めるとされてきた。,当サイト独自の選び方（誕生石・デーカンの支配星・誕生色から、販売されている石。work/knowledge/10_誕生日もの.md）・販売例：https://www.creema.jp/item/16248173/detail,True
0130,誕生花,ムスカリ,花ことば：明るい未来,一般財団法人日本花普及センター「誕生花・花ことば366」（長野県 https://www.pref.nagano.lg.jp/enchiku/sangyo/nogyo/engei-suisan/kaki/documents/hanakotoba.pdf・source/birthday/hanakotoba.pdf を2回読み比べて書き起こし）,True
0130,記念日・できごと（できごと）,3分間電話の日,1970年。公衆電話の市内通話が3分10円になったことにちなむ日,https://zatsuneta.com/category/anniversary01.html,True
0130,記念日・できごと（旬）,牡蠣,身がふっくら太り、うまみが濃くなる冬の牡蠣が食べごろ,,False
0131,誕生石（月）,ガーネット,,全国宝石卸商協同組合 2021年12月改定（デイリースポーツ https://www.daily.co.jp/society/life/2021/12/20/0014929848.shtml ほか。work/knowledge/10_誕生日もの.md）,True
0131,誕生色,紅緋,べにひ／#E83929／黄みの紅。鶏のとさかの鮮やかな赤にちなむ（鶏始乳にちなむ）,当サイト独自の選び方（七十二候にちなむ日本の伝統色。work/knowledge/10_誕生日もの.md）・色の値：https://www.colordic.org/colorsample/2268,True
0131,誕生日石,カーネリアン,デーカンの支配星・水星の石・誕生色（紅緋）に近い赤系。古代エジプトで勇気の石とされ、行動する力や意欲を高めると言われる。,当サイト独自の選び方（誕生石・デーカンの支配星・誕生色から、販売されている石。work/knowledge/10_誕生日もの.md）・販売例：https://item.rakuten.co.jp/gravel/brac-amtw-or01/,True
0131,誕生花,マンサク,花ことば：感じやすさ,一般財団法人日本花普及センター「誕生花・花ことば366」（長野県 https://www.pref.nagano.lg.jp/enchiku/sangyo/nogyo/engei-suisan/kaki/documents/hanakotoba.pdf・source/birthday/hanakotoba.pdf を2回読み比べて書き起こし）,True
0131,記念日・できごと（記念日）,愛妻の日,「1(アイ)31(さい)」の語呂合わせ。妻に感謝を伝える日,https://zatsuneta.com/archives/101313.html,True
0131,記念日・できごと（できごと）,生命保険の日,1882年。日本で初めて生命保険金が支払われたことにちなむ日,https://zatsuneta.com/archives/101312.html,True
0201,誕生石（月）,アメシスト・クリソベリル・キャッツアイ,,全国宝石卸商協同組合 2021年12月改定（デイリースポーツ https://www.daily.co.jp/society/life/2021/12/20/0014929848.shtml ほか。work/knowledge/10_誕生日もの.md）,True
0201,誕生色,淡黄,たんこう／#F8E58C／淡い黄色。生まれたばかりのひよこの羽の色（鶏始乳にちなむ）,当サイト独自の選び方（七十二候にちなむ日本の伝統色。work/knowledge/10_誕生日もの.md）・色の値：https://www.colordic.org/colorsample/2164,True
0201,誕生日石,クリソベリル・キャッツアイ,2月の誕生石・誕生色（淡黄）に近い黄系。光の筋が猫の目のように動くことから、魔よけや見通しのよさをもたらす石とされてきた。,当サイト独自の選び方（誕生石・デーカンの支配星・誕生色から、販売されている石。work/knowledge/10_誕生日もの.md）・販売例：https://store.karatz.jp/en/collections/chrysoberyl?page=1,True
0201,誕生花,マーガレット,花ことば：心に秘めた愛,一般財団法人日本花普及センター「誕生花・花ことば366」（長野県 https://www.pref.nagano.lg.jp/enchiku/sangyo/nogyo/engei-suisan/kaki/documents/hanakotoba.pdf・source/birthday/hanakotoba.pdf を2回読み比べて書き起こし）,True
0201,記念日・できごと（できごと）,テレビ放送記念日,1953年。NHKが日本で初めてテレビの本放送を始めた日,https://netlab.click/todayis/0201,True
0201,記念日・できごと（旬）,寒椿,冬枯れの庭を赤や白で彩る寒椿が見ごろを迎える,,False
0201,記念日・できごと（記念日）,琉球王国建国記念の日,かつて沖縄に栄えた琉球王国の歴史と文化に思いをはせる記念日。,https://netlab.click/todayis/0201,True
0202,誕生石（月）,アメシスト・クリソベリル・キャッツアイ,,全国宝石卸商協同組合 2021年12月改定（デイリースポーツ https://www.daily.co.jp/society/life/2021/12/20/0014929848.shtml ほか。work/knowledge/10_誕生日もの.md）,True
0202,誕生色,浅黄,うすき／#EDD3A1／ごく淡い黄。春の近さを感じる大寒の日差しの色（鶏始乳にちなむ）,当サイト独自の選び方（七十二候にちなむ日本の伝統色。work/knowledge/10_誕生日もの.md）・色の値：https://www.colordic.org/w,True
0202,誕生日石,アメシスト,2月の誕生石。古代ギリシャでは酔いから守る石とされた。心を静め、誠実な愛を守る石と言い伝えられる。,当サイト独自の選び方（誕生石・デーカンの支配星・誕生色から、販売されている石。work/knowledge/10_誕生日もの.md）・販売例：https://item.rakuten.co.jp/powerstone-lulu/c/0000000239/,True
0202,誕生花,フリージア(白),花ことば：あどけなさ,一般財団法人日本花普及センター「誕生花・花ことば366」（長野県 https://www.pref.nagano.lg.jp/enchiku/sangyo/nogyo/engei-suisan/kaki/documents/hanakotoba.pdf・source/birthday/hanakotoba.pdf を2回読み比べて書き起こし）,True
0202,記念日・できごと（記念日）,頭痛の日,「ず(2)つう(2)」の語呂合わせ。頭痛について正しく知る日,https://netlab.click/todayis/0202,True
0202,記念日・できごと（記念日）,夫婦の日,「ふう(2)ふ(2)」の語呂合わせ。夫婦でいたわり合う日,,False
0202,記念日・できごと（記念日）,くちびるの日,乾燥しやすい冬に、くちびるのうるおいを守るケアを見直す日。,https://zatsuneta.com/archives/10202a4.html,True
0203,誕生石（月）,アメシスト・クリソベリル・キャッツアイ,,全国宝石卸商協同組合 2021年12月改定（デイリースポーツ https://www.daily.co.jp/society/life/2021/12/20/0014929848.shtml ほか。work/knowledge/10_誕生日もの.md）,True
0203,誕生色,杏色,あんずいろ／#F7B977／杏の実の色。新しい命を育む巣の温かさの色（鶏始乳にちなむ）,当サイト独自の選び方（七十二候にちなむ日本の伝統色。work/knowledge/10_誕生日もの.md）・色の値：https://www.colordic.org/w,True
0203,誕生日石,クリソベリル・キャッツアイ,2月の誕生石。光の筋が猫の目のように動くことから、魔よけや見通しのよさをもたらす石とされてきた。,当サイト独自の選び方（誕生石・デーカンの支配星・誕生色から、販売されている石。work/knowledge/10_誕生日もの.md）・販売例：https://store.karatz.jp/en/collections/chrysoberyl?page=1,True
0203,誕生花,ツバキ(赤),花ことば：気どらない優美,一般財団法人日本花普及センター「誕生花・花ことば366」（長野県 https://www.pref.nagano.lg.jp/enchiku/sangyo/nogyo/engei-suisan/kaki/documents/hanakotoba.pdf・source/birthday/hanakotoba.pdf を2回読み比べて書き起こし）,True
0203,記念日・できごと（記念日）,乳酸菌の日,「にゅう(2)さん(3)」の語呂合わせ。おなかの健康を考える日,https://zatsuneta.com/archives/102035.html,True
0203,記念日・できごと（旬）,みかん,こたつで食べるみかんが甘さを増す、冬の果物の代表格,,False
0204,誕生石（月）,アメシスト・クリソベリル・キャッツアイ,,全国宝石卸商協同組合 2021年12月改定（デイリースポーツ https://www.daily.co.jp/society/life/2021/12/20/0014929848.shtml ほか。work/knowledge/10_誕生日もの.md）,True
0204,誕生色,白藍,しらあい／#C1E4E9／春風にゆるんだ氷の下からのぞく、ごく淡い水の青（東風解凍にちなむ）,当サイト独自の選び方（七十二候にちなむ日本の伝統色。work/knowledge/10_誕生日もの.md）・色の値：https://www.colordic.org/w,True
0204,誕生日石,アメシスト,2月の誕生石。古代ギリシャでは酔いから守る石とされた。心を静め、誠実な愛を守る石と言い伝えられる。,当サイト独自の選び方（誕生石・デーカンの支配星・誕生色から、販売されている石。work/knowledge/10_誕生日もの.md）・販売例：https://item.rakuten.co.jp/powerstone-lulu/c/0000000239/,True
0204,誕生花,ボケ,花ことば：魅惑的な恋,一般財団法人日本花普及センター「誕生花・花ことば366」（長野県 https://www.pref.nagano.lg.jp/enchiku/sangyo/nogyo/engei-suisan/kaki/documents/hanakotoba.pdf・source/birthday/hanakotoba.pdf を2回読み比べて書き起こし）,True
0204,記念日・できごと（旬）,にしん,「春告魚」とも呼ばれ、北の海に春の訪れを知らせる魚,,False
0204,記念日・できごと（旬）,寒梅,寒さの中でいち早くほころぶ梅のつぼみが、春の近さを知らせる,,False
0205,誕生石（月）,アメシスト・クリソベリル・キャッツアイ,,全国宝石卸商協同組合 2021年12月改定（デイリースポーツ https://www.daily.co.jp/society/life/2021/12/20/0014929848.shtml ほか。work/knowledge/10_誕生日もの.md）,True
0205,誕生色,瓶覗,かめのぞき／#A2D7DD／解けはじめた池の水面に、うっすら映りこむ早春の空（東風解凍にちなむ）,当サイト独自の選び方（七十二候にちなむ日本の伝統色。work/knowledge/10_誕生日もの.md）・色の値：https://www.colordic.org/colorsample/2090,True
0205,誕生日石,オパール,デーカンの支配星・水星の石。虹のような遊色を持ち、ローマではあらゆる宝石の美しさを併せ持つ石とたたえられた。希望の石とされる。,当サイト独自の選び方（誕生石・デーカンの支配星・誕生色から、販売されている石。work/knowledge/10_誕生日もの.md）・販売例：https://store.karatz.jp/products/12525814,True
0205,誕生花,サクラソウ,花ことば：少年時代の希望,一般財団法人日本花普及センター「誕生花・花ことば366」（長野県 https://www.pref.nagano.lg.jp/enchiku/sangyo/nogyo/engei-suisan/kaki/documents/hanakotoba.pdf・source/birthday/hanakotoba.pdf を2回読み比べて書き起こし）,True
0205,記念日・できごと（できごと）,プロ野球の日,1936年。日本職業野球連盟ができ、日本のプロ野球が歩み始めた日,https://netlab.click/todayis/0205,True
0205,記念日・できごと（旬）,寒しじみ,冬のしじみは身が締まり、みそ汁にするとうまみが濃い,,False
0205,記念日・できごと（記念日）,笑顔の日,「ニ(2)コ(5)ニコ」の語呂にちなみ、笑顔をみんなで分け合う日。,https://zatsuneta.com/archives/102055.html,True
0206,誕生石（月）,アメシスト・クリソベリル・キャッツアイ,,全国宝石卸商協同組合 2021年12月改定（デイリースポーツ https://www.daily.co.jp/society/life/2021/12/20/0014929848.shtml ほか。work/knowledge/10_誕生日もの.md）,True
0206,誕生色,水浅葱,みずあさぎ／#80ABA9／東風に揺れはじめた水面が見せる、ひんやりした青緑（東風解凍にちなむ）,当サイト独自の選び方（七十二候にちなむ日本の伝統色。work/knowledge/10_誕生日もの.md）・色の値：https://www.colordic.org/colorsample/2100,True
0206,誕生日石,アゲート,デーカンの支配星・水星の石。縞模様の美しい石で、古代から護符に使われ、心身の調和を保つ石とされる。,当サイト独自の選び方（誕生石・デーカンの支配星・誕生色から、販売されている石。work/knowledge/10_誕生日もの.md）・販売例：https://minne.com/items/36978931,True
0206,誕生花,スミレ(黄),花ことば：つつましい幸せ,一般財団法人日本花普及センター「誕生花・花ことば366」（長野県 https://www.pref.nagano.lg.jp/enchiku/sangyo/nogyo/engei-suisan/kaki/documents/hanakotoba.pdf・source/birthday/hanakotoba.pdf を2回読み比べて書き起こし）,True
0206,記念日・できごと（記念日）,海苔の日,大宝律令で海苔が献上品に定められたことにちなむ日,https://zatsuneta.com/archives/102061.html,True
0206,記念日・できごと（記念日）,抹茶の日,茶道で使う「風炉」にちなむ語呂合わせ。抹茶を味わう日,https://zatsuneta.com/archives/102062.html,True
0207,誕生石（月）,アメシスト・クリソベリル・キャッツアイ,,全国宝石卸商協同組合 2021年12月改定（デイリースポーツ https://www.daily.co.jp/society/life/2021/12/20/0014929848.shtml ほか。work/knowledge/10_誕生日もの.md）,True
0207,誕生色,東雲色,しののめいろ／#F19072／東の空から春風が吹く夜明けの、ほのかな朝焼け色（東風解凍にちなむ）,当サイト独自の選び方（七十二候にちなむ日本の伝統色。work/knowledge/10_誕生日もの.md）・色の値：https://www.colordic.org/colorsample/2249,True
0207,誕生日石,アベンチュリン,デーカンの支配星・水星の石。きらめく緑から『幸運の石』と呼ばれ、穏やかさとチャンスを招くと言われる。,当サイト独自の選び方（誕生石・デーカンの支配星・誕生色から、販売されている石。work/knowledge/10_誕生日もの.md）・販売例：https://minne.com/items/16573062,True
0207,誕生花,ウメ,花ことば：高潔な心,一般財団法人日本花普及センター「誕生花・花ことば366」（長野県 https://www.pref.nagano.lg.jp/enchiku/sangyo/nogyo/engei-suisan/kaki/documents/hanakotoba.pdf・source/birthday/hanakotoba.pdf を2回読み比べて書き起こし）,True
0207,記念日・できごと（旬）,せり,シャキッとした歯ざわりと香りのせりが、鍋やおひたしでおいしい季節,,False
0207,記念日・できごと（旬）,梅の開花,暖かい地方から梅の便りが届き始め、春の歩みを感じる頃,,False
0207,記念日・できごと（記念日）,長野の日（オリンピックメモリアルデー）,長野で冬季オリンピックが開幕した日にちなみ、雪と氷の祭典を思い出す日。,https://netlab.click/todayis/0207,True
0208,誕生石（月）,アメシスト・クリソベリル・キャッツアイ,,全国宝石卸商協同組合 2021年12月改定（デイリースポーツ https://www.daily.co.jp/society/life/2021/12/20/0014929848.shtml ほか。work/knowledge/10_誕生日もの.md）,True
0208,誕生色,白群,びゃくぐん／#83CCD2／雪解け水が流れ出した川の、澄みきった明るい青（東風解凍にちなむ）,当サイト独自の選び方（七十二候にちなむ日本の伝統色。work/knowledge/10_誕生日もの.md）・色の値：https://www.colordic.org/colorsample/2087,True
0208,誕生日石,ソーダライト,デーカンの支配星・水星の石。深い青に白い筋が入り、理性的に考え、思いを言葉にするのを助ける石とされる。,当サイト独自の選び方（誕生石・デーカンの支配星・誕生色から、販売されている石。work/knowledge/10_誕生日もの.md）・販売例：https://www.creema.jp/item/7350471/detail,True
0208,誕生花,ストック(ピンク),花ことば：ふくよかな愛情,一般財団法人日本花普及センター「誕生花・花ことば366」（長野県 https://www.pref.nagano.lg.jp/enchiku/sangyo/nogyo/engei-suisan/kaki/documents/hanakotoba.pdf・source/birthday/hanakotoba.pdf を2回読み比べて書き起こし）,True
0208,記念日・できごと（できごと）,郵便マークの日,1887年。郵便のマーク「〒」が定められたことにちなむ日,https://zatsuneta.com/archives/102083.html,True
0208,記念日・できごと（記念日）,つばきの日,冬から春にかけて赤や白の花を咲かせる、つばきの美しさに親しむ日。,https://zatsuneta.com/archives/102084.html,True
0209,誕生石（月）,アメシスト・クリソベリル・キャッツアイ,,全国宝石卸商協同組合 2021年12月改定（デイリースポーツ https://www.daily.co.jp/society/life/2021/12/20/0014929848.shtml ほか。work/knowledge/10_誕生日もの.md）,True
0209,誕生色,鶯色,うぐいすいろ／#928C36／山里で鳴きはじめたうぐいすの、羽そのものの渋い緑（黄鶯睍睆にちなむ）,当サイト独自の選び方（七十二候にちなむ日本の伝統色。work/knowledge/10_誕生日もの.md）・色の値：https://www.colordic.org/colorsample/2146,True
0209,誕生日石,クリソベリル・キャッツアイ,2月の誕生石・誕生色（鶯色）に近い黄系。光の筋が猫の目のように動くことから、魔よけや見通しのよさをもたらす石とされてきた。,当サイト独自の選び方（誕生石・デーカンの支配星・誕生色から、販売されている石。work/knowledge/10_誕生日もの.md）・販売例：https://store.karatz.jp/en/collections/chrysoberyl?page=1,True
0209,誕生花,ゼンマイ,花ことば：秘めたる若さ,一般財団法人日本花普及センター「誕生花・花ことば366」（長野県 https://www.pref.nagano.lg.jp/enchiku/sangyo/nogyo/engei-suisan/kaki/documents/hanakotoba.pdf・source/birthday/hanakotoba.pdf を2回読み比べて書き起こし）,True
0209,記念日・できごと（記念日）,ふくの日,「ふ(2)く(9)」の語呂合わせ。福を呼ぶふぐを味わう日,,False
0209,記念日・できごと（記念日）,肉の日,「に(2)く(9)」の語呂合わせ。お肉を食べて元気をつける日,https://netlab.click/todayis/0209,True
0209,記念日・できごと（記念日）,服の日,「ふ(2)く(9)」の語呂から、毎日着る服の楽しみ方や手入れを見直す日。,https://zatsuneta.com/archives/102092.html,True
0210,誕生石（月）,アメシスト・クリソベリル・キャッツアイ,,全国宝石卸商協同組合 2021年12月改定（デイリースポーツ https://www.daily.co.jp/society/life/2021/12/20/0014929848.shtml ほか。work/knowledge/10_誕生日もの.md）,True
0210,誕生色,紅梅色,こうばいいろ／#F2A0A1／うぐいすが声を聞かせに訪れる、紅梅の明るい花（黄鶯睍睆にちなむ）,当サイト独自の選び方（七十二候にちなむ日本の伝統色。work/knowledge/10_誕生日もの.md）・色の値：https://www.colordic.org/colorsample/2025,True
0210,誕生日石,ローズクォーツ,デーカンの支配星・金星の石・誕生色（紅梅色）に近い桃系。愛と美の女神にゆかりがあるとされ、恋愛や自分を大切にする心を育てる石と言われる。,当サイト独自の選び方（誕生石・デーカンの支配星・誕生色から、販売されている石。work/knowledge/10_誕生日もの.md）・販売例：https://www.creema.jp/item/20881454/detail,True
0210,誕生花,エリカ,花ことば：博愛,一般財団法人日本花普及センター「誕生花・花ことば366」（長野県 https://www.pref.nagano.lg.jp/enchiku/sangyo/nogyo/engei-suisan/kaki/documents/hanakotoba.pdf・source/birthday/hanakotoba.pdf を2回読み比べて書き起こし）,True
0210,記念日・できごと（記念日）,ニットの日,「ニ(2)ット(10)」の語呂合わせ。暖かなニットの良さを知る日,https://netlab.click/todayis/0210,True
0210,記念日・できごと（記念日）,ふとんの日,「ふ(2)とん(10)」の語呂合わせ。寝具を見直してよく眠る日,https://netlab.click/todayis/0210,True
0211,誕生石（月）,アメシスト・クリソベリル・キャッツアイ,,全国宝石卸商協同組合 2021年12月改定（デイリースポーツ https://www.daily.co.jp/society/life/2021/12/20/0014929848.shtml ほか。work/knowledge/10_誕生日もの.md）,True
0211,誕生色,梅鼠,うめねず／#C099A0／春先のかすんだ空気の中に咲く、梅の灰がかった紅（黄鶯睍睆にちなむ）,当サイト独自の選び方（七十二候にちなむ日本の伝統色。work/knowledge/10_誕生日もの.md）・色の値：https://www.colordic.org/colorsample/2022,True
0211,誕生日石,ダイヤモンド,デーカンの支配星・金星の石。『征服できない』という意味の名を持ち、永遠の絆や揺るがない意志の象徴とされる。,当サイト独自の選び方（誕生石・デーカンの支配星・誕生色から、販売されている石。work/knowledge/10_誕生日もの.md）・販売例：https://store.shopping.yahoo.co.jp/lecoeur/birthday04k.html,True
0211,誕生花,カルミヤ,花ことば：大きな希望,一般財団法人日本花普及センター「誕生花・花ことば366」（長野県 https://www.pref.nagano.lg.jp/enchiku/sangyo/nogyo/engei-suisan/kaki/documents/hanakotoba.pdf・source/birthday/hanakotoba.pdf を2回読み比べて書き起こし）,True
0211,記念日・できごと（旬）,梅見,各地の梅園がほころび始め、ひと足早い春の花見を楽しめる,,False
0211,記念日・できごと（旬）,いよかん,香り高くジューシーないよかんが出回る、愛媛の冬の味覚,,False
0211,記念日・できごと（記念日）,わんこそば記念日,岩手名物、おかわりが次々と注がれるわんこそばを楽しむ記念日。,https://netlab.click/todayis/0211,True
0211,記念日・できごと（記念日）,文化勲章制定記念日,学問や芸術で大きな功績をあげた人をたたえる、文化勲章の始まりにちなむ日。,https://netlab.click/todayis/0211,True
0212,誕生石（月）,アメシスト・クリソベリル・キャッツアイ,,全国宝石卸商協同組合 2021年12月改定（デイリースポーツ https://www.daily.co.jp/society/life/2021/12/20/0014929848.shtml ほか。work/knowledge/10_誕生日もの.md）,True
0212,誕生色,青丹,あおに／#99AB4E／うぐいすが鳴く芽吹き前の山里の、くすんだ若緑（黄鶯睍睆にちなむ）,当サイト独自の選び方（七十二候にちなむ日本の伝統色。work/knowledge/10_誕生日もの.md）・色の値：https://www.colordic.org/colorsample/2145,True
0212,誕生日石,エメラルド,デーカンの支配星・金星の石・誕生色（青丹）に近い緑系。若葉のような緑から再生と希望の象徴とされ、クレオパトラが愛した石と伝わる。,当サイト独自の選び方（誕生石・デーカンの支配星・誕生色から、販売されている石。work/knowledge/10_誕生日もの.md）・販売例：https://www.creema.jp/item/18576293/detail,True
0212,誕生花,プリムラマラコイデス,花ことば：気どらない愛,一般財団法人日本花普及センター「誕生花・花ことば366」（長野県 https://www.pref.nagano.lg.jp/enchiku/sangyo/nogyo/engei-suisan/kaki/documents/hanakotoba.pdf・source/birthday/hanakotoba.pdf を2回読み比べて書き起こし）,True
0212,記念日・できごと（できごと）,レトルトカレー発売の日,1968年。日本初のレトルト食品のカレーが発売され、温めるだけの食事が広まった日。,https://zatsuneta.com/archives/102122.html,True
0212,記念日・できごと（旬）,菜の花,ほろ苦い菜の花のおひたしが食卓に春を運んでくる季節,,False
0213,誕生石（月）,アメシスト・クリソベリル・キャッツアイ,,全国宝石卸商協同組合 2021年12月改定（デイリースポーツ https://www.daily.co.jp/society/life/2021/12/20/0014929848.shtml ほか。work/knowledge/10_誕生日もの.md）,True
0213,誕生色,薄紅梅,うすこうばい／#E597B2／寒さの残る庭先でほころびはじめる、淡い梅の花（黄鶯睍睆にちなむ）,当サイト独自の選び方（七十二候にちなむ日本の伝統色。work/knowledge/10_誕生日もの.md）・色の値：https://www.colordic.org/colorsample/2420,True
0213,誕生日石,ロードナイト,デーカンの支配星・金星の石・誕生色（薄紅梅）に近い桃系。ばら色に黒い模様が入り、人との縁を穏やかに結び直す石と言われる。,当サイト独自の選び方（誕生石・デーカンの支配星・誕生色から、販売されている石。work/knowledge/10_誕生日もの.md）・販売例：https://www.creema.jp/item/4549844/detail,True
0213,誕生花,イワレンゲ,花ことば：豊かな才能,一般財団法人日本花普及センター「誕生花・花ことば366」（長野県 https://www.pref.nagano.lg.jp/enchiku/sangyo/nogyo/engei-suisan/kaki/documents/hanakotoba.pdf・source/birthday/hanakotoba.pdf を2回読み比べて書き起こし）,True
0213,記念日・できごと（できごと）,苗字制定記念日,1875年。すべての国民が苗字を名乗ることになったことにちなむ日,,False
0213,記念日・できごと（旬）,わかさぎ釣り,凍った湖に穴をあけて釣るわかさぎ釣りが盛りを迎える,,False
0213,記念日・できごと（記念日）,日本遺産の日,各地に受け継がれる歴史や文化の物語、日本遺産に親しむ日。,https://netlab.click/todayis/0213,True
0213,記念日・できごと（記念日）,世界ラジオデー,声と音楽で人をつなぐラジオの役割を見つめる、ユネスコの国際デー。,https://netlab.click/todayis/0213,True
0214,誕生石（月）,アメシスト・クリソベリル・キャッツアイ,,全国宝石卸商協同組合 2021年12月改定（デイリースポーツ https://www.daily.co.jp/society/life/2021/12/20/0014929848.shtml ほか。work/knowledge/10_誕生日もの.md）,True
0214,誕生色,銀鼠,ぎんねず／#AFAFB0／割れた氷のすき間で跳ねる、魚のうろこが放つ銀（魚上氷にちなむ）,当サイト独自の選び方（七十二候にちなむ日本の伝統色。work/knowledge/10_誕生日もの.md）・色の値：https://www.colordic.org/w,True
0214,誕生日石,ヘマタイト,誕生色（銀鼠）に近い灰系。粉にすると赤くなる鉄の鉱物で、古代の戦士が身を守るお守りにしたと伝わる。,当サイト独自の選び方（誕生石・デーカンの支配星・誕生色から、販売されている石。work/knowledge/10_誕生日もの.md）・販売例：https://www.creema.jp/item/16278090/detail,True
0214,誕生花,フリージア(黄),花ことば：純潔,一般財団法人日本花普及センター「誕生花・花ことば366」（長野県 https://www.pref.nagano.lg.jp/enchiku/sangyo/nogyo/engei-suisan/kaki/documents/hanakotoba.pdf・source/birthday/hanakotoba.pdf を2回読み比べて書き起こし）,True
0214,記念日・できごと（行事）,バレンタインデー,大切な人へチョコレートや贈り物で気持ちを伝える日,https://zatsuneta.com/category/anniversary02.html,True
0214,記念日・できごと（旬）,ぽんかん,甘みが強く皮もむきやすいぽんかんが食べごろの季節,,False
0215,誕生石（月）,アメシスト・クリソベリル・キャッツアイ,,全国宝石卸商協同組合 2021年12月改定（デイリースポーツ https://www.daily.co.jp/society/life/2021/12/20/0014929848.shtml ほか。work/knowledge/10_誕生日もの.md）,True
0215,誕生色,錆浅葱,さびあさぎ／#5C9291／氷の下で魚がゆっくり動き出す、深い水の青緑（魚上氷にちなむ）,当サイト独自の選び方（七十二候にちなむ日本の伝統色。work/knowledge/10_誕生日もの.md）・色の値：https://www.colordic.org/colorsample/2094,True
0215,誕生日石,サファイア,誕生色（錆浅葱）に近い青系。天の青を映す石とされ、誠実さと慈愛の象徴。中世の聖職者が身につけたと伝わる。,当サイト独自の選び方（誕生石・デーカンの支配星・誕生色から、販売されている石。work/knowledge/10_誕生日もの.md）・販売例：https://www.creema.jp/item/3016761/detail,True
0215,誕生花,ジャスティシア,花ことば：熱意,一般財団法人日本花普及センター「誕生花・花ことば366」（長野県 https://www.pref.nagano.lg.jp/enchiku/sangyo/nogyo/engei-suisan/kaki/documents/hanakotoba.pdf・source/birthday/hanakotoba.pdf を2回読み比べて書き起こし）,True
0215,記念日・できごと（旬）,早春の白魚,透きとおった白魚が出回り、春の訪れを感じさせる,,False
0215,記念日・できごと（旬）,雪まつりの季節,雪や氷の像が並ぶ雪国のまつりで、冬の景色を楽しめる時期,,False
0215,記念日・できごと（記念日）,全日本スキー連盟設立の日,日本のスキー競技をまとめる連盟の設立にちなみ、雪山の季節を楽しむ日。,https://netlab.click/todayis/0215,True
0215,記念日・できごと（記念日）,春一番名付けの日,春先に吹く強い南風を「春一番」と呼ぶようになったことにちなむ日。,https://netlab.click/todayis/0215,True
0216,誕生石（月）,アメシスト・クリソベリル・キャッツアイ,,全国宝石卸商協同組合 2021年12月改定（デイリースポーツ https://www.daily.co.jp/society/life/2021/12/20/0014929848.shtml ほか。work/knowledge/10_誕生日もの.md）,True
0216,誕生色,浅葱色,あさぎいろ／#00A3AF／氷を破って跳ね上がった魚のまわりの、澄んだしぶき（魚上氷にちなむ）,当サイト独自の選び方（七十二候にちなむ日本の伝統色。work/knowledge/10_誕生日もの.md）・色の値：https://www.colordic.org/colorsample/2093,True
0216,誕生日石,ターコイズ,誕生色（浅葱色）に近い青系。世界で最も古くから使われた宝石の一つで、旅の安全や身を守るお守りとされてきた。,当サイト独自の選び方（誕生石・デーカンの支配星・誕生色から、販売されている石。work/knowledge/10_誕生日もの.md）・販売例：https://store.shopping.yahoo.co.jp/beadsner/turcno11b.html,True
0216,誕生花,ラッパスイセン,花ことば：あなたを待つ,一般財団法人日本花普及センター「誕生花・花ことば366」（長野県 https://www.pref.nagano.lg.jp/enchiku/sangyo/nogyo/engei-suisan/kaki/documents/hanakotoba.pdf・source/birthday/hanakotoba.pdf を2回読み比べて書き起こし）,True
0216,記念日・できごと（できごと）,天気図記念日,1883年。日本で初めて天気図が作られたことにちなむ日,https://zatsuneta.com/archives/102161.html,True
0216,記念日・できごと（旬）,春キャベツ,巻きがゆるくやわらかな春キャベツが出回り始める,,False
0216,記念日・できごと（記念日）,寒天の日,冬の寒さを生かしてつくられる寒天。ヘルシーで身近な和の食材を味わう日。,https://netlab.click/todayis/0216,True
0217,誕生石（月）,アメシスト・クリソベリル・キャッツアイ,,全国宝石卸商協同組合 2021年12月改定（デイリースポーツ https://www.daily.co.jp/society/life/2021/12/20/0014929848.shtml ほか。work/knowledge/10_誕生日もの.md）,True
0217,誕生色,藍鼠,あいねず／#6C848D／氷がところどころ残る川面に映る、冬の名残の灰青（魚上氷にちなむ）,当サイト独自の選び方（七十二候にちなむ日本の伝統色。work/knowledge/10_誕生日もの.md）・色の値：https://www.colordic.org/colorsample/2095,True
0217,誕生日石,スモーキークォーツ,誕生色（藍鼠）に近い灰系。煙のような茶色の水晶で、心を落ち着かせ、地に足をつける石と言われる。,当サイト独自の選び方（誕生石・デーカンの支配星・誕生色から、販売されている石。work/knowledge/10_誕生日もの.md）・販売例：https://www.creema.jp/item/16278090/detail,True
0217,誕生花,スノーフレーク,花ことば：慈愛,一般財団法人日本花普及センター「誕生花・花ことば366」（長野県 https://www.pref.nagano.lg.jp/enchiku/sangyo/nogyo/engei-suisan/kaki/documents/hanakotoba.pdf・source/birthday/hanakotoba.pdf を2回読み比べて書き起こし）,True
0217,記念日・できごと（旬）,金柑,皮ごと食べられる甘酸っぱい金柑が、ちょうど食べごろの季節,,False
0217,記念日・できごと（旬）,木の芽,木々の芽がふくらみ始め、山に春の気配が満ちてくる,,False
0217,記念日・できごと（記念日）,天使の囁きの日,1978年。北海道の厳しい冷え込みで見られる、きらめくダイヤモンドダストにちなむ日。,https://netlab.click/todayis/0217,True
0217,記念日・できごと（記念日）,ガチャの日,カプセルが転がり出る楽しさ、日本で親しまれるカプセル玩具にちなむ日。,https://netlab.click/todayis/0217,True
0218,誕生石（月）,アメシスト・クリソベリル・キャッツアイ,,全国宝石卸商協同組合 2021年12月改定（デイリースポーツ https://www.daily.co.jp/society/life/2021/12/20/0014929848.shtml ほか。work/knowledge/10_誕生日もの.md）,True
0218,誕生色,鉛色,なまりいろ／#7B7C7D／魚が下から押し上げる、割れかけた厚い氷の灰色（魚上氷にちなむ）,当サイト独自の選び方（七十二候にちなむ日本の伝統色。work/knowledge/10_誕生日もの.md）・色の値：https://www.colordic.org/w,True
0218,誕生日石,ダルメシアンジャスパー,誕生色（鉛色）に近い灰系。ダルメシアン犬のような斑点を持ち、遊び心と明るさを呼ぶ石と言われる。,当サイト独自の選び方（誕生石・デーカンの支配星・誕生色から、販売されている石。work/knowledge/10_誕生日もの.md）・販売例：https://www.creema.jp/item/7772393/detail,True
0218,誕生花,キンギョソウ,花ことば：清純な心,一般財団法人日本花普及センター「誕生花・花ことば366」（長野県 https://www.pref.nagano.lg.jp/enchiku/sangyo/nogyo/engei-suisan/kaki/documents/hanakotoba.pdf・source/birthday/hanakotoba.pdf を2回読み比べて書き起こし）,True
0218,記念日・できごと（できごと）,冥王星の日,1930年。アメリカの天文学者トンボーが冥王星を発見した日,https://zatsuneta.com/archives/102183.html,True
0218,記念日・できごと（記念日）,エアメールの日,海を越えて手紙を運ぶ航空郵便の始まりにちなみ、遠くの人へ便りを出す日。,https://netlab.click/todayis/0218,True
0219,誕生石（月）,アメシスト・クリソベリル・キャッツアイ,,全国宝石卸商協同組合 2021年12月改定（デイリースポーツ https://www.daily.co.jp/society/life/2021/12/20/0014929848.shtml ほか。work/knowledge/10_誕生日もの.md）,True
0219,誕生色,土器色,かわらけいろ／#C37854／春の雨をたっぷり吸ってやわらいだ、田畑の土の色（土脉潤起にちなむ）,当サイト独自の選び方（七十二候にちなむ日本の伝統色。work/knowledge/10_誕生日もの.md）・色の値：https://www.colordic.org/colorsample/2209,True
0219,誕生日石,トパーズ,誕生色（土器色）に近い橙系。名は『探し求める』の意とも言われ、希望や友情、誠実さの象徴とされる。,当サイト独自の選び方（誕生石・デーカンの支配星・誕生色から、販売されている石。work/knowledge/10_誕生日もの.md）・販売例：https://item.rakuten.co.jp/tanodiamond/c/0000000596/,True
0219,誕生花,プリムラポリアンサス,花ことば：可憐な生き方,一般財団法人日本花普及センター「誕生花・花ことば366」（長野県 https://www.pref.nagano.lg.jp/enchiku/sangyo/nogyo/engei-suisan/kaki/documents/hanakotoba.pdf・source/birthday/hanakotoba.pdf を2回読み比べて書き起こし）,True
0219,記念日・できごと（できごと）,プロレスの日,1954年。日本で初めて本格的なプロレスの国際試合が開かれた日,https://netlab.click/todayis/0219,True
0219,記念日・できごと（旬）,ブロッコリー,寒さで甘みがのり、つぼみがぎゅっと締まったブロッコリーが旬,,False
0220,誕生石（月）,アメシスト・クリソベリル・キャッツアイ,,全国宝石卸商協同組合 2021年12月改定（デイリースポーツ https://www.daily.co.jp/society/life/2021/12/20/0014929848.shtml ほか。work/knowledge/10_誕生日もの.md）,True
0220,誕生色,黄土色,おうどいろ／#C39143／雪が雨に変わり、ふたたび顔を出した大地の黄土（土脉潤起にちなむ）,当サイト独自の選び方（七十二候にちなむ日本の伝統色。work/knowledge/10_誕生日もの.md）・色の値：https://www.colordic.org/colorsample/2195,True
0220,誕生日石,アメシスト,2月の誕生石・デーカンの支配星・海王星の石。古代ギリシャでは酔いから守る石とされた。心を静め、誠実な愛を守る石と言い伝えられる。,当サイト独自の選び方（誕生石・デーカンの支配星・誕生色から、販売されている石。work/knowledge/10_誕生日もの.md）・販売例：https://item.rakuten.co.jp/powerstone-lulu/c/0000000239/,True
0220,誕生花,ストック(紫),花ことば：おおらかな愛情,一般財団法人日本花普及センター「誕生花・花ことば366」（長野県 https://www.pref.nagano.lg.jp/enchiku/sangyo/nogyo/engei-suisan/kaki/documents/hanakotoba.pdf・source/birthday/hanakotoba.pdf を2回読み比べて書き起こし）,True
0220,記念日・できごと（できごと）,歌舞伎の日,1607年。出雲の阿国が歌舞伎踊りを披露したことにちなむ日,https://netlab.click/todayis/0220,True
0220,記念日・できごと（旬）,春の嵐,強い南風が吹き、季節が冬から春へ動き出すのを感じる頃,,False
0220,記念日・できごと（記念日）,旅券の日,海外旅行に欠かせないパスポートの制度にちなみ、旅の準備を考える日。,https://netlab.click/todayis/0220,True
0221,誕生石（月）,アメシスト・クリソベリル・キャッツアイ,,全国宝石卸商協同組合 2021年12月改定（デイリースポーツ https://www.daily.co.jp/society/life/2021/12/20/0014929848.shtml ほか。work/knowledge/10_誕生日もの.md）,True
0221,誕生色,涅色,くりいろ／#554738／しっとり潤った川底にたまる、黒みを帯びた泥の色（土脉潤起にちなむ）,当サイト独自の選び方（七十二候にちなむ日本の伝統色。work/knowledge/10_誕生日もの.md）・色の値：https://www.colordic.org/colorsample/2219,True
0221,誕生日石,ムーンストーン,デーカンの支配星・海王星の石。内側に浮かぶ青白い光が月を思わせ、恋人たちの石や旅のお守りとされてきた。,当サイト独自の選び方（誕生石・デーカンの支配星・誕生色から、販売されている石。work/knowledge/10_誕生日もの.md）・販売例：https://www.creema.jp/item/16968708/detail,True
0221,誕生花,スミレ(紫),花ことば：ひそかな愛,一般財団法人日本花普及センター「誕生花・花ことば366」（長野県 https://www.pref.nagano.lg.jp/enchiku/sangyo/nogyo/engei-suisan/kaki/documents/hanakotoba.pdf・source/birthday/hanakotoba.pdf を2回読み比べて書き起こし）,True
0221,記念日・できごと（できごと）,日刊新聞創刊の日,1872年。東京で最初の日刊新聞「東京日日新聞」が創刊された日,https://netlab.click/todayis/0221,True
0221,記念日・できごと（旬）,たらの芽,山菜の王様とも呼ばれるたらの芽が出回り始める,,False
0221,記念日・できごと（記念日）,漱石の日,夏目漱石が博士の称号を辞退する手紙を送った日にちなむ、文豪を思う日。,https://netlab.click/todayis/0221,True
0222,誕生石（月）,アメシスト・クリソベリル・キャッツアイ,,全国宝石卸商協同組合 2021年12月改定（デイリースポーツ https://www.daily.co.jp/society/life/2021/12/20/0014929848.shtml ほか。work/knowledge/10_誕生日もの.md）,True
0222,誕生色,枯茶,からちゃ／#8D6449／冬枯れの草の下で静かに力をためている、土の茶（土脉潤起にちなむ）,当サイト独自の選び方（七十二候にちなむ日本の伝統色。work/knowledge/10_誕生日もの.md）・色の値：https://www.colordic.org/w,True
0222,誕生日石,アメシスト,2月の誕生石・デーカンの支配星・海王星の石。古代ギリシャでは酔いから守る石とされた。心を静め、誠実な愛を守る石と言い伝えられる。,当サイト独自の選び方（誕生石・デーカンの支配星・誕生色から、販売されている石。work/knowledge/10_誕生日もの.md）・販売例：https://item.rakuten.co.jp/powerstone-lulu/c/0000000239/,True
0222,誕生花,フリージア(赤),花ことば：愛想の良さ,一般財団法人日本花普及センター「誕生花・花ことば366」（長野県 https://www.pref.nagano.lg.jp/enchiku/sangyo/nogyo/engei-suisan/kaki/documents/hanakotoba.pdf・source/birthday/hanakotoba.pdf を2回読み比べて書き起こし）,True
0222,記念日・できごと（記念日）,猫の日,1987年。「ニャン(2)ニャン(2)ニャン(2)」の語呂合わせ。猫に感謝する日,https://zatsuneta.com/archives/102221.html,True
0222,記念日・できごと（旬）,沈丁花,甘くさわやかな香りで、春がすぐそこと教えてくれる花,,False
0222,記念日・できごと（記念日）,おでんの日,湯気の立つ鍋でことこと煮込んだおでんで、冬の夜に温まる日。,https://zatsuneta.com/archives/102227.html,True
0223,誕生石（月）,アメシスト・クリソベリル・キャッツアイ,,全国宝石卸商協同組合 2021年12月改定（デイリースポーツ https://www.daily.co.jp/society/life/2021/12/20/0014929848.shtml ほか。work/knowledge/10_誕生日もの.md）,True
0223,誕生色,生壁色,なまかべいろ／#94846A／湿り気を帯びて色を深めた、塗りたての土壁の色（土脉潤起にちなむ）,当サイト独自の選び方（七十二候にちなむ日本の伝統色。work/knowledge/10_誕生日もの.md）・色の値：https://www.colordic.org/colorsample/2149,True
0223,誕生日石,セレスタイト,デーカンの支配星・海王星の石。『天空』を意味する名を持ち、空色の結晶が心を穏やかにし、安らぎを与えると言われる。,当サイト独自の選び方（誕生石・デーカンの支配星・誕生色から、販売されている石。work/knowledge/10_誕生日もの.md）・販売例：https://item.rakuten.co.jp/tesorocoltd/gs-sp-3690/,True
0223,誕生花,ヒロスムポピー,花ことば：七色の愛,一般財団法人日本花普及センター「誕生花・花ことば366」（長野県 https://www.pref.nagano.lg.jp/enchiku/sangyo/nogyo/engei-suisan/kaki/documents/hanakotoba.pdf・source/birthday/hanakotoba.pdf を2回読み比べて書き起こし）,True
0223,記念日・できごと（記念日）,富士山の日,「ふ(2)じ(2)さん(3)」の語呂合わせ。富士山の美しさを守る日,https://netlab.click/todayis/0223,True
0223,記念日・できごと（記念日）,ふろしきの日,一枚の布でなんでも包める、日本の知恵・ふろしきを見直す日。,https://netlab.click/todayis/0223,True
0224,誕生石（月）,アメシスト・クリソベリル・キャッツアイ,,全国宝石卸商協同組合 2021年12月改定（デイリースポーツ https://www.daily.co.jp/society/life/2021/12/20/0014929848.shtml ほか。work/knowledge/10_誕生日もの.md）,True
0224,誕生色,藤鼠,ふじねず／#A6A5C4／遠くの山すそにたなびく、紫がかった春霞の色（霞始靆にちなむ）,当サイト独自の選び方（七十二候にちなむ日本の伝統色。work/knowledge/10_誕生日もの.md）・色の値：https://www.colordic.org/colorsample/2433,True
0224,誕生日石,ラリマー,デーカンの支配星・海王星の石。カリブ海のドミニカで見つかった石で、海と空の色から『愛と平和の石』と呼ばれる。,当サイト独自の選び方（誕生石・デーカンの支配星・誕生色から、販売されている石。work/knowledge/10_誕生日もの.md）・販売例：https://www.rakuten.co.jp/sistina/contents/larimar/,True
0224,誕生花,アマリリス,花ことば：誇り,一般財団法人日本花普及センター「誕生花・花ことば366」（長野県 https://www.pref.nagano.lg.jp/enchiku/sangyo/nogyo/engei-suisan/kaki/documents/hanakotoba.pdf・source/birthday/hanakotoba.pdf を2回読み比べて書き起こし）,True
0224,記念日・できごと（できごと）,月光仮面登場の日,1958年。国産テレビヒーロー番組『月光仮面』の放送が始まった日,https://netlab.click/todayis/0224,True
0224,記念日・できごと（旬）,うぐいすの初鳴き,暖かい地方から、うぐいすの「ホーホケキョ」が聞こえ始める,,False
0224,記念日・できごと（記念日）,クロスカントリーの日,野山を駆けたり雪原を滑ったりする、クロスカントリーの魅力にふれる日。,https://netlab.click/todayis/0224,True
0225,誕生石（月）,アメシスト・クリソベリル・キャッツアイ,,全国宝石卸商協同組合 2021年12月改定（デイリースポーツ https://www.daily.co.jp/society/life/2021/12/20/0014929848.shtml ほか。work/knowledge/10_誕生日もの.md）,True
0225,誕生色,鳩羽色,はとばいろ／#95859C／霞の向こうにかすんで見える夕方の野の、灰紫（霞始靆にちなむ）,当サイト独自の選び方（七十二候にちなむ日本の伝統色。work/knowledge/10_誕生日もの.md）・色の値：https://www.colordic.org/colorsample/2041,True
0225,誕生日石,アメシスト,2月の誕生石・デーカンの支配星・海王星の石。古代ギリシャでは酔いから守る石とされた。心を静め、誠実な愛を守る石と言い伝えられる。,当サイト独自の選び方（誕生石・デーカンの支配星・誕生色から、販売されている石。work/knowledge/10_誕生日もの.md）・販売例：https://item.rakuten.co.jp/powerstone-lulu/c/0000000239/,True
0225,誕生花,ラナンキュラス,花ことば：晴れやかな魅力,一般財団法人日本花普及センター「誕生花・花ことば366」（長野県 https://www.pref.nagano.lg.jp/enchiku/sangyo/nogyo/engei-suisan/kaki/documents/hanakotoba.pdf・source/birthday/hanakotoba.pdf を2回読み比べて書き起こし）,True
0225,記念日・できごと（できごと）,夕刊紙の日,1969年。日本初の駅売り専門の夕刊紙が創刊されたことにちなむ日,https://zatsuneta.com/archives/102251.html,True
0225,記念日・できごと（旬）,ほうれん草,寒さにあたって甘みを増したほうれん草が、いちばんおいしい時期,,False
0226,誕生石（月）,アメシスト・クリソベリル・キャッツアイ,,全国宝石卸商協同組合 2021年12月改定（デイリースポーツ https://www.daily.co.jp/society/life/2021/12/20/0014929848.shtml ほか。work/knowledge/10_誕生日もの.md）,True
0226,誕生色,薄鼠,うすねず／#9790A4／景色の輪郭をやわらかくぼかす、淡い霞の灰色（霞始靆にちなむ）,当サイト独自の選び方（七十二候にちなむ日本の伝統色。work/knowledge/10_誕生日もの.md）・色の値：https://www.colordic.org/colorsample/2055,True
0226,誕生日石,ムーンストーン,デーカンの支配星・海王星の石。内側に浮かぶ青白い光が月を思わせ、恋人たちの石や旅のお守りとされてきた。,当サイト独自の選び方（誕生石・デーカンの支配星・誕生色から、販売されている石。work/knowledge/10_誕生日もの.md）・販売例：https://www.creema.jp/item/16968708/detail,True
0226,誕生花,ローダンセ,花ことば：情にあつい,一般財団法人日本花普及センター「誕生花・花ことば366」（長野県 https://www.pref.nagano.lg.jp/enchiku/sangyo/nogyo/engei-suisan/kaki/documents/hanakotoba.pdf・source/birthday/hanakotoba.pdf を2回読み比べて書き起こし）,True
0226,記念日・できごと（旬）,桃の花,ひな祭りを前に、やさしい桃色の花が店先に並び始める,,False
0226,記念日・できごと（旬）,さより,細身で上品な味わいのさよりが、早春においしくなる,,False
0226,記念日・できごと（できごと）,咸臨丸の日,1860年。太平洋を渡った咸臨丸がサンフランシスコに着いたことにちなむ日。,https://netlab.click/todayis/0226,True
0227,誕生石（月）,アメシスト・クリソベリル・キャッツアイ,,全国宝石卸商協同組合 2021年12月改定（デイリースポーツ https://www.daily.co.jp/society/life/2021/12/20/0014929848.shtml ほか。work/knowledge/10_誕生日もの.md）,True
0227,誕生色,白鼠,しろねず／#DCDDDD／野にたなびく霞が見せる、白くけむった明るさ（霞始靆にちなむ）,当サイト独自の選び方（七十二候にちなむ日本の伝統色。work/knowledge/10_誕生日もの.md）・色の値：https://www.colordic.org/colorsample/2380,True
0227,誕生日石,セレスタイト,デーカンの支配星・海王星の石。『天空』を意味する名を持ち、空色の結晶が心を穏やかにし、安らぎを与えると言われる。,当サイト独自の選び方（誕生石・デーカンの支配星・誕生色から、販売されている石。work/knowledge/10_誕生日もの.md）・販売例：https://item.rakuten.co.jp/tesorocoltd/gs-sp-3690/,True
0227,誕生花,ワビスケ(ピンク),花ことば：簡素,一般財団法人日本花普及センター「誕生花・花ことば366」（長野県 https://www.pref.nagano.lg.jp/enchiku/sangyo/nogyo/engei-suisan/kaki/documents/hanakotoba.pdf・source/birthday/hanakotoba.pdf を2回読み比べて書き起こし）,True
0227,記念日・できごと（旬）,春の訪れ・こぶし,白いこぶしの花が咲き始め、田植えの準備の目安とされた,,False
0227,記念日・できごと（旬）,あさり,春に向けて身がふくらみ、うまみが増すあさりの季節,,False
0227,記念日・できごと（記念日）,Pokémon Day,1996年。最初のポケモンのゲームが発売された日にちなむ、世界中で愛される冒険の日。,https://zatsuneta.com/archives/102274.html,True
0228,誕生石（月）,アメシスト・クリソベリル・キャッツアイ,,全国宝石卸商協同組合 2021年12月改定（デイリースポーツ https://www.daily.co.jp/society/life/2021/12/20/0014929848.shtml ほか。work/knowledge/10_誕生日もの.md）,True
0228,誕生色,紅藤色,べにふじいろ／#CCA6BF／朝日に染まった春霞がほんのり見せる、淡い紅紫（霞始靆にちなむ）,当サイト独自の選び方（七十二候にちなむ日本の伝統色。work/knowledge/10_誕生日もの.md）・色の値：https://www.colordic.org/colorsample/2392,True
0228,誕生日石,ラリマー,デーカンの支配星・海王星の石。カリブ海のドミニカで見つかった石で、海と空の色から『愛と平和の石』と呼ばれる。,当サイト独自の選び方（誕生石・デーカンの支配星・誕生色から、販売されている石。work/knowledge/10_誕生日もの.md）・販売例：https://www.rakuten.co.jp/sistina/contents/larimar/,True
0228,誕生花,ゲッケイジュ,花ことば：輝ける将来,一般財団法人日本花普及センター「誕生花・花ことば366」（長野県 https://www.pref.nagano.lg.jp/enchiku/sangyo/nogyo/engei-suisan/kaki/documents/hanakotoba.pdf・source/birthday/hanakotoba.pdf を2回読み比べて書き起こし）,True
0228,記念日・できごと（記念日）,ビスケットの日,1855年。水戸藩の医師が保存食としてビスケットの製法を記したことにちなむ,https://zatsuneta.com/archives/102281.html,True
0228,記念日・できごと（記念日）,織部の日,茶人・古田織部にちなみ、緑の釉が印象的な器・織部焼に親しむ日。,https://netlab.click/todayis/0228,True
0229,誕生石（月）,アメシスト・クリソベリル・キャッツアイ,,全国宝石卸商協同組合 2021年12月改定（デイリースポーツ https://www.daily.co.jp/society/life/2021/12/20/0014929848.shtml ほか。work/knowledge/10_誕生日もの.md）,True
0229,誕生色,若草色,わかくさいろ／#C3D825／土の中から顔を出したばかりの、若草の生き生きした色（草木萌動にちなむ）,当サイト独自の選び方（七十二候にちなむ日本の伝統色。work/knowledge/10_誕生日もの.md）・色の値：https://www.colordic.org/colorsample/2138,True
0229,誕生日石,クリソベリル・キャッツアイ,2月の誕生石・誕生色（若草色）に近い黄系。光の筋が猫の目のように動くことから、魔よけや見通しのよさをもたらす石とされてきた。,当サイト独自の選び方（誕生石・デーカンの支配星・誕生色から、販売されている石。work/knowledge/10_誕生日もの.md）・販売例：https://store.karatz.jp/en/collections/chrysoberyl?page=1,True
0229,誕生花,シュンラン,花ことば：純心美,一般財団法人日本花普及センター「誕生花・花ことば366」（長野県 https://www.pref.nagano.lg.jp/enchiku/sangyo/nogyo/engei-suisan/kaki/documents/hanakotoba.pdf・source/birthday/hanakotoba.pdf を2回読み比べて書き起こし）,True
0301,誕生石（月）,アクアマリン・サンゴ・ブラッドストーン・アイオライト,,全国宝石卸商協同組合 2021年12月改定（デイリースポーツ https://www.daily.co.jp/society/life/2021/12/20/0014929848.shtml ほか。work/knowledge/10_誕生日もの.md）,True
0301,誕生色,淡萌黄,うすもえぎ／#93CA76／うっすらと緑が差しはじめた野原の、やさしい色（草木萌動にちなむ）,当サイト独自の選び方（七十二候にちなむ日本の伝統色。work/knowledge/10_誕生日もの.md）・色の値：https://www.colordic.org/w,True
0301,誕生日石,ブラッドストーン,3月の誕生石・誕生色（淡萌黄）に近い緑系。緑の地に赤い斑点が入り、勇気と粘り強さを与える石として兵士が身につけたと伝わる。,当サイト独自の選び方（誕生石・デーカンの支配星・誕生色から、販売されている石。work/knowledge/10_誕生日もの.md）・販売例：https://www.creema.jp/item/10372787/detail,True
0301,誕生花,プリムラオブコニカ,花ことば：幸福感,一般財団法人日本花普及センター「誕生花・花ことば366」（長野県 https://www.pref.nagano.lg.jp/enchiku/sangyo/nogyo/engei-suisan/kaki/documents/hanakotoba.pdf・source/birthday/hanakotoba.pdf を2回読み比べて書き起こし）,True
0301,記念日・できごと（記念日）,マヨネーズの日,日本で初めてマヨネーズが作られ売り出された時期にちなむ、食卓の名脇役の日。,https://netlab.click/todayis/0301,True
0301,記念日・できごと（記念日）,オリジナルTシャツの日,「3」と「1」をTシャツの形に見立て、自分だけの一枚を楽しもうという日。,https://bestcalendar.jp/dates/kinenbi/1382,True
0302,誕生石（月）,アクアマリン・サンゴ・ブラッドストーン・アイオライト,,全国宝石卸商協同組合 2021年12月改定（デイリースポーツ https://www.daily.co.jp/society/life/2021/12/20/0014929848.shtml ほか。work/knowledge/10_誕生日もの.md）,True
0302,誕生色,柳色,やなぎいろ／#A8C97F／芽吹きはじめた柳の枝が風に揺れる、やわらかな緑（草木萌動にちなむ）,当サイト独自の選び方（七十二候にちなむ日本の伝統色。work/knowledge/10_誕生日もの.md）・色の値：https://www.colordic.org/colorsample/2126,True
0302,誕生日石,サンゴ,3月の誕生石。海から生まれる宝石で、日本でも古くから魔よけや子どもの守りとされてきた。長寿の象徴とも言われる。,当サイト独自の選び方（誕生石・デーカンの支配星・誕生色から、販売されている石。work/knowledge/10_誕生日もの.md）・販売例：https://item.rakuten.co.jp/takumikougei/cne0311/,True
0302,誕生花,ストック(赤),花ことば：永遠の美,一般財団法人日本花普及センター「誕生花・花ことば366」（長野県 https://www.pref.nagano.lg.jp/enchiku/sangyo/nogyo/engei-suisan/kaki/documents/hanakotoba.pdf・source/birthday/hanakotoba.pdf を2回読み比べて書き起こし）,True
0302,記念日・できごと（できごと）,岡山・後楽園が開園,1884年。大名庭園だった岡山の後楽園が、一般の人も楽しめる庭として開かれた日。,https://netlab.click/todayis/0302,True
0302,記念日・できごと（記念日）,少額短期保険（ミニ保険）の日,「ミ(3)ニ(2)」の語呂から、身近で小さな保険を知ってもらうための日。,https://netlab.click/todayis/0302,True
0303,誕生石（月）,アクアマリン・サンゴ・ブラッドストーン・アイオライト,,全国宝石卸商協同組合 2021年12月改定（デイリースポーツ https://www.daily.co.jp/society/life/2021/12/20/0014929848.shtml ほか。work/knowledge/10_誕生日もの.md）,True
0303,誕生色,白緑,びゃくろく／#D6E9CA／萌え出たばかりの小さな芽の、白みがかった緑（草木萌動にちなむ）,当サイト独自の選び方（七十二候にちなむ日本の伝統色。work/knowledge/10_誕生日もの.md）・色の値：https://www.colordic.org/colorsample/2128,True
0303,誕生日石,ブラッドストーン,3月の誕生石・誕生色（白緑）に近い緑系。緑の地に赤い斑点が入り、勇気と粘り強さを与える石として兵士が身につけたと伝わる。,当サイト独自の選び方（誕生石・デーカンの支配星・誕生色から、販売されている石。work/knowledge/10_誕生日もの.md）・販売例：https://www.creema.jp/item/10372787/detail,True
0303,誕生花,モモ(ピンク),花ことば：気だての良さ,一般財団法人日本花普及センター「誕生花・花ことば366」（長野県 https://www.pref.nagano.lg.jp/enchiku/sangyo/nogyo/engei-suisan/kaki/documents/hanakotoba.pdf・source/birthday/hanakotoba.pdf を2回読み比べて書き起こし）,True
0303,記念日・できごと（行事）,ひな祭り（桃の節句）,女の子の健やかな成長を願い、ひな人形と桃の花を飾る春の節句。,https://netlab.click/todayis/0303,True
0303,記念日・できごと（記念日）,耳の日,「み(3)み(3)」の語呂から、耳と聞こえの大切さを考える日。,https://bestcalendar.jp/dates/kinenbi/1407,True
0303,記念日・できごと（できごと）,サリヴァン先生とヘレン・ケラーが出会う,1887年。のちに奇跡と呼ばれる学びが始まった、先生と少女の出会いの日。,https://netlab.click/todayis/0303,True
0304,誕生石（月）,アクアマリン・サンゴ・ブラッドストーン・アイオライト,,全国宝石卸商協同組合 2021年12月改定（デイリースポーツ https://www.daily.co.jp/society/life/2021/12/20/0014929848.shtml ほか。work/knowledge/10_誕生日もの.md）,True
0304,誕生色,柳色,やなぎいろ／#A8C97F／芽吹きはじめた柳の枝が風に揺れる、やわらかな緑（草木萌動にちなむ）,当サイト独自の選び方（七十二候にちなむ日本の伝統色。work/knowledge/10_誕生日もの.md）・色の値：https://www.colordic.org/colorsample/2126,True
0304,誕生日石,アイオライト,3月の誕生石。見る向きで色が変わり、ヴァイキングが航海で方角を知るのに使ったという言い伝えがある。道しるべの石とされる。,当サイト独自の選び方（誕生石・デーカンの支配星・誕生色から、販売されている石。work/knowledge/10_誕生日もの.md）・販売例：https://www.creema.jp/item/10616377/detail,True
0304,誕生花,アイスランドポピー,花ことば：気高い精神,一般財団法人日本花普及センター「誕生花・花ことば366」（長野県 https://www.pref.nagano.lg.jp/enchiku/sangyo/nogyo/engei-suisan/kaki/documents/hanakotoba.pdf・source/birthday/hanakotoba.pdf を2回読み比べて書き起こし）,True
0304,記念日・できごと（できごと）,日本で初めてバウムクーヘンが焼かれる,1919年。広島の展示会で年輪のようなドイツ菓子が初めて作られ、売られた日。,https://netlab.click/todayis/0304,True
0304,記念日・できごと（記念日）,ミシンの日,「ミ(3)シ(4)ン」の語呂から、暮らしを支えるミシンに感謝する日。,https://netlab.click/todayis/0304,True
0305,誕生石（月）,アクアマリン・サンゴ・ブラッドストーン・アイオライト,,全国宝石卸商協同組合 2021年12月改定（デイリースポーツ https://www.daily.co.jp/society/life/2021/12/20/0014929848.shtml ほか。work/knowledge/10_誕生日もの.md）,True
0305,誕生色,白緑,びゃくろく／#D6E9CA／萌え出たばかりの小さな芽の、白みがかった緑（草木萌動にちなむ）,当サイト独自の選び方（七十二候にちなむ日本の伝統色。work/knowledge/10_誕生日もの.md）・色の値：https://www.colordic.org/colorsample/2128,True
0305,誕生日石,真珠,デーカンの支配星・月の石。貝の中で育つ宝石で、月のしずくにたとえられた。純粋さや円満さの象徴とされる。,当サイト独自の選び方（誕生石・デーカンの支配星・誕生色から、販売されている石。work/knowledge/10_誕生日もの.md）・販売例：https://www.creema.jp/item/10720870/detail,True
0305,誕生花,モモ(白),花ことば：人柄の良さ,一般財団法人日本花普及センター「誕生花・花ことば366」（長野県 https://www.pref.nagano.lg.jp/enchiku/sangyo/nogyo/engei-suisan/kaki/documents/hanakotoba.pdf・source/birthday/hanakotoba.pdf を2回読み比べて書き起こし）,True
0305,記念日・できごと（できごと）,ミス・コンテストの日,1908年。新聞社が写真で美人を募り、日本初とされる美人コンテストの結果を発表した日。,https://zatsuneta.com/archives/103052.html,True
0305,記念日・できごと（できごと）,日本初のスクランブル交差点,四方から人が一斉に渡れるスクランブル交差点が、日本で初めて設けられた日。,https://netlab.click/todayis/0305,True
0306,誕生石（月）,アクアマリン・サンゴ・ブラッドストーン・アイオライト,,全国宝石卸商協同組合 2021年12月改定（デイリースポーツ https://www.daily.co.jp/society/life/2021/12/20/0014929848.shtml ほか。work/knowledge/10_誕生日もの.md）,True
0306,誕生色,鶸色,ひわいろ／#D7CF3A／土から出てきた虫たちが浴びる、春の日差しの黄（蟄虫啓戸にちなむ）,当サイト独自の選び方（七十二候にちなむ日本の伝統色。work/knowledge/10_誕生日もの.md）・色の値：https://www.colordic.org/w,True
0306,誕生日石,セレナイト,デーカンの支配星・月の石。月の女神セレネにちなむ名を持ち、心を澄ませ落ち着かせる石とされる。,当サイト独自の選び方（誕生石・デーカンの支配星・誕生色から、販売されている石。work/knowledge/10_誕生日もの.md）・販売例：https://item.rakuten.co.jp/ojicopet/na-s04-selpam/,True
0306,誕生花,チューリップ(赤),花ことば：美しい瞳,一般財団法人日本花普及センター「誕生花・花ことば366」（長野県 https://www.pref.nagano.lg.jp/enchiku/sangyo/nogyo/engei-suisan/kaki/documents/hanakotoba.pdf・source/birthday/hanakotoba.pdf を2回読み比べて書き起こし）,True
0306,記念日・できごと（記念日）,スポーツ新聞の日,1946年。日本初のスポーツ専門の新聞が創刊されたことにちなむ日。,https://netlab.click/todayis/0306,True
0306,記念日・できごと（できごと）,日本で初めて映画が有料上映される,1897年。東京・神田の錦輝館で、動く写真が日本で初めて興行として上映された日。,https://bestcalendar.jp/dates/history/3/6,True
0306,記念日・できごと（記念日）,弟の日,兄弟姉妹の研究から生まれた、弟という存在に目を向ける日。,https://netlab.click/todayis/0306,True
0307,誕生石（月）,アクアマリン・サンゴ・ブラッドストーン・アイオライト,,全国宝石卸商協同組合 2021年12月改定（デイリースポーツ https://www.daily.co.jp/society/life/2021/12/20/0014929848.shtml ほか。work/knowledge/10_誕生日もの.md）,True
0307,誕生色,苔色,こけいろ／#69821B／虫たちの冬の戸口をおおっていた、苔の深い緑（蟄虫啓戸にちなむ）,当サイト独自の選び方（七十二候にちなむ日本の伝統色。work/knowledge/10_誕生日もの.md）・色の値：https://www.colordic.org/w,True
0307,誕生日石,ブラッドストーン,3月の誕生石・誕生色（苔色）に近い緑系。緑の地に赤い斑点が入り、勇気と粘り強さを与える石として兵士が身につけたと伝わる。,当サイト独自の選び方（誕生石・デーカンの支配星・誕生色から、販売されている石。work/knowledge/10_誕生日もの.md）・販売例：https://www.creema.jp/item/10372787/detail,True
0307,誕生花,ストック(白),花ことば：ひそやかな愛,一般財団法人日本花普及センター「誕生花・花ことば366」（長野県 https://www.pref.nagano.lg.jp/enchiku/sangyo/nogyo/engei-suisan/kaki/documents/hanakotoba.pdf・source/birthday/hanakotoba.pdf を2回読み比べて書き起こし）,True
0307,記念日・できごと（記念日）,消防記念日,1948年。消防が独立した組織として歩み始めた法律の施行にちなむ、火を守る人々の日。,https://netlab.click/todayis/0307,True
0307,記念日・できごと（できごと）,あべのハルカスが全面開業,2014年。大阪・阿倍野に当時日本一高いビルが全面オープンし、新しい名所が生まれた日。,https://netlab.click/todayis/0307,True
0308,誕生石（月）,アクアマリン・サンゴ・ブラッドストーン・アイオライト,,全国宝石卸商協同組合 2021年12月改定（デイリースポーツ https://www.daily.co.jp/society/life/2021/12/20/0014929848.shtml ほか。work/knowledge/10_誕生日もの.md）,True
0308,誕生色,柳茶,やなぎちゃ／#A1A46D／虫が歩きはじめる、枯れ草まじりのくすんだ緑（蟄虫啓戸にちなむ）,当サイト独自の選び方（七十二候にちなむ日本の伝統色。work/knowledge/10_誕生日もの.md）・色の値：https://www.colordic.org/colorsample/2332,True
0308,誕生日石,サンゴ,3月の誕生石。海から生まれる宝石で、日本でも古くから魔よけや子どもの守りとされてきた。長寿の象徴とも言われる。,当サイト独自の選び方（誕生石・デーカンの支配星・誕生色から、販売されている石。work/knowledge/10_誕生日もの.md）・販売例：https://item.rakuten.co.jp/takumikougei/cne0311/,True
0308,誕生花,チューリップ(白),花ことば：新しい恋,一般財団法人日本花普及センター「誕生花・花ことば366」（長野県 https://www.pref.nagano.lg.jp/enchiku/sangyo/nogyo/engei-suisan/kaki/documents/hanakotoba.pdf・source/birthday/hanakotoba.pdf を2回読み比べて書き起こし）,True
0308,記念日・できごと（できごと）,日本初のエスカレーターが動く,1914年。上野の博覧会会場に動く階段が登場し、人々が驚きながら乗った日。,https://bestcalendar.jp/dates/kinenbi/1488,True
0308,記念日・できごと（記念日）,みつばちの日,「みつ(3)ばち(8)」の語呂から、はちみつと働き者のミツバチに感謝する日。,https://bestcalendar.jp/dates/kinenbi/1486,True
0309,誕生石（月）,アクアマリン・サンゴ・ブラッドストーン・アイオライト,,全国宝石卸商協同組合 2021年12月改定（デイリースポーツ https://www.daily.co.jp/society/life/2021/12/20/0014929848.shtml ほか。work/knowledge/10_誕生日もの.md）,True
0309,誕生色,櫨色,はじいろ／#B77B57／虫たちが押し開く土の戸を思わせる、温かな赤茶（蟄虫啓戸にちなむ）,当サイト独自の選び方（七十二候にちなむ日本の伝統色。work/knowledge/10_誕生日もの.md）・色の値：https://www.colordic.org/colorsample/2212,True
0309,誕生日石,アイオライト,3月の誕生石。見る向きで色が変わり、ヴァイキングが航海で方角を知るのに使ったという言い伝えがある。道しるべの石とされる。,当サイト独自の選び方（誕生石・デーカンの支配星・誕生色から、販売されている石。work/knowledge/10_誕生日もの.md）・販売例：https://www.creema.jp/item/10616377/detail,True
0309,誕生花,アザレア(白),花ことば：満ち足りた心,一般財団法人日本花普及センター「誕生花・花ことば366」（長野県 https://www.pref.nagano.lg.jp/enchiku/sangyo/nogyo/engei-suisan/kaki/documents/hanakotoba.pdf・source/birthday/hanakotoba.pdf を2回読み比べて書き起こし）,True
0309,記念日・できごと（できごと）,記念切手の日,1894年。日本で初めて記念切手が発行された日。小さな紙に祝いの気持ちを込めた。,https://netlab.click/todayis/0309,True
0309,記念日・できごと（記念日）,3.9デイ（ありがとうを届ける日）,「サン(3)キュー(9)」の語呂から、身近な人へ感謝を伝えようという日。,https://bestcalendar.jp/dates/kinenbi/1520,True
0310,誕生石（月）,アクアマリン・サンゴ・ブラッドストーン・アイオライト,,全国宝石卸商協同組合 2021年12月改定（デイリースポーツ https://www.daily.co.jp/society/life/2021/12/20/0014929848.shtml ほか。work/knowledge/10_誕生日もの.md）,True
0310,誕生色,刈安色,かりやすいろ／#F5E56B／戸を開けた虫たちの外の世界に差す、淡い光の黄（蟄虫啓戸にちなむ）,当サイト独自の選び方（七十二候にちなむ日本の伝統色。work/knowledge/10_誕生日もの.md）・色の値：https://www.colordic.org/colorsample/2163,True
0310,誕生日石,真珠,デーカンの支配星・月の石。貝の中で育つ宝石で、月のしずくにたとえられた。純粋さや円満さの象徴とされる。,当サイト独自の選び方（誕生石・デーカンの支配星・誕生色から、販売されている石。work/knowledge/10_誕生日もの.md）・販売例：https://www.creema.jp/item/10720870/detail,True
0310,誕生花,スプレーカーネーション,花ことば：素朴,一般財団法人日本花普及センター「誕生花・花ことば366」（長野県 https://www.pref.nagano.lg.jp/enchiku/sangyo/nogyo/engei-suisan/kaki/documents/hanakotoba.pdf・source/birthday/hanakotoba.pdf を2回読み比べて書き起こし）,True
0310,記念日・できごと（記念日）,砂糖の日,「さ(3)とう(10)」の語呂から、甘さとエネルギー源としての砂糖を見直す日。,https://zatsuneta.com/archives/103106.html,True
0310,記念日・できごと（できごと）,山陽新幹線が博多まで全通,1975年。山陽新幹線が博多まで延び、東京から九州まで新幹線でつながった日。,https://netlab.click/todayis/0310,True
0311,誕生石（月）,アクアマリン・サンゴ・ブラッドストーン・アイオライト,,全国宝石卸商協同組合 2021年12月改定（デイリースポーツ https://www.daily.co.jp/society/life/2021/12/20/0014929848.shtml ほか。work/knowledge/10_誕生日もの.md）,True
0311,誕生色,桃色,ももいろ／#F09199／つぼみがほころび「笑い」はじめた、桃の花そのものの色（桃始笑にちなむ）,当サイト独自の選び方（七十二候にちなむ日本の伝統色。work/knowledge/10_誕生日もの.md）・色の値：https://www.colordic.org/w,True
0311,誕生日石,オブシディアン,デーカンの支配星・冥王星の石。火山から生まれた天然ガラスで、古くは鏡や刃物に使われ、魔よけの石とされてきた。,当サイト独自の選び方（誕生石・デーカンの支配星・誕生色から、販売されている石。work/knowledge/10_誕生日もの.md）・販売例：https://item.rakuten.co.jp/malina/10000968/,True
0311,誕生花,ハナビシソウ,花ことば：希望のもてる愛,一般財団法人日本花普及センター「誕生花・花ことば366」（長野県 https://www.pref.nagano.lg.jp/enchiku/sangyo/nogyo/engei-suisan/kaki/documents/hanakotoba.pdf・source/birthday/hanakotoba.pdf を2回読み比べて書き起こし）,True
0311,記念日・できごと（できごと）,パンダ発見の日,1869年。フランス人神父が中国で白黒の熊の毛皮に出会い、パンダが世界に知られるきっかけになった日。,https://zatsuneta.com/archives/103111.html,True
0311,記念日・できごと（記念日）,コラムの日,1751年。イギリスの新聞で、世界初とされるコラムの連載が始まったことにちなむ日。,https://netlab.click/todayis/0311,True
0312,誕生石（月）,アクアマリン・サンゴ・ブラッドストーン・アイオライト,,全国宝石卸商協同組合 2021年12月改定（デイリースポーツ https://www.daily.co.jp/society/life/2021/12/20/0014929848.shtml ほか。work/knowledge/10_誕生日もの.md）,True
0312,誕生色,鴇色,ときいろ／#F4B3C2／桃の花びらのように、ほんのり明るく温かな紅（桃始笑にちなむ）,当サイト独自の選び方（七十二候にちなむ日本の伝統色。work/knowledge/10_誕生日もの.md）・色の値：https://www.colordic.org/colorsample/2024,True
0312,誕生日石,ブラックトルマリン,デーカンの支配星・冥王星の石。身を守る石の代表とされ、余計なものを退けて気持ちを整えると言われる。,当サイト独自の選び方（誕生石・デーカンの支配星・誕生色から、販売されている石。work/knowledge/10_誕生日もの.md）・販売例：https://minne.com/items/32530857,True
0312,誕生花,エニシダ,花ことば：清楚,一般財団法人日本花普及センター「誕生花・花ことば366」（長野県 https://www.pref.nagano.lg.jp/enchiku/sangyo/nogyo/engei-suisan/kaki/documents/hanakotoba.pdf・source/birthday/hanakotoba.pdf を2回読み比べて書き起こし）,True
0312,記念日・できごと（記念日）,サイフの日,「サ(3)イ(1)フ(2)」の語呂から、春に新しい財布で気分を整えようという日。,https://zatsuneta.com/archives/103127.html,True
0312,記念日・できごと（できごと）,役所で日曜休み・土曜半休が始まる,1876年。官公庁で日曜日を休日とする制度が始まり、週のリズムが今に近づいた日。,https://netlab.click/todayis/0312,True
0313,誕生石（月）,アクアマリン・サンゴ・ブラッドストーン・アイオライト,,全国宝石卸商協同組合 2021年12月改定（デイリースポーツ https://www.daily.co.jp/society/life/2021/12/20/0014929848.shtml ほか。work/knowledge/10_誕生日もの.md）,True
0313,誕生色,石竹色,せきちくいろ／#E5ABBE／咲きはじめの桃の花が見せる、紫がかった薄紅（桃始笑にちなむ）,当サイト独自の選び方（七十二候にちなむ日本の伝統色。work/knowledge/10_誕生日もの.md）・色の値：https://www.colordic.org/colorsample/2181,True
0313,誕生日石,ポピージャスパー,デーカンの支配星・冥王星の石。ケシの花のような模様を持つ碧玉で、明るい活力と遊び心を呼ぶ石と言われる。,当サイト独自の選び方（誕生石・デーカンの支配星・誕生色から、販売されている石。work/knowledge/10_誕生日もの.md）・販売例：https://minne.com/items/6526995,True
0313,誕生花,チューリップ(黄),花ことば：名声,一般財団法人日本花普及センター「誕生花・花ことば366」（長野県 https://www.pref.nagano.lg.jp/enchiku/sangyo/nogyo/engei-suisan/kaki/documents/hanakotoba.pdf・source/birthday/hanakotoba.pdf を2回読み比べて書き起こし）,True
0313,記念日・できごと（記念日）,サンドイッチデー,「1」が「3」にはさまれた日付から、具をはさむサンドイッチを楽しむ日。,https://zatsuneta.com/archives/103134.html,True
0313,記念日・できごと（できごと）,青函トンネルが開業,1988年。本州と北海道が海の底のトンネルで結ばれ、列車で行き来できるようになった日。,https://netlab.click/todayis/0313,True
0314,誕生石（月）,アクアマリン・サンゴ・ブラッドストーン・アイオライト,,全国宝石卸商協同組合 2021年12月改定（デイリースポーツ https://www.daily.co.jp/society/life/2021/12/20/0014929848.shtml ほか。work/knowledge/10_誕生日もの.md）,True
0314,誕生色,珊瑚色,さんごいろ／#F5B1AA／やわらかな日差しを受けて笑う、桃のつぼみの色（桃始笑にちなむ）,当サイト独自の選び方（七十二候にちなむ日本の伝統色。work/knowledge/10_誕生日もの.md）・色の値：https://www.colordic.org/colorsample/2280,True
0314,誕生日石,サンゴ,3月の誕生石・誕生色（珊瑚色）に近い桃系。海から生まれる宝石で、日本でも古くから魔よけや子どもの守りとされてきた。長寿の象徴とも言われる。,当サイト独自の選び方（誕生石・デーカンの支配星・誕生色から、販売されている石。work/knowledge/10_誕生日もの.md）・販売例：https://item.rakuten.co.jp/takumikougei/cne0311/,True
0314,誕生花,キャンディタフト,花ことば：思いやり,一般財団法人日本花普及センター「誕生花・花ことば366」（長野県 https://www.pref.nagano.lg.jp/enchiku/sangyo/nogyo/engei-suisan/kaki/documents/hanakotoba.pdf・source/birthday/hanakotoba.pdf を2回読み比べて書き起こし）,True
0314,記念日・できごと（行事）,ホワイトデー,バレンタインのお返しに、お菓子と一緒に気持ちを届ける日。,https://netlab.click/todayis/0314,True
0314,記念日・できごと（記念日）,数学の日,1997年。円周率3.14にちなみ、数学を一生楽しめる学びにしようと定められた日。,https://netlab.click/todayis/0314,True
0315,誕生石（月）,アクアマリン・サンゴ・ブラッドストーン・アイオライト,,全国宝石卸商協同組合 2021年12月改定（デイリースポーツ https://www.daily.co.jp/society/life/2021/12/20/0014929848.shtml ほか。work/knowledge/10_誕生日もの.md）,True
0315,誕生色,退紅,あらぞめ／#D69090／色をそっと抜いたように淡い、咲き初めの花の紅（桃始笑にちなむ）,当サイト独自の選び方（七十二候にちなむ日本の伝統色。work/knowledge/10_誕生日もの.md）・色の値：https://www.colordic.org/colorsample/2001,True
0315,誕生日石,オブシディアン,デーカンの支配星・冥王星の石。火山から生まれた天然ガラスで、古くは鏡や刃物に使われ、魔よけの石とされてきた。,当サイト独自の選び方（誕生石・デーカンの支配星・誕生色から、販売されている石。work/knowledge/10_誕生日もの.md）・販売例：https://item.rakuten.co.jp/malina/10000968/,True
0315,誕生花,スイートピー(白),花ことば：優しい思い出,一般財団法人日本花普及センター「誕生花・花ことば366」（長野県 https://www.pref.nagano.lg.jp/enchiku/sangyo/nogyo/engei-suisan/kaki/documents/hanakotoba.pdf・source/birthday/hanakotoba.pdf を2回読み比べて書き起こし）,True
0315,記念日・できごと（できごと）,靴の日,1870年。東京・築地に日本初の西洋靴の工場が開かれたことにちなむ日。,https://zatsuneta.com/archives/103151.html,True
0315,記念日・できごと（記念日）,万国博デー,1970年。大阪万博の一般入場が始まった日。アジア初の万国博覧会に大勢が集った。,https://netlab.click/todayis/0315,True
0316,誕生石（月）,アクアマリン・サンゴ・ブラッドストーン・アイオライト,,全国宝石卸商協同組合 2021年12月改定（デイリースポーツ https://www.daily.co.jp/society/life/2021/12/20/0014929848.shtml ほか。work/knowledge/10_誕生日もの.md）,True
0316,誕生色,菜の花色,なのはないろ／#FFEC47／生まれた紋白蝶が舞う菜の花畑の、明るい黄色（菜虫化蝶にちなむ）,当サイト独自の選び方（七十二候にちなむ日本の伝統色。work/knowledge/10_誕生日もの.md）・色の値：https://www.colordic.org/colorsample/2139,True
0316,誕生日石,スモーキークォーツ,デーカンの支配星・冥王星の石。煙のような茶色の水晶で、心を落ち着かせ、地に足をつける石と言われる。,当サイト独自の選び方（誕生石・デーカンの支配星・誕生色から、販売されている石。work/knowledge/10_誕生日もの.md）・販売例：https://www.creema.jp/item/16278090/detail,True
0316,誕生花,ハナズオウ,花ことば：目覚め,一般財団法人日本花普及センター「誕生花・花ことば366」（長野県 https://www.pref.nagano.lg.jp/enchiku/sangyo/nogyo/engei-suisan/kaki/documents/hanakotoba.pdf・source/birthday/hanakotoba.pdf を2回読み比べて書き起こし）,True
0316,記念日・できごと（できごと）,国立公園指定記念日,1934年。瀬戸内海・雲仙・霧島が、日本で初めての国立公園に選ばれた日。,https://zatsuneta.com/archives/103161.html,True
0317,誕生石（月）,アクアマリン・サンゴ・ブラッドストーン・アイオライト,,全国宝石卸商協同組合 2021年12月改定（デイリースポーツ https://www.daily.co.jp/society/life/2021/12/20/0014929848.shtml ほか。work/knowledge/10_誕生日もの.md）,True
0317,誕生色,蒲公英色,たんぽぽいろ／#FFD900／羽化した蝶が最初にとまる、道ばたのたんぽぽの黄（菜虫化蝶にちなむ）,当サイト独自の選び方（七十二候にちなむ日本の伝統色。work/knowledge/10_誕生日もの.md）・色の値：https://www.colordic.org/colorsample/2165,True
0317,誕生日石,ブラックトルマリン,デーカンの支配星・冥王星の石。身を守る石の代表とされ、余計なものを退けて気持ちを整えると言われる。,当サイト独自の選び方（誕生石・デーカンの支配星・誕生色から、販売されている石。work/knowledge/10_誕生日もの.md）・販売例：https://minne.com/items/32530857,True
0317,誕生花,カルセオラリア,花ことば：優美,一般財団法人日本花普及センター「誕生花・花ことば366」（長野県 https://www.pref.nagano.lg.jp/enchiku/sangyo/nogyo/engei-suisan/kaki/documents/hanakotoba.pdf・source/birthday/hanakotoba.pdf を2回読み比べて書き起こし）,True
0317,記念日・できごと（できごと）,漫画週刊誌の日,1959年。少年向けの週刊漫画雑誌が2誌同時に創刊された、漫画文化の節目の日。,https://zatsuneta.com/archives/103171.html,True
0317,記念日・できごと（旬）,新玉ねぎ,水分たっぷりで辛みがやさしく、サラダで味わえる春の玉ねぎ。,,False
0318,誕生石（月）,アクアマリン・サンゴ・ブラッドストーン・アイオライト,,全国宝石卸商協同組合 2021年12月改定（デイリースポーツ https://www.daily.co.jp/society/life/2021/12/20/0014929848.shtml ほか。work/knowledge/10_誕生日もの.md）,True
0318,誕生色,胡粉色,ごふんいろ／#FFFFFC／さなぎから出たばかりの紋白蝶の、羽の真っ白さ（菜虫化蝶にちなむ）,当サイト独自の選び方（七十二候にちなむ日本の伝統色。work/knowledge/10_誕生日もの.md）・色の値：https://www.colordic.org/colorsample/2284,True
0318,誕生日石,ポピージャスパー,デーカンの支配星・冥王星の石。ケシの花のような模様を持つ碧玉で、明るい活力と遊び心を呼ぶ石と言われる。,当サイト独自の選び方（誕生石・デーカンの支配星・誕生色から、販売されている石。work/knowledge/10_誕生日もの.md）・販売例：https://minne.com/items/6526995,True
0318,誕生花,アイリス,花ことば：愛,一般財団法人日本花普及センター「誕生花・花ことば366」（長野県 https://www.pref.nagano.lg.jp/enchiku/sangyo/nogyo/engei-suisan/kaki/documents/hanakotoba.pdf・source/birthday/hanakotoba.pdf を2回読み比べて書き起こし）,True
0318,記念日・できごと（できごと）,点字ブロックの日,1967年。岡山の交差点に世界初の点字ブロックが敷かれ、安心して歩ける道が広がり始めた日。,https://zatsuneta.com/archives/103183.html,True
0318,記念日・できごと（できごと）,博物館明治村が開館,1965年。愛知・犬山に明治の建物を移して残す、野外博物館が開かれた日。,https://netlab.click/todayis/0318,True
0318,記念日・できごと（できごと）,東京ドームが開場,1988年。日本初の屋根つき球場として、雨の日も試合ができるドームが開いた日。,https://netlab.click/todayis/0318,True
0319,誕生石（月）,アクアマリン・サンゴ・ブラッドストーン・アイオライト,,全国宝石卸商協同組合 2021年12月改定（デイリースポーツ https://www.daily.co.jp/society/life/2021/12/20/0014929848.shtml ほか。work/knowledge/10_誕生日もの.md）,True
0319,誕生色,黄檗色,きはだいろ／#FEF263／姿を変えて飛び立つ蝶の羽を思わせる、淡い黄（菜虫化蝶にちなむ）,当サイト独自の選び方（七十二候にちなむ日本の伝統色。work/knowledge/10_誕生日もの.md）・色の値：https://www.colordic.org/colorsample/2141,True
0319,誕生日石,スフェーン,誕生色（黄檗色）に近い黄系。ダイヤモンドを上回る七色のきらめきを持ち、ひらめきや知恵を引き出す石と言われる。,当サイト独自の選び方（誕生石・デーカンの支配星・誕生色から、販売されている石。work/knowledge/10_誕生日もの.md）・販売例：https://store.karatz.jp/en/collections/sphene,True
0319,誕生花,アザレア(ピンク),花ことば：青春の喜び,一般財団法人日本花普及センター「誕生花・花ことば366」（長野県 https://www.pref.nagano.lg.jp/enchiku/sangyo/nogyo/engei-suisan/kaki/documents/hanakotoba.pdf・source/birthday/hanakotoba.pdf を2回読み比べて書き起こし）,True
0319,記念日・できごと（記念日）,ミュージックの日,1991年。「ミュー(3)ジック(19)」の語呂から、生の音楽を楽しんでもらおうという日。,https://zatsuneta.com/archives/103191.html,True
0319,記念日・できごと（できごと）,東京の定期観光バスが走り始める,1949年。東京の名所をめぐる定期観光バスの運行が始まった日。,https://netlab.click/todayis/0319,True
0320,誕生石（月）,アクアマリン・サンゴ・ブラッドストーン・アイオライト,,全国宝石卸商協同組合 2021年12月改定（デイリースポーツ https://www.daily.co.jp/society/life/2021/12/20/0014929848.shtml ほか。work/knowledge/10_誕生日もの.md）,True
0320,誕生色,浅緑,あさみどり／#88CB7F／青虫が葉を食べて育った、菜の葉のやさしい緑（菜虫化蝶にちなむ）,当サイト独自の選び方（七十二候にちなむ日本の伝統色。work/knowledge/10_誕生日もの.md）・色の値：https://www.colordic.org/colorsample/2111,True
0320,誕生日石,マラカイト,デーカンの支配星・冥王星の石・誕生色（浅緑）に近い緑系。孔雀の羽のような縞を持ち、古代エジプトでは魔よけとして身につけたと伝わる。,当サイト独自の選び方（誕生石・デーカンの支配星・誕生色から、販売されている石。work/knowledge/10_誕生日もの.md）・販売例：https://item.rakuten.co.jp/auc-hinryo/c/0000000182/,True
0320,誕生花,スイートピー(ピンク),花ことば：恋の愉しみ,一般財団法人日本花普及センター「誕生花・花ことば366」（長野県 https://www.pref.nagano.lg.jp/enchiku/sangyo/nogyo/engei-suisan/kaki/documents/hanakotoba.pdf・source/birthday/hanakotoba.pdf を2回読み比べて書き起こし）,True
0320,記念日・できごと（記念日）,電卓の日,国産電卓の生産が世界一になったことを記念する、計算を身近にした機械の日。,https://zatsuneta.com/archives/103201.html,True
0320,記念日・できごと（できごと）,上野動物園が開園,1882年。日本で最初の動物園として、東京・上野に動物園が開かれた日。,,False
0321,誕生石（月）,アクアマリン・サンゴ・ブラッドストーン・アイオライト,,全国宝石卸商協同組合 2021年12月改定（デイリースポーツ https://www.daily.co.jp/society/life/2021/12/20/0014929848.shtml ほか。work/knowledge/10_誕生日もの.md）,True
0321,誕生色,雀茶,すずめちゃ／#AA4F37／巣作りを始めた雀の頭を染める、赤みの茶色（雀始巣にちなむ）,当サイト独自の選び方（七十二候にちなむ日本の伝統色。work/knowledge/10_誕生日もの.md）・色の値：https://www.colordic.org/w,True
0321,誕生日石,サンゴ,3月の誕生石・デーカンの支配星・火星の石・誕生色（雀茶）に近い赤系。海から生まれる宝石で、日本でも古くから魔よけや子どもの守りとされてきた。長寿の象徴とも言われる。,当サイト独自の選び方（誕生石・デーカンの支配星・誕生色から、販売されている石。work/knowledge/10_誕生日もの.md）・販売例：https://item.rakuten.co.jp/takumikougei/cne0311/,True
0321,誕生花,イカリソウ,花ことば：人生の出発,一般財団法人日本花普及センター「誕生花・花ことば366」（長野県 https://www.pref.nagano.lg.jp/enchiku/sangyo/nogyo/engei-suisan/kaki/documents/hanakotoba.pdf・source/birthday/hanakotoba.pdf を2回読み比べて書き起こし）,True
0321,記念日・できごと（記念日）,ランドセルの日,3+2+1＝6年の小学校生活にちなみ、ランドセルの思い出を大切にする日。,https://zatsuneta.com/archives/103215.html,True
0321,記念日・できごと（記念日）,はじめようの日,「3・2・1」のカウントダウンから、新しいことを始める背中を押す日。,https://bestcalendar.jp/dates/kinenbi/1668,True
0322,誕生石（月）,アクアマリン・サンゴ・ブラッドストーン・アイオライト,,全国宝石卸商協同組合 2021年12月改定（デイリースポーツ https://www.daily.co.jp/society/life/2021/12/20/0014929848.shtml ほか。work/knowledge/10_誕生日もの.md）,True
0322,誕生色,枯色,かれいろ／#E0C38C／雀がせっせと巣へ運ぶ枯れ草の、乾いた明るい茶（雀始巣にちなむ）,当サイト独自の選び方（七十二候にちなむ日本の伝統色。work/knowledge/10_誕生日もの.md）・色の値：https://www.colordic.org/w,True
0322,誕生日石,ブラッドストーン,3月の誕生石・デーカンの支配星・火星の石。緑の地に赤い斑点が入り、勇気と粘り強さを与える石として兵士が身につけたと伝わる。,当サイト独自の選び方（誕生石・デーカンの支配星・誕生色から、販売されている石。work/knowledge/10_誕生日もの.md）・販売例：https://www.creema.jp/item/10372787/detail,True
0322,誕生花,アザレア(赤),花ことば：節度の愛,一般財団法人日本花普及センター「誕生花・花ことば366」（長野県 https://www.pref.nagano.lg.jp/enchiku/sangyo/nogyo/engei-suisan/kaki/documents/hanakotoba.pdf・source/birthday/hanakotoba.pdf を2回読み比べて書き起こし）,True
0322,記念日・できごと（できごと）,放送記念日,1925年。東京放送局が日本初のラジオ放送を始め、声が電波に乗って家庭に届いた日。,https://zatsuneta.com/archives/103222.html,True
0322,記念日・できごと（できごと）,秋田新幹線「こまち」が走り始める,1997年。東京と秋田が新幹線で結ばれ、乗り換えなしで行き来できるようになった日。,https://netlab.click/todayis/0322,True
0323,誕生石（月）,アクアマリン・サンゴ・ブラッドストーン・アイオライト,,全国宝石卸商協同組合 2021年12月改定（デイリースポーツ https://www.daily.co.jp/society/life/2021/12/20/0014929848.shtml ほか。work/knowledge/10_誕生日もの.md）,True
0323,誕生色,香色,こういろ／#EFCD9A／巣の材料に選ばれる、日に当たった藁のような色（雀始巣にちなむ）,当サイト独自の選び方（七十二候にちなむ日本の伝統色。work/knowledge/10_誕生日もの.md）・色の値：https://www.colordic.org/colorsample/2178,True
0323,誕生日石,サードオニックス,デーカンの支配星・火星の石。赤茶と白の縞模様が重なり、夫婦の幸せや家庭円満を守る石と伝わる。,当サイト独自の選び方（誕生石・デーカンの支配星・誕生色から、販売されている石。work/knowledge/10_誕生日もの.md）・販売例：https://minne.com/items/33043317,True
0323,誕生花,タンポポ,花ことば：明朗な歌声,一般財団法人日本花普及センター「誕生花・花ことば366」（長野県 https://www.pref.nagano.lg.jp/enchiku/sangyo/nogyo/engei-suisan/kaki/documents/hanakotoba.pdf・source/birthday/hanakotoba.pdf を2回読み比べて書き起こし）,True
0323,記念日・できごと（記念日）,世界気象デー,1950年。世界気象機関の発足にちなみ、天気と気候への理解を深める国際デー。,https://zatsuneta.com/archives/103231.html,True
0323,記念日・できごと（できごと）,三陸鉄道リアス線が開業,2019年。岩手の三陸沿岸を一本の線路で結ぶ、日本最長の第三セクター路線が誕生した日。,https://netlab.click/todayis/0323,True
0324,誕生石（月）,アクアマリン・サンゴ・ブラッドストーン・アイオライト,,全国宝石卸商協同組合 2021年12月改定（デイリースポーツ https://www.daily.co.jp/society/life/2021/12/20/0014929848.shtml ほか。work/knowledge/10_誕生日もの.md）,True
0324,誕生色,柴染,ふしぞめ／#B28C6E／雀がくちばしで集める小枝や柴の、素朴な茶色（雀始巣にちなむ）,当サイト独自の選び方（七十二候にちなむ日本の伝統色。work/knowledge/10_誕生日もの.md）・色の値：https://www.colordic.org/w,True
0324,誕生日石,マホガニーオブシディアン,デーカンの支配星・火星の石。黒と赤茶がまじる黒曜石で、地に足をつけ、内なる強さを支える石と言われる。,当サイト独自の選び方（誕生石・デーカンの支配星・誕生色から、販売されている石。work/knowledge/10_誕生日もの.md）・販売例：https://www.creema.jp/item/17861908/detail,True
0324,誕生花,カラマツ,花ことば：大胆,一般財団法人日本花普及センター「誕生花・花ことば366」（長野県 https://www.pref.nagano.lg.jp/enchiku/sangyo/nogyo/engei-suisan/kaki/documents/hanakotoba.pdf・source/birthday/hanakotoba.pdf を2回読み比べて書き起こし）,True
0324,記念日・できごと（できごと）,人力車発祥の日,1870年。東京・日本橋で人力車の営業が許され、新しい乗り物が町を走り始めた日。,https://netlab.click/todayis/0324,True
0324,記念日・できごと（記念日）,恩師の日（仰げば尊しの日）,卒業の季節に、お世話になった先生へ感謝の手紙を送ろうという日。,https://netlab.click/todayis/0324,True
0325,誕生石（月）,アクアマリン・サンゴ・ブラッドストーン・アイオライト,,全国宝石卸商協同組合 2021年12月改定（デイリースポーツ https://www.daily.co.jp/society/life/2021/12/20/0014929848.shtml ほか。work/knowledge/10_誕生日もの.md）,True
0325,誕生色,白茶,しらちゃ／#DDBB99／軒下の巣からのぞく、ふわりとした羽毛の白茶（雀始巣にちなむ）,当サイト独自の選び方（七十二候にちなむ日本の伝統色。work/knowledge/10_誕生日もの.md）・色の値：https://www.colordic.org/colorsample/2199,True
0325,誕生日石,サンゴ,3月の誕生石・デーカンの支配星・火星の石。海から生まれる宝石で、日本でも古くから魔よけや子どもの守りとされてきた。長寿の象徴とも言われる。,当サイト独自の選び方（誕生石・デーカンの支配星・誕生色から、販売されている石。work/knowledge/10_誕生日もの.md）・販売例：https://item.rakuten.co.jp/takumikougei/cne0311/,True
0325,誕生花,アルストロメリア,花ことば：援助,一般財団法人日本花普及センター「誕生花・花ことば366」（長野県 https://www.pref.nagano.lg.jp/enchiku/sangyo/nogyo/engei-suisan/kaki/documents/hanakotoba.pdf・source/birthday/hanakotoba.pdf を2回読み比べて書き起こし）,True
0325,記念日・できごと（できごと）,電気記念日,1878年。東京・虎ノ門で日本初の電灯が点され、会場がまばゆい光に包まれた日。,https://netlab.click/todayis/0325,True
0325,記念日・できごと（できごと）,利根運河が開通,1890年。利根川と江戸川を結ぶ、日本初の西洋式運河が完成した日。,https://netlab.click/todayis/0325,True
0326,誕生石（月）,アクアマリン・サンゴ・ブラッドストーン・アイオライト,,全国宝石卸商協同組合 2021年12月改定（デイリースポーツ https://www.daily.co.jp/society/life/2021/12/20/0014929848.shtml ほか。work/knowledge/10_誕生日もの.md）,True
0326,誕生色,桜色,さくらいろ／#FEF4F4／咲きはじめた桜の花びらの、白に近いほのかな紅（桜始開にちなむ）,当サイト独自の選び方（七十二候にちなむ日本の伝統色。work/knowledge/10_誕生日もの.md）・色の値：https://www.colordic.org/colorsample/2281,True
0326,誕生日石,ブラッドストーン,3月の誕生石・デーカンの支配星・火星の石。緑の地に赤い斑点が入り、勇気と粘り強さを与える石として兵士が身につけたと伝わる。,当サイト独自の選び方（誕生石・デーカンの支配星・誕生色から、販売されている石。work/knowledge/10_誕生日もの.md）・販売例：https://www.creema.jp/item/10372787/detail,True
0326,誕生花,ハナカイドウ,花ことば：友情,一般財団法人日本花普及センター「誕生花・花ことば366」（長野県 https://www.pref.nagano.lg.jp/enchiku/sangyo/nogyo/engei-suisan/kaki/documents/hanakotoba.pdf・source/birthday/hanakotoba.pdf を2回読み比べて書き起こし）,True
0326,記念日・できごと（できごと）,カチューシャの唄の日,1914年。舞台『復活』で歌われた歌が大流行し、日本の流行歌の先がけとなった日。,https://netlab.click/todayis/0326,True
0326,記念日・できごと（できごと）,広島城の天守が復元される,1958年。広島のシンボルだった城の天守が、ふたたび姿を見せた日。,https://netlab.click/todayis/0326,True
0327,誕生石（月）,アクアマリン・サンゴ・ブラッドストーン・アイオライト,,全国宝石卸商協同組合 2021年12月改定（デイリースポーツ https://www.daily.co.jp/society/life/2021/12/20/0014929848.shtml ほか。work/knowledge/10_誕生日もの.md）,True
0327,誕生色,薄桜,うすざくら／#FDEFF2／開いたばかりの花が見せる、透けるように淡い桜（桜始開にちなむ）,当サイト独自の選び方（七十二候にちなむ日本の伝統色。work/knowledge/10_誕生日もの.md）・色の値：https://www.colordic.org/colorsample/2418,True
0327,誕生日石,サードオニックス,デーカンの支配星・火星の石。赤茶と白の縞模様が重なり、夫婦の幸せや家庭円満を守る石と伝わる。,当サイト独自の選び方（誕生石・デーカンの支配星・誕生色から、販売されている石。work/knowledge/10_誕生日もの.md）・販売例：https://minne.com/items/33043317,True
0327,誕生花,ゼニアオイ,花ことば：初恋,一般財団法人日本花普及センター「誕生花・花ことば366」（長野県 https://www.pref.nagano.lg.jp/enchiku/sangyo/nogyo/engei-suisan/kaki/documents/hanakotoba.pdf・source/birthday/hanakotoba.pdf を2回読み比べて書き起こし）,True
0327,記念日・できごと（記念日）,さくらの日,1992年。「さ(3)×く(9)＝27」と桜の咲く時期から、桜を通じて自然と親しむ日。,https://zatsuneta.com/archives/103272.html,True
0327,記念日・できごと（できごと）,第二音戸大橋が開通,2013年。広島・呉の音戸の瀬戸に、もう一本の赤いアーチ橋が架かった日。,https://netlab.click/todayis/0327,True
0328,誕生石（月）,アクアマリン・サンゴ・ブラッドストーン・アイオライト,,全国宝石卸商協同組合 2021年12月改定（デイリースポーツ https://www.daily.co.jp/society/life/2021/12/20/0014929848.shtml ほか。work/knowledge/10_誕生日もの.md）,True
0328,誕生色,桜鼠,さくらねず／#E9DFE5／花曇りの空の下で眺める、灰がかった桜の色（桜始開にちなむ）,当サイト独自の選び方（七十二候にちなむ日本の伝統色。work/knowledge/10_誕生日もの.md）・色の値：https://www.colordic.org/colorsample/2340,True
0328,誕生日石,マホガニーオブシディアン,デーカンの支配星・火星の石。黒と赤茶がまじる黒曜石で、地に足をつけ、内なる強さを支える石と言われる。,当サイト独自の選び方（誕生石・デーカンの支配星・誕生色から、販売されている石。work/knowledge/10_誕生日もの.md）・販売例：https://www.creema.jp/item/17861908/detail,True
0328,誕生花,ツゲ,花ことば：冷静,一般財団法人日本花普及センター「誕生花・花ことば366」（長野県 https://www.pref.nagano.lg.jp/enchiku/sangyo/nogyo/engei-suisan/kaki/documents/hanakotoba.pdf・source/birthday/hanakotoba.pdf を2回読み比べて書き起こし）,True
0328,記念日・できごと（できごと）,シルクロードの日,1900年。探検家ヘディンが砂に埋もれた古代都市・楼蘭を見つけた日。,https://zatsuneta.com/archives/103281.html,True
0328,記念日・できごと（記念日）,グリーンツーリズムの日,1996年。大分・安心院で農村に泊まる旅の研究会が発足したことにちなむ日。,https://netlab.click/todayis/0328,True
0329,誕生石（月）,アクアマリン・サンゴ・ブラッドストーン・アイオライト,,全国宝石卸商協同組合 2021年12月改定（デイリースポーツ https://www.daily.co.jp/society/life/2021/12/20/0014929848.shtml ほか。work/knowledge/10_誕生日もの.md）,True
0329,誕生色,灰桜,はいざくら／#E8D3D1／夕暮れに沈んでいく桜並木の、落ち着いた薄紅（桜始開にちなむ）,当サイト独自の選び方（七十二候にちなむ日本の伝統色。work/knowledge/10_誕生日もの.md）・色の値：https://www.colordic.org/colorsample/2361,True
0329,誕生日石,サンゴ,3月の誕生石・デーカンの支配星・火星の石・誕生色（灰桜）に近い桃系。海から生まれる宝石で、日本でも古くから魔よけや子どもの守りとされてきた。長寿の象徴とも言われる。,当サイト独自の選び方（誕生石・デーカンの支配星・誕生色から、販売されている石。work/knowledge/10_誕生日もの.md）・販売例：https://item.rakuten.co.jp/takumikougei/cne0311/,True
0329,誕生花,バイモユリ,花ことば：凛とした姿,一般財団法人日本花普及センター「誕生花・花ことば366」（長野県 https://www.pref.nagano.lg.jp/enchiku/sangyo/nogyo/engei-suisan/kaki/documents/hanakotoba.pdf・source/birthday/hanakotoba.pdf を2回読み比べて書き起こし）,True
0329,記念日・できごと（できごと）,マリモの日,1952年。阿寒湖の丸いマリモが、国の特別天然記念物に指定された日。,https://zatsuneta.com/archives/103291.html,True
0329,記念日・できごと（できごと）,富山湾のホタルイカ群遊海面が特別天然記念物に,1952年。春の夜に青く光るホタルイカが集まる海が、国の宝として守られることになった日。,https://zatsuneta.com/archives/103291.html,True
0330,誕生石（月）,アクアマリン・サンゴ・ブラッドストーン・アイオライト,,全国宝石卸商協同組合 2021年12月改定（デイリースポーツ https://www.daily.co.jp/society/life/2021/12/20/0014929848.shtml ほか。work/knowledge/10_誕生日もの.md）,True
0330,誕生色,一斤染,いっこんぞめ／#F5B199／桜のつぼみがほころぶ瞬間の、やわらかな紅（桜始開にちなむ）,当サイト独自の選び方（七十二候にちなむ日本の伝統色。work/knowledge/10_誕生日もの.md）・色の値：https://www.colordic.org/w,True
0330,誕生日石,カーネリアン,デーカンの支配星・火星の石・誕生色（一斤染）に近い橙系。古代エジプトで勇気の石とされ、行動する力や意欲を高めると言われる。,当サイト独自の選び方（誕生石・デーカンの支配星・誕生色から、販売されている石。work/knowledge/10_誕生日もの.md）・販売例：https://item.rakuten.co.jp/gravel/brac-amtw-or01/,True
0330,誕生花,サクランボ,花ことば：上品,一般財団法人日本花普及センター「誕生花・花ことば366」（長野県 https://www.pref.nagano.lg.jp/enchiku/sangyo/nogyo/engei-suisan/kaki/documents/hanakotoba.pdf・source/birthday/hanakotoba.pdf を2回読み比べて書き起こし）,True
0330,記念日・できごと（旬）,つくし,土手や野原にひょっこり伸びる、春の訪れを知らせる小さな芽。,,False
0330,記念日・できごと（旬）,新わかめ,春に摘まれたやわらかいわかめ。湯通しすると鮮やかな緑に変わる。,,False
0331,誕生石（月）,アクアマリン・サンゴ・ブラッドストーン・アイオライト,,全国宝石卸商協同組合 2021年12月改定（デイリースポーツ https://www.daily.co.jp/society/life/2021/12/20/0014929848.shtml ほか。work/knowledge/10_誕生日もの.md）,True
0331,誕生色,鈍色,にびいろ／#727171／春の雷を連れてくる、重たく垂れこめた雲の灰色（雷乃発声にちなむ）,当サイト独自の選び方（七十二候にちなむ日本の伝統色。work/knowledge/10_誕生日もの.md）・色の値：https://www.colordic.org/colorsample/2292,True
0331,誕生日石,ルビー,デーカンの支配星・太陽の石。燃えるような赤から情熱と勇気の象徴とされ、インドでは『宝石の王』と呼ばれた。,当サイト独自の選び方（誕生石・デーカンの支配星・誕生色から、販売されている石。work/knowledge/10_誕生日もの.md）・販売例：https://store.karatz.jp/en/collections/ruby,True
0331,誕生花,イチゴ,花ことば：尊重と愛情,一般財団法人日本花普及センター「誕生花・花ことば366」（長野県 https://www.pref.nagano.lg.jp/enchiku/sangyo/nogyo/engei-suisan/kaki/documents/hanakotoba.pdf・source/birthday/hanakotoba.pdf を2回読み比べて書き起こし）,True
0331,記念日・できごと（記念日）,オーケストラの日,「耳に一番(3・1)」の語呂から、オーケストラの生演奏に親しむ日。,https://netlab.click/todayis/0331,True
0331,記念日・できごと（できごと）,ユニバーサル・スタジオ・ジャパンが開園,2001年。大阪に映画の世界を体験できるテーマパークが誕生した日。,https://netlab.click/todayis/0331,True
0401,誕生石（月）,ダイヤモンド・モルガナイト,,全国宝石卸商協同組合 2021年12月改定（デイリースポーツ https://www.daily.co.jp/society/life/2021/12/20/0014929848.shtml ほか。work/knowledge/10_誕生日もの.md）,True
0401,誕生色,青鈍,あおにび／#6B7B6E／雷雨の前の空いっぱいに広がる、青みのある灰色（雷乃発声にちなむ）,当サイト独自の選び方（七十二候にちなむ日本の伝統色。work/knowledge/10_誕生日もの.md）・色の値：https://www.colordic.org/colorsample/2118,True
0401,誕生日石,モルガナイト,4月の誕生石。やわらかな桃色から、優しさや思いやり、愛情を育てる石と言われる。,当サイト独自の選び方（誕生石・デーカンの支配星・誕生色から、販売されている石。work/knowledge/10_誕生日もの.md）・販売例：https://booth.pm/ja/items/7931205,True
0401,誕生花,ソメイヨシノ,花ことば：優れた美人,一般財団法人日本花普及センター「誕生花・花ことば366」（長野県 https://www.pref.nagano.lg.jp/enchiku/sangyo/nogyo/engei-suisan/kaki/documents/hanakotoba.pdf・source/birthday/hanakotoba.pdf を2回読み比べて書き起こし）,True
0401,記念日・できごと（行事）,エイプリルフール,罪のない小さなうそで、まわりを笑顔にすることが許される日。,https://netlab.click/todayis/0401,True
0401,記念日・できごと（できごと）,海外観光旅行が自由化される,1964年。日本人が観光目的で自由に海外へ出かけられるようになった日。,,False
0401,記念日・できごと（できごと）,500円硬貨の発行,1982年。500円玉が初めて発行された日。いまでは貯金箱の主役にもなった硬貨の誕生日。,https://netlab.click/todayis/0401,True
0402,誕生石（月）,ダイヤモンド・モルガナイト,,全国宝石卸商協同組合 2021年12月改定（デイリースポーツ https://www.daily.co.jp/society/life/2021/12/20/0014929848.shtml ほか。work/knowledge/10_誕生日もの.md）,True
0402,誕生色,群青色,ぐんじょういろ／#4C6CB3／雷鳴が響いたあとに晴れわたる、深い空の青（雷乃発声にちなむ）,当サイト独自の選び方（七十二候にちなむ日本の伝統色。work/knowledge/10_誕生日もの.md）・色の値：https://www.colordic.org/colorsample/2066,True
0402,誕生日石,シトリン,デーカンの支配星・太陽の石。太陽のような黄色から、明るさや豊かさを招く『商人の石』と呼ばれることがある。,当サイト独自の選び方（誕生石・デーカンの支配星・誕生色から、販売されている石。work/knowledge/10_誕生日もの.md）・販売例：https://www.creema.jp/item/16248173/detail,True
0402,誕生花,ミヤコワスレ,花ことば：また逢う日まで,一般財団法人日本花普及センター「誕生花・花ことば366」（長野県 https://www.pref.nagano.lg.jp/enchiku/sangyo/nogyo/engei-suisan/kaki/documents/hanakotoba.pdf・source/birthday/hanakotoba.pdf を2回読み比べて書き起こし）,True
0402,記念日・できごと（旬）,たけのこ,土からぐんぐん伸びる春の味覚。掘りたては甘くえぐみが少ない。,,False
0402,記念日・できごと（記念日）,国際こどもの本の日,1967年。童話作家アンデルセンの誕生日にちなみ、子どもと本の出会いを応援する日。,https://netlab.click/todayis/0402,True
0402,記念日・できごと（記念日）,世界自閉症啓発デー,自閉症について知り、周りの理解を深めていこうという国連の国際デー。,https://dic.nicovideo.jp/a/4%E6%9C%882%E6%97%A5,True
0403,誕生石（月）,ダイヤモンド・モルガナイト,,全国宝石卸商協同組合 2021年12月改定（デイリースポーツ https://www.daily.co.jp/society/life/2021/12/20/0014929848.shtml ほか。work/knowledge/10_誕生日もの.md）,True
0403,誕生色,藍色,あいいろ／#165E83／春の雷とともに降りだす、恵みの夜雨の深い藍（雷乃発声にちなむ）,当サイト独自の選び方（七十二候にちなむ日本の伝統色。work/knowledge/10_誕生日もの.md）・色の値：https://www.colordic.org/colorsample/2076,True
0403,誕生日石,サンストーン,デーカンの支配星・太陽の石。太陽のきらめきを閉じ込めたような石で、前向きな気持ちや自信を呼ぶと言われる。,当サイト独自の選び方（誕生石・デーカンの支配星・誕生色から、販売されている石。work/knowledge/10_誕生日もの.md）・販売例：https://item.rakuten.co.jp/auc-hinryo/c/0000000145/,True
0403,誕生花,アスター,花ことば：心配り,一般財団法人日本花普及センター「誕生花・花ことば366」（長野県 https://www.pref.nagano.lg.jp/enchiku/sangyo/nogyo/engei-suisan/kaki/documents/hanakotoba.pdf・source/birthday/hanakotoba.pdf を2回読み比べて書き起こし）,True
0403,記念日・できごと（できごと）,愛林日,1934年。日本初の中央植樹行事が開かれたことにちなむ、木を植え森を育てる日。,https://netlab.click/todayis/0403,True
0403,記念日・できごと（記念日）,シーサーの日,「シー(4)サー(3)」の語呂から、沖縄の守り神シーサーに親しむ日。,https://bestcalendar.jp/dates/kinenbi/1794,True
0404,誕生石（月）,ダイヤモンド・モルガナイト,,全国宝石卸商協同組合 2021年12月改定（デイリースポーツ https://www.daily.co.jp/society/life/2021/12/20/0014929848.shtml ほか。work/knowledge/10_誕生日もの.md）,True
0404,誕生色,金色,きんいろ／#E6B422／雲を裂いて走り、目覚めを告げる稲光のまばゆい金（雷乃発声にちなむ）,当サイト独自の選び方（七十二候にちなむ日本の伝統色。work/knowledge/10_誕生日もの.md）・色の値：https://www.colordic.org/colorsample/2237,True
0404,誕生日石,琥珀,デーカンの支配星・太陽の石・誕生色（金色）に近い橙系。太古の樹脂が固まったもので、太陽のかけらとたとえられ、長寿や繁栄の象徴とされる。,当サイト独自の選び方（誕生石・デーカンの支配星・誕生色から、販売されている石。work/knowledge/10_誕生日もの.md）・販売例：https://item.rakuten.co.jp/mjade/c/0000001973/,True
0404,誕生花,カスミソウ(白),花ことば：静心,一般財団法人日本花普及センター「誕生花・花ことば366」（長野県 https://www.pref.nagano.lg.jp/enchiku/sangyo/nogyo/engei-suisan/kaki/documents/hanakotoba.pdf・source/birthday/hanakotoba.pdf を2回読み比べて書き起こし）,True
0404,記念日・できごと（できごと）,あんぱんの日,1875年。桜の花の塩漬けをのせたあんぱんが献上されたことにちなむ日。,https://netlab.click/todayis/0404,True
0404,記念日・できごと（記念日）,ピアノ調律の日,Aprilの「A」と基準音ラの440ヘルツを4月4日に重ねた、音を整える日。,https://netlab.click/todayis/0404,True
0405,誕生石（月）,ダイヤモンド・モルガナイト,,全国宝石卸商協同組合 2021年12月改定（デイリースポーツ https://www.daily.co.jp/society/life/2021/12/20/0014929848.shtml ほか。work/knowledge/10_誕生日もの.md）,True
0405,誕生色,濡羽色,ぬればいろ／#000B00／海を越えて渡ってきたつばめの、つやのある黒い羽（玄鳥至にちなむ）,当サイト独自の選び方（七十二候にちなむ日本の伝統色。work/knowledge/10_誕生日もの.md）・色の値：https://www.colordic.org/colorsample/2299,True
0405,誕生日石,タイガーアイ,デーカンの支配星・太陽の石。虎の目のような光の筋から、物事を見通す力と決断力を授ける石と言われる。,当サイト独自の選び方（誕生石・デーカンの支配星・誕生色から、販売されている石。work/knowledge/10_誕生日もの.md）・販売例：https://item.rakuten.co.jp/holonshop/c/0000000423/,True
0405,誕生花,ワスレナグサ(青),花ことば：真実の愛,一般財団法人日本花普及センター「誕生花・花ことば366」（長野県 https://www.pref.nagano.lg.jp/enchiku/sangyo/nogyo/engei-suisan/kaki/documents/hanakotoba.pdf・source/birthday/hanakotoba.pdf を2回読み比べて書き起こし）,True
0405,記念日・できごと（旬）,山菜摘み,わらびやぜんまいなど、山のめぐみを摘みに出かけたくなる季節。,,False
0405,記念日・できごと（記念日）,横丁の日,「よ(4)こ(5)ちょう」の語呂から、路地裏の小さな横丁の味わいを楽しむ日。,https://zatsuneta.com/category/anniversary04.html,True
0406,誕生石（月）,ダイヤモンド・モルガナイト,,全国宝石卸商協同組合 2021年12月改定（デイリースポーツ https://www.daily.co.jp/society/life/2021/12/20/0014929848.shtml ほか。work/knowledge/10_誕生日もの.md）,True
0406,誕生色,鉄紺,てつこん／#17184B／軒先を素早く飛び交うつばめの翼の、黒に近い紺（玄鳥至にちなむ）,当サイト独自の選び方（七十二候にちなむ日本の伝統色。work/knowledge/10_誕生日もの.md）・色の値：https://www.colordic.org/colorsample/2058,True
0406,誕生日石,モルガナイト,4月の誕生石。やわらかな桃色から、優しさや思いやり、愛情を育てる石と言われる。,当サイト独自の選び方（誕生石・デーカンの支配星・誕生色から、販売されている石。work/knowledge/10_誕生日もの.md）・販売例：https://booth.pm/ja/items/7931205,True
0406,誕生花,キンレンカ,花ことば：期待,一般財団法人日本花普及センター「誕生花・花ことば366」（長野県 https://www.pref.nagano.lg.jp/enchiku/sangyo/nogyo/engei-suisan/kaki/documents/hanakotoba.pdf・source/birthday/hanakotoba.pdf を2回読み比べて書き起こし）,True
0406,記念日・できごと（記念日）,城の日,「し(4)ろ(6)」の語呂から、各地の城とその歴史に親しむ日。,https://zatsuneta.com/category/anniversary04.html,True
0407,誕生石（月）,ダイヤモンド・モルガナイト,,全国宝石卸商協同組合 2021年12月改定（デイリースポーツ https://www.daily.co.jp/society/life/2021/12/20/0014929848.shtml ほか。work/knowledge/10_誕生日もの.md）,True
0407,誕生色,勿忘草色,わすれなぐさいろ／#89C3EB／つばめが季節を運んでくる、春の空の明るい青（玄鳥至にちなむ）,当サイト独自の選び方（七十二候にちなむ日本の伝統色。work/knowledge/10_誕生日もの.md）・色の値：https://www.colordic.org/colorsample/2085,True
0407,誕生日石,ルビー,デーカンの支配星・太陽の石。燃えるような赤から情熱と勇気の象徴とされ、インドでは『宝石の王』と呼ばれた。,当サイト独自の選び方（誕生石・デーカンの支配星・誕生色から、販売されている石。work/knowledge/10_誕生日もの.md）・販売例：https://store.karatz.jp/en/collections/ruby,True
0407,誕生花,アカツメクサ,花ことば：豊かな愛,一般財団法人日本花普及センター「誕生花・花ことば366」（長野県 https://www.pref.nagano.lg.jp/enchiku/sangyo/nogyo/engei-suisan/kaki/documents/hanakotoba.pdf・source/birthday/hanakotoba.pdf を2回読み比べて書き起こし）,True
0407,記念日・できごと（記念日）,世界保健デー,1948年。世界保健機関の発足にちなみ、みんなの健康を考える国際デー。,https://netlab.click/todayis/0407,True
0407,記念日・できごと（記念日）,鉄腕アトムの誕生日,手塚治虫の漫画で、心やさしいロボット・アトムが生まれたとされる日。,https://netlab.click/todayis/0407,True
0408,誕生石（月）,ダイヤモンド・モルガナイト,,全国宝石卸商協同組合 2021年12月改定（デイリースポーツ https://www.daily.co.jp/society/life/2021/12/20/0014929848.shtml ほか。work/knowledge/10_誕生日もの.md）,True
0408,誕生色,天色,あまいろ／#2CA9E1／つばめが軽やかに切って飛ぶ、晴れわたった空の色（玄鳥至にちなむ）,当サイト独自の選び方（七十二候にちなむ日本の伝統色。work/knowledge/10_誕生日もの.md）・色の値：https://www.colordic.org/w,True
0408,誕生日石,シトリン,デーカンの支配星・太陽の石。太陽のような黄色から、明るさや豊かさを招く『商人の石』と呼ばれることがある。,当サイト独自の選び方（誕生石・デーカンの支配星・誕生色から、販売されている石。work/knowledge/10_誕生日もの.md）・販売例：https://www.creema.jp/item/16248173/detail,True
0408,誕生花,リンゴ,花ことば：選ばれた恋,一般財団法人日本花普及センター「誕生花・花ことば366」（長野県 https://www.pref.nagano.lg.jp/enchiku/sangyo/nogyo/engei-suisan/kaki/documents/hanakotoba.pdf・source/birthday/hanakotoba.pdf を2回読み比べて書き起こし）,True
0408,記念日・できごと（行事）,花祭り,甘茶をかけ花で飾ったお堂を用意して、春の訪れとともに祝う伝統行事。,https://zatsuneta.com/category/anniversary04.html,True
0408,記念日・できごと（記念日）,忠犬ハチ公の日,渋谷駅で主人の帰りを待ち続けたハチ公をしのび、人と犬の絆を思う日。,https://netlab.click/todayis/0408,True
0409,誕生石（月）,ダイヤモンド・モルガナイト,,全国宝石卸商協同組合 2021年12月改定（デイリースポーツ https://www.daily.co.jp/society/life/2021/12/20/0014929848.shtml ほか。work/knowledge/10_誕生日もの.md）,True
0409,誕生色,勿忘草色,わすれなぐさいろ／#89C3EB／つばめが季節を運んでくる、春の空の明るい青（玄鳥至にちなむ）,当サイト独自の選び方（七十二候にちなむ日本の伝統色。work/knowledge/10_誕生日もの.md）・色の値：https://www.colordic.org/colorsample/2085,True
0409,誕生日石,サンストーン,デーカンの支配星・太陽の石。太陽のきらめきを閉じ込めたような石で、前向きな気持ちや自信を呼ぶと言われる。,当サイト独自の選び方（誕生石・デーカンの支配星・誕生色から、販売されている石。work/knowledge/10_誕生日もの.md）・販売例：https://item.rakuten.co.jp/auc-hinryo/c/0000000145/,True
0409,誕生花,ヤマブキ,花ことば：気品が高い,一般財団法人日本花普及センター「誕生花・花ことば366」（長野県 https://www.pref.nagano.lg.jp/enchiku/sangyo/nogyo/engei-suisan/kaki/documents/hanakotoba.pdf・source/birthday/hanakotoba.pdf を2回読み比べて書き起こし）,True
0409,記念日・できごと（できごと）,大仏の日,752年。奈良・東大寺の大仏の完成を祝う、盛大な式典が開かれたことにちなむ日。,https://zatsuneta.com/category/anniversary04.html,True
0409,記念日・できごと（記念日）,フォークソングの日,ギター1本で思いを歌うフォークソングの、素朴な魅力を味わう日。,https://zatsuneta.com/category/anniversary04.html,True
0410,誕生石（月）,ダイヤモンド・モルガナイト,,全国宝石卸商協同組合 2021年12月改定（デイリースポーツ https://www.daily.co.jp/society/life/2021/12/20/0014929848.shtml ほか。work/knowledge/10_誕生日もの.md）,True
0410,誕生色,鼠色,ねずみいろ／#949495／隊列を組んで北へ帰っていく、雁の群れの灰色の羽（鴻雁北にちなむ）,当サイト独自の選び方（七十二候にちなむ日本の伝統色。work/knowledge/10_誕生日もの.md）・色の値：https://www.colordic.org/colorsample/2289,True
0410,誕生日石,ラピスラズリ,デーカンの支配星・木星の石。古代エジプトで聖なる石とされ、日本でも仏教の七宝の一つ『瑠璃』として尊ばれた。,当サイト独自の選び方（誕生石・デーカンの支配星・誕生色から、販売されている石。work/knowledge/10_誕生日もの.md）・販売例：https://item.rakuten.co.jp/carat/c/0000000412/,True
0410,誕生花,イチジク,花ことば：実りある恋,一般財団法人日本花普及センター「誕生花・花ことば366」（長野県 https://www.pref.nagano.lg.jp/enchiku/sangyo/nogyo/engei-suisan/kaki/documents/hanakotoba.pdf・source/birthday/hanakotoba.pdf を2回読み比べて書き起こし）,True
0410,記念日・できごと（記念日）,駅弁の日,1993年。「4」と「十」を重ねると「弁」の字に見えることから生まれた、駅弁を味わう日。,https://bestcalendar.jp/dates/kinenbi/1922,True
0410,記念日・できごと（記念日）,四万十の日,旧中村市と旧西土佐村が合併し、四万十市が生まれたことにちなむ日。,https://tabi-mag.jp/day0410/,True
0411,誕生石（月）,ダイヤモンド・モルガナイト,,全国宝石卸商協同組合 2021年12月改定（デイリースポーツ https://www.daily.co.jp/society/life/2021/12/20/0014929848.shtml ほか。work/knowledge/10_誕生日もの.md）,True
0411,誕生色,利休鼠,りきゅうねずみ／#888E7E／雁が飛び立っていく春の湿地の、緑がかった灰色（鴻雁北にちなむ）,当サイト独自の選び方（七十二候にちなむ日本の伝統色。work/knowledge/10_誕生日もの.md）・色の値：https://www.colordic.org/colorsample/2119,True
0411,誕生日石,サファイア,デーカンの支配星・木星の石。天の青を映す石とされ、誠実さと慈愛の象徴。中世の聖職者が身につけたと伝わる。,当サイト独自の選び方（誕生石・デーカンの支配星・誕生色から、販売されている石。work/knowledge/10_誕生日もの.md）・販売例：https://www.creema.jp/item/3016761/detail,True
0411,誕生花,ヤグルマソウ,花ことば：繊細な心,一般財団法人日本花普及センター「誕生花・花ことば366」（長野県 https://www.pref.nagano.lg.jp/enchiku/sangyo/nogyo/engei-suisan/kaki/documents/hanakotoba.pdf・source/birthday/hanakotoba.pdf を2回読み比べて書き起こし）,True
0411,記念日・できごと（できごと）,メートル法公布記念日,1921年。長さや重さをメートル法で測る決まりが公布され、単位がそろい始めた日。,https://zatsuneta.com/archives/104111.html,True
0412,誕生石（月）,ダイヤモンド・モルガナイト,,全国宝石卸商協同組合 2021年12月改定（デイリースポーツ https://www.daily.co.jp/society/life/2021/12/20/0014929848.shtml ほか。work/knowledge/10_誕生日もの.md）,True
0412,誕生色,錆鼠,さびねず／#47585C／北の空を目指して進む雁の、くすんだ背の色（鴻雁北にちなむ）,当サイト独自の選び方（七十二候にちなむ日本の伝統色。work/knowledge/10_誕生日もの.md）・色の値：https://www.colordic.org/colorsample/2097,True
0412,誕生日石,ターコイズ,デーカンの支配星・木星の石。世界で最も古くから使われた宝石の一つで、旅の安全や身を守るお守りとされてきた。,当サイト独自の選び方（誕生石・デーカンの支配星・誕生色から、販売されている石。work/knowledge/10_誕生日もの.md）・販売例：https://store.shopping.yahoo.co.jp/beadsner/turcno11b.html,True
0412,誕生花,カスミソウ(ピンク),花ことば：切なる喜び,一般財団法人日本花普及センター「誕生花・花ことば366」（長野県 https://www.pref.nagano.lg.jp/enchiku/sangyo/nogyo/engei-suisan/kaki/documents/hanakotoba.pdf・source/birthday/hanakotoba.pdf を2回読み比べて書き起こし）,True
0412,記念日・できごと（記念日）,パンの日,1842年。江川英龍が兵糧パンを焼いた記録にちなむ、日本のパンの始まりの日。,https://netlab.click/todayis/0412,True
0412,記念日・できごと（できごと）,世界宇宙飛行の日,1961年。人類が初めて宇宙を飛び、地球は青かったと伝えた日。,https://zatsuneta.com/archives/104121.html,True
0413,誕生石（月）,ダイヤモンド・モルガナイト,,全国宝石卸商協同組合 2021年12月改定（デイリースポーツ https://www.daily.co.jp/society/life/2021/12/20/0014929848.shtml ほか。work/knowledge/10_誕生日もの.md）,True
0413,誕生色,薄花色,うすはないろ／#698AAB／雁の隊列が小さく遠ざかっていく、春の空の青（鴻雁北にちなむ）,当サイト独自の選び方（七十二候にちなむ日本の伝統色。work/knowledge/10_誕生日もの.md）・色の値：https://www.colordic.org/w,True
0413,誕生日石,サファイア,デーカンの支配星・木星の石・誕生色（薄花色）に近い青系。天の青を映す石とされ、誠実さと慈愛の象徴。中世の聖職者が身につけたと伝わる。,当サイト独自の選び方（誕生石・デーカンの支配星・誕生色から、販売されている石。work/knowledge/10_誕生日もの.md）・販売例：https://www.creema.jp/item/3016761/detail,True
0413,誕生花,レンゲソウ,花ことば：私の幸福,一般財団法人日本花普及センター「誕生花・花ことば366」（長野県 https://www.pref.nagano.lg.jp/enchiku/sangyo/nogyo/engei-suisan/kaki/documents/hanakotoba.pdf・source/birthday/hanakotoba.pdf を2回読み比べて書き起こし）,True
0413,記念日・できごと（できごと）,喫茶店の日,1888年。東京・上野に日本初の喫茶店「可否茶館」が開かれたことにちなむ日。,https://gendai.media/articles/-/63896,True
0414,誕生石（月）,ダイヤモンド・モルガナイト,,全国宝石卸商協同組合 2021年12月改定（デイリースポーツ https://www.daily.co.jp/society/life/2021/12/20/0014929848.shtml ほか。work/knowledge/10_誕生日もの.md）,True
0414,誕生色,素鼠,すねず／#9FA0A0／別れの空を静かに渡っていく雁の、飾らない灰色（鴻雁北にちなむ）,当サイト独自の選び方（七十二候にちなむ日本の伝統色。work/knowledge/10_誕生日もの.md）・色の値：https://www.colordic.org/colorsample/2395,True
0414,誕生日石,ラピスラズリ,デーカンの支配星・木星の石。古代エジプトで聖なる石とされ、日本でも仏教の七宝の一つ『瑠璃』として尊ばれた。,当サイト独自の選び方（誕生石・デーカンの支配星・誕生色から、販売されている石。work/knowledge/10_誕生日もの.md）・販売例：https://item.rakuten.co.jp/carat/c/0000000412/,True
0414,誕生花,ウツギ,花ことば：風情,一般財団法人日本花普及センター「誕生花・花ことば366」（長野県 https://www.pref.nagano.lg.jp/enchiku/sangyo/nogyo/engei-suisan/kaki/documents/hanakotoba.pdf・source/birthday/hanakotoba.pdf を2回読み比べて書き起こし）,True
0414,記念日・できごと（記念日）,オレンジデー,愛媛の柑橘農家が定めた日。バレンタイン、ホワイトデーに続きオレンジを贈り合う。,https://netlab.click/todayis/0414,True
0414,記念日・できごと（記念日）,良い年の日,「よ(4)い(1)とし(4)」の語呂から、これからの一年が良い年になるよう願う日。,https://zatsuneta.com/archives/104146.html,True
0415,誕生石（月）,ダイヤモンド・モルガナイト,,全国宝石卸商協同組合 2021年12月改定（デイリースポーツ https://www.daily.co.jp/society/life/2021/12/20/0014929848.shtml ほか。work/knowledge/10_誕生日もの.md）,True
0415,誕生色,山吹色,やまぶきいろ／#F8B500／雨上がりの虹の中ほどに輝く、明るい黄金色（虹始見にちなむ）,当サイト独自の選び方（七十二候にちなむ日本の伝統色。work/knowledge/10_誕生日もの.md）・色の値：https://www.colordic.org/colorsample/2122,True
0415,誕生日石,タイガーアイ,デーカンの支配星・木星の石。虎の目のような光の筋から、物事を見通す力と決断力を授ける石と言われる。,当サイト独自の選び方（誕生石・デーカンの支配星・誕生色から、販売されている石。work/knowledge/10_誕生日もの.md）・販売例：https://item.rakuten.co.jp/holonshop/c/0000000423/,True
0415,誕生花,ワスレナグサ(白),花ことば：私を忘れないで,一般財団法人日本花普及センター「誕生花・花ことば366」（長野県 https://www.pref.nagano.lg.jp/enchiku/sangyo/nogyo/engei-suisan/kaki/documents/hanakotoba.pdf・source/birthday/hanakotoba.pdf を2回読み比べて書き起こし）,True
0415,記念日・できごと（できごと）,東京ディズニーランドが開園,千葉・舞浜に東京ディズニーランドが開園したことにちなむ記念日。,https://bestcalendar.jp/dates/kinenbi/1989,True
0415,記念日・できごと（記念日）,ヘリコプターの日,ヘリコプターの原理を考えたダ・ヴィンチの誕生日にちなむ、空の乗り物の日。,https://netlab.click/todayis/0415,True
0416,誕生石（月）,ダイヤモンド・モルガナイト,,全国宝石卸商協同組合 2021年12月改定（デイリースポーツ https://www.daily.co.jp/society/life/2021/12/20/0014929848.shtml ほか。work/knowledge/10_誕生日もの.md）,True
0416,誕生色,露草色,つゆくさいろ／#38A1DB／雨に洗われた空と、虹の中に見える澄んだ青の帯（虹始見にちなむ）,当サイト独自の選び方（七十二候にちなむ日本の伝統色。work/knowledge/10_誕生日もの.md）・色の値：https://www.colordic.org/w,True
0416,誕生日石,ターコイズ,デーカンの支配星・木星の石・誕生色（露草色）に近い青系。世界で最も古くから使われた宝石の一つで、旅の安全や身を守るお守りとされてきた。,当サイト独自の選び方（誕生石・デーカンの支配星・誕生色から、販売されている石。work/knowledge/10_誕生日もの.md）・販売例：https://store.shopping.yahoo.co.jp/beadsner/turcno11b.html,True
0416,誕生花,レンゲツツジ,花ことば：あふれる向上心,一般財団法人日本花普及センター「誕生花・花ことば366」（長野県 https://www.pref.nagano.lg.jp/enchiku/sangyo/nogyo/engei-suisan/kaki/documents/hanakotoba.pdf・source/birthday/hanakotoba.pdf を2回読み比べて書き起こし）,True
0416,記念日・できごと（できごと）,ボーイズ・ビー・アンビシャスデー,1877年。クラーク博士が別れ際に「少年よ大志を抱け」と言葉を残した日。,,False
0416,記念日・できごと（記念日）,えのすいの日,2004年。神奈川・藤沢に新江ノ島水族館がグランドオープンしたことにちなむ日。,https://netlab.click/todayis/0416,True
0417,誕生石（月）,ダイヤモンド・モルガナイト,,全国宝石卸商協同組合 2021年12月改定（デイリースポーツ https://www.daily.co.jp/society/life/2021/12/20/0014929848.shtml ほか。work/knowledge/10_誕生日もの.md）,True
0417,誕生色,桔梗色,ききょういろ／#5654A2／雨上がりの虹のいちばん内側に見える、深い青紫（虹始見にちなむ）,当サイト独自の選び方（七十二候にちなむ日本の伝統色。work/knowledge/10_誕生日もの.md）・色の値：https://www.colordic.org/colorsample/2052,True
0417,誕生日石,ラピスラズリ,デーカンの支配星・木星の石・誕生色（桔梗色）に近い藍系。古代エジプトで聖なる石とされ、日本でも仏教の七宝の一つ『瑠璃』として尊ばれた。,当サイト独自の選び方（誕生石・デーカンの支配星・誕生色から、販売されている石。work/knowledge/10_誕生日もの.md）・販売例：https://item.rakuten.co.jp/carat/c/0000000412/,True
0417,誕生花,カキツバタ,花ことば：幸福が来る,一般財団法人日本花普及センター「誕生花・花ことば366」（長野県 https://www.pref.nagano.lg.jp/enchiku/sangyo/nogyo/engei-suisan/kaki/documents/hanakotoba.pdf・source/birthday/hanakotoba.pdf を2回読み比べて書き起こし）,True
0417,記念日・できごと（できごと）,恐竜の日,1923年。恐竜の卵の化石発見につながる探検隊が出発したことにちなむ日。,https://zatsuneta.com/archives/104171.html,True
0417,記念日・できごと（記念日）,クイーンの日,1975年。英国のロックバンド・クイーンが初めて来日したことにちなむ、名曲を聴きたくなる日。,https://netlab.click/todayis/0417,True
0418,誕生石（月）,ダイヤモンド・モルガナイト,,全国宝石卸商協同組合 2021年12月改定（デイリースポーツ https://www.daily.co.jp/society/life/2021/12/20/0014929848.shtml ほか。work/knowledge/10_誕生日もの.md）,True
0418,誕生色,藤色,ふじいろ／#BBBCDE／消えかけていく虹のふちにかすかに残る、淡い紫（虹始見にちなむ）,当サイト独自の選び方（七十二候にちなむ日本の伝統色。work/knowledge/10_誕生日もの.md）・色の値：https://www.colordic.org/colorsample/2050,True
0418,誕生日石,タンザナイト,誕生色（藤色）に近い藍系。1960年代に見つかった新しい宝石で、夕暮れの空の色から、冷静さと決断を表す石と言われる。,当サイト独自の選び方（誕生石・デーカンの支配星・誕生色から、販売されている石。work/knowledge/10_誕生日もの.md）・販売例：https://item.rakuten.co.jp/carat/c/0000000412/,True
0418,誕生花,スターチス(ピンク),花ことば：永久不変,一般財団法人日本花普及センター「誕生花・花ことば366」（長野県 https://www.pref.nagano.lg.jp/enchiku/sangyo/nogyo/engei-suisan/kaki/documents/hanakotoba.pdf・source/birthday/hanakotoba.pdf を2回読み比べて書き起こし）,True
0418,記念日・できごと（記念日）,お香の日,595年。淡路島に香木が流れ着いたという言い伝えにちなむ、香りを楽しむ日。,https://netlab.click/todayis/0418,True
0418,記念日・できごと（できごと）,発明の日,1885年。日本で特許の制度が始まったことにちなみ、発明と工夫をたたえる日。,https://gendai.media/articles/-/63930,True
0419,誕生石（月）,ダイヤモンド・モルガナイト,,全国宝石卸商協同組合 2021年12月改定（デイリースポーツ https://www.daily.co.jp/society/life/2021/12/20/0014929848.shtml ほか。work/knowledge/10_誕生日もの.md）,True
0419,誕生色,桔梗色,ききょういろ／#5654A2／雨上がりの虹のいちばん内側に見える、深い青紫（虹始見にちなむ）,当サイト独自の選び方（七十二候にちなむ日本の伝統色。work/knowledge/10_誕生日もの.md）・色の値：https://www.colordic.org/colorsample/2052,True
0419,誕生日石,ラピスラズリ,デーカンの支配星・木星の石・誕生色（桔梗色）に近い藍系。古代エジプトで聖なる石とされ、日本でも仏教の七宝の一つ『瑠璃』として尊ばれた。,当サイト独自の選び方（誕生石・デーカンの支配星・誕生色から、販売されている石。work/knowledge/10_誕生日もの.md）・販売例：https://item.rakuten.co.jp/carat/c/0000000412/,True
0419,誕生花,キショウブ,花ことば：幸せを掴む,一般財団法人日本花普及センター「誕生花・花ことば366」（長野県 https://www.pref.nagano.lg.jp/enchiku/sangyo/nogyo/engei-suisan/kaki/documents/hanakotoba.pdf・source/birthday/hanakotoba.pdf を2回読み比べて書き起こし）,True
0419,記念日・できごと（できごと）,地図の日,1800年。伊能忠敬が日本地図づくりの測量の旅に出発したことにちなむ日。,https://tabi-mag.jp/day0419/,True
0419,記念日・できごと（記念日）,飼育の日,2009年。「し(4)いく(19)」の語呂から、動物園や水族館の飼育の仕事を知る日。,https://netlab.click/todayis/0419,True
0420,誕生石（月）,ダイヤモンド・モルガナイト,,全国宝石卸商協同組合 2021年12月改定（デイリースポーツ https://www.daily.co.jp/society/life/2021/12/20/0014929848.shtml ほか。work/knowledge/10_誕生日もの.md）,True
0420,誕生色,木賊色,とくさいろ／#3B7960／水辺にすっと伸びる葦の、若くまっすぐな茎の緑（葭始生にちなむ）,当サイト独自の選び方（七十二候にちなむ日本の伝統色。work/knowledge/10_誕生日もの.md）・色の値：https://www.colordic.org/w,True
0420,誕生日石,ヒスイ,誕生色（木賊色）に近い緑系。日本では縄文時代から勾玉などに使われ、東洋で徳と長寿の象徴とされてきた。,当サイト独自の選び方（誕生石・デーカンの支配星・誕生色から、販売されている石。work/knowledge/10_誕生日もの.md）・販売例：https://item.rakuten.co.jp/luzhikari/1000hisuisa100/,True
0420,誕生花,シャガ,花ことば：決心,一般財団法人日本花普及センター「誕生花・花ことば366」（長野県 https://www.pref.nagano.lg.jp/enchiku/sangyo/nogyo/engei-suisan/kaki/documents/hanakotoba.pdf・source/birthday/hanakotoba.pdf を2回読み比べて書き起こし）,True
0420,記念日・できごと（できごと）,郵政記念日,1871年。日本で近代的な郵便制度が始まり、手紙が全国へ届くようになった日。,https://precious.jp/articles/-/60376,True
0420,記念日・できごと（記念日）,ジャムの日,果物の甘みをぎゅっと閉じ込めたジャムを、トーストにのせて味わう日。,https://zatsuneta.com/archives/a0420.html,True
0421,誕生石（月）,ダイヤモンド・モルガナイト,,全国宝石卸商協同組合 2021年12月改定（デイリースポーツ https://www.daily.co.jp/society/life/2021/12/20/0014929848.shtml ほか。work/knowledge/10_誕生日もの.md）,True
0421,誕生色,青磁色,せいじいろ／#7EBEA5／葦の芽が顔を出しはじめる浅瀬の、澄んだ青緑（葭始生にちなむ）,当サイト独自の選び方（七十二候にちなむ日本の伝統色。work/knowledge/10_誕生日もの.md）・色の値：https://www.colordic.org/colorsample/2102,True
0421,誕生日石,ダイヤモンド,4月の誕生石・デーカンの支配星・金星の石。『征服できない』という意味の名を持ち、永遠の絆や揺るがない意志の象徴とされる。,当サイト独自の選び方（誕生石・デーカンの支配星・誕生色から、販売されている石。work/knowledge/10_誕生日もの.md）・販売例：https://store.shopping.yahoo.co.jp/lecoeur/birthday04k.html,True
0421,誕生花,クロタネソウ,花ことば：夢を抱く,一般財団法人日本花普及センター「誕生花・花ことば366」（長野県 https://www.pref.nagano.lg.jp/enchiku/sangyo/nogyo/engei-suisan/kaki/documents/hanakotoba.pdf・source/birthday/hanakotoba.pdf を2回読み比べて書き起こし）,True
0421,記念日・できごと（できごと）,民放の日,1951年。民間放送のラジオ局に初めて予備免許が与えられたことにちなむ日。,https://zatsuneta.com/archives/104211.html,True
0421,記念日・できごと（記念日）,創造性とイノベーションの世界デー,新しいアイデアを生み出す力を大切にし、育てていこうという国連の国際デー。,https://netlab.click/todayis/0421,True
0422,誕生石（月）,ダイヤモンド・モルガナイト,,全国宝石卸商協同組合 2021年12月改定（デイリースポーツ https://www.daily.co.jp/society/life/2021/12/20/0014929848.shtml ほか。work/knowledge/10_誕生日もの.md）,True
0422,誕生色,青朽葉,あおくちば／#ADA250／去年の枯れ葦と新しい芽がまじる、黄みの緑（葭始生にちなむ）,当サイト独自の選び方（七十二候にちなむ日本の伝統色。work/knowledge/10_誕生日もの.md）・色の値：https://www.colordic.org/colorsample/2450,True
0422,誕生日石,イエローカルサイト,誕生色（青朽葉）に近い黄系。明るい黄色から、気持ちを前向きにし、学ぶ意欲を高める石と言われる。,当サイト独自の選び方（誕生石・デーカンの支配星・誕生色から、販売されている石。work/knowledge/10_誕生日もの.md）・販売例：https://item.rakuten.co.jp/jewelclimb/1042496/,True
0422,誕生花,ギボウシ,花ことば：心の落ち着き,一般財団法人日本花普及センター「誕生花・花ことば366」（長野県 https://www.pref.nagano.lg.jp/enchiku/sangyo/nogyo/engei-suisan/kaki/documents/hanakotoba.pdf・source/birthday/hanakotoba.pdf を2回読み比べて書き起こし）,True
0422,記念日・できごと（記念日）,アースデー,1970年。地球の環境について考え、身近なことから行動しようという日。,https://dic.nicovideo.jp/a/4%E6%9C%8822%E6%97%A5,True
0422,記念日・できごと（記念日）,よい夫婦の日,「よ(4)い夫婦(22)」の語呂から、夫婦でゆっくり感謝を伝え合う日。,,False
0423,誕生石（月）,ダイヤモンド・モルガナイト,,全国宝石卸商協同組合 2021年12月改定（デイリースポーツ https://www.daily.co.jp/society/life/2021/12/20/0014929848.shtml ほか。work/knowledge/10_誕生日もの.md）,True
0423,誕生色,錆青磁,さびせいじ／#A6C8B2／風を受けても折れない葦原の、落ち着いた灰緑（葭始生にちなむ）,当サイト独自の選び方（七十二候にちなむ日本の伝統色。work/knowledge/10_誕生日もの.md）・色の値：https://www.colordic.org/w,True
0423,誕生日石,ダイヤモンド,4月の誕生石・デーカンの支配星・金星の石。『征服できない』という意味の名を持ち、永遠の絆や揺るがない意志の象徴とされる。,当サイト独自の選び方（誕生石・デーカンの支配星・誕生色から、販売されている石。work/knowledge/10_誕生日もの.md）・販売例：https://store.shopping.yahoo.co.jp/lecoeur/birthday04k.html,True
0423,誕生花,ニワゼキショウ,花ことば：豊かな感情,一般財団法人日本花普及センター「誕生花・花ことば366」（長野県 https://www.pref.nagano.lg.jp/enchiku/sangyo/nogyo/engei-suisan/kaki/documents/hanakotoba.pdf・source/birthday/hanakotoba.pdf を2回読み比べて書き起こし）,True
0423,記念日・できごと（記念日）,子ども読書の日,2001年。子どもが本に親しむきっかけをつくろうと定められた、読書の日。,https://bestcalendar.jp/dates/kinenbi/2070,True
0423,記念日・できごと（記念日）,世界図書・著作権デー,1995年。本と著作権を大切にするユネスコの国際デー。スペインでは本と花を贈り合う。,https://bestcalendar.jp/dates/kinenbi/2068,True
0424,誕生石（月）,ダイヤモンド・モルガナイト,,全国宝石卸商協同組合 2021年12月改定（デイリースポーツ https://www.daily.co.jp/society/life/2021/12/20/0014929848.shtml ほか。work/knowledge/10_誕生日もの.md）,True
0424,誕生色,柳煤竹,やなぎすすたけ／#5B6356／新芽の足もとに残る枯れ葦の、暗い緑がかった茶（葭始生にちなむ）,当サイト独自の選び方（七十二候にちなむ日本の伝統色。work/knowledge/10_誕生日もの.md）・色の値：https://www.colordic.org/colorsample/2331,True
0424,誕生日石,スノーフレークオブシディアン,誕生色（柳煤竹）に近い灰系。黒地に雪の結晶のような白い模様が浮かび、困難の中に光を見つける石と言われる。,当サイト独自の選び方（誕生石・デーカンの支配星・誕生色から、販売されている石。work/knowledge/10_誕生日もの.md）・販売例：https://www.creema.jp/item/18528114/detail,True
0424,誕生花,オレンジ,花ことば：寛大,一般財団法人日本花普及センター「誕生花・花ことば366」（長野県 https://www.pref.nagano.lg.jp/enchiku/sangyo/nogyo/engei-suisan/kaki/documents/hanakotoba.pdf・source/birthday/hanakotoba.pdf を2回読み比べて書き起こし）,True
0424,記念日・できごと（できごと）,日本ダービー記念日,1932年。第1回の東京優駿が開かれ、日本の競馬の大舞台が始まった日。,https://zatsuneta.com/archives/a0424.html,True
0424,記念日・できごと（記念日）,植物学の日,植物学者・牧野富太郎博士の誕生日にちなみ、身近な草花に目を向ける日。,https://netlab.click/todayis/0424,True
0425,誕生石（月）,ダイヤモンド・モルガナイト,,全国宝石卸商協同組合 2021年12月改定（デイリースポーツ https://www.daily.co.jp/society/life/2021/12/20/0014929848.shtml ほか。work/knowledge/10_誕生日もの.md）,True
0425,誕生色,若苗色,わかなえいろ／#C7DC68／安心して伸びはじめた若い苗の、明るい黄緑（霜止出苗にちなむ）,当サイト独自の選び方（七十二候にちなむ日本の伝統色。work/knowledge/10_誕生日もの.md）・色の値：https://www.colordic.org/colorsample/2410,True
0425,誕生日石,ダイヤモンド,4月の誕生石・デーカンの支配星・金星の石。『征服できない』という意味の名を持ち、永遠の絆や揺るがない意志の象徴とされる。,当サイト独自の選び方（誕生石・デーカンの支配星・誕生色から、販売されている石。work/knowledge/10_誕生日もの.md）・販売例：https://store.shopping.yahoo.co.jp/lecoeur/birthday04k.html,True
0425,誕生花,ハハコグサ,花ことば：いつも思う,一般財団法人日本花普及センター「誕生花・花ことば366」（長野県 https://www.pref.nagano.lg.jp/enchiku/sangyo/nogyo/engei-suisan/kaki/documents/hanakotoba.pdf・source/birthday/hanakotoba.pdf を2回読み比べて書き起こし）,True
0425,記念日・できごと（記念日）,世界ペンギンの日,ペンギンが南極の基地近くに現れる時期にちなむ、ペンギンを見守る日。,https://tabi-mag.jp/day0425/,True
0425,記念日・できごと（できごと）,歩道橋の日,1963年。大阪駅前に本格的な横断歩道橋が完成したことにちなむ日。,https://dic.nicovideo.jp/t/a/4%E6%9C%8825%E6%97%A5,True
0426,誕生石（月）,ダイヤモンド・モルガナイト,,全国宝石卸商協同組合 2021年12月改定（デイリースポーツ https://www.daily.co.jp/society/life/2021/12/20/0014929848.shtml ほか。work/knowledge/10_誕生日もの.md）,True
0426,誕生色,千草色,ちぐさいろ／#92B5A9／苗代の水と育ちゆく苗が重なって見える、青みの緑（霜止出苗にちなむ）,当サイト独自の選び方（七十二候にちなむ日本の伝統色。work/knowledge/10_誕生日もの.md）・色の値：https://www.colordic.org/colorsample/2103,True
0426,誕生日石,エメラルド,デーカンの支配星・金星の石・誕生色（千草色）に近い緑系。若葉のような緑から再生と希望の象徴とされ、クレオパトラが愛した石と伝わる。,当サイト独自の選び方（誕生石・デーカンの支配星・誕生色から、販売されている石。work/knowledge/10_誕生日もの.md）・販売例：https://www.creema.jp/item/18576293/detail,True
0426,誕生花,アズマギク,花ことば：尊い愛,一般財団法人日本花普及センター「誕生花・花ことば366」（長野県 https://www.pref.nagano.lg.jp/enchiku/sangyo/nogyo/engei-suisan/kaki/documents/hanakotoba.pdf・source/birthday/hanakotoba.pdf を2回読み比べて書き起こし）,True
0426,記念日・できごと（記念日）,よい風呂の日,「よ(4)い風(2)呂(6)」の語呂から、お風呂でのんびり疲れを癒す日。,https://allabout.co.jp/gm/gc/454141/,True
0427,誕生石（月）,ダイヤモンド・モルガナイト,,全国宝石卸商協同組合 2021年12月改定（デイリースポーツ https://www.daily.co.jp/society/life/2021/12/20/0014929848.shtml ほか。work/knowledge/10_誕生日もの.md）,True
0427,誕生色,秘色色,ひそくいろ／#ABCED8／霜が降りなくなった朝の、澄んだ空の淡い青（霜止出苗にちなむ）,当サイト独自の選び方（七十二候にちなむ日本の伝統色。work/knowledge/10_誕生日もの.md）・色の値：https://www.colordic.org/colorsample/2086,True
0427,誕生日石,ダイヤモンド,4月の誕生石・デーカンの支配星・金星の石。『征服できない』という意味の名を持ち、永遠の絆や揺るがない意志の象徴とされる。,当サイト独自の選び方（誕生石・デーカンの支配星・誕生色から、販売されている石。work/knowledge/10_誕生日もの.md）・販売例：https://store.shopping.yahoo.co.jp/lecoeur/birthday04k.html,True
0427,誕生花,オキナグサ,花ことば：清純な心,一般財団法人日本花普及センター「誕生花・花ことば366」（長野県 https://www.pref.nagano.lg.jp/enchiku/sangyo/nogyo/engei-suisan/kaki/documents/hanakotoba.pdf・source/birthday/hanakotoba.pdf を2回読み比べて書き起こし）,True
0427,記念日・できごと（できごと）,駅伝誕生の日,1917年。京都から東京までたすきをつなぐ、日本初の駅伝が始まった日。,https://zatsuneta.com/archives/104272.html,True
0428,誕生石（月）,ダイヤモンド・モルガナイト,,全国宝石卸商協同組合 2021年12月改定（デイリースポーツ https://www.daily.co.jp/society/life/2021/12/20/0014929848.shtml ほか。work/knowledge/10_誕生日もの.md）,True
0428,誕生色,青緑,あおみどり／#00A497／水を張った苗代に空と苗が映りこむ、深い青緑（霜止出苗にちなむ）,当サイト独自の選び方（七十二候にちなむ日本の伝統色。work/knowledge/10_誕生日もの.md）・色の値：https://www.colordic.org/colorsample/2098,True
0428,誕生日石,ジルコン,誕生色（青緑）に近い青系。地球最古級の鉱物として知られ、強い輝きから安らぎと知恵をもたらす石と伝わる。,当サイト独自の選び方（誕生石・デーカンの支配星・誕生色から、販売されている石。work/knowledge/10_誕生日もの.md）・販売例：https://item.rakuten.co.jp/carat/c/0000000412/,True
0428,誕生花,ヒメハギ,花ことば：信じる恋,一般財団法人日本花普及センター「誕生花・花ことば366」（長野県 https://www.pref.nagano.lg.jp/enchiku/sangyo/nogyo/engei-suisan/kaki/documents/hanakotoba.pdf・source/birthday/hanakotoba.pdf を2回読み比べて書き起こし）,True
0428,記念日・できごと（できごと）,象の日,1729年。徳川吉宗が取り寄せた象が、京の都で天皇の前に披露されたことにちなむ日。,https://tabi-mag.jp/day0428/,True
0429,誕生石（月）,ダイヤモンド・モルガナイト,,全国宝石卸商協同組合 2021年12月改定（デイリースポーツ https://www.daily.co.jp/society/life/2021/12/20/0014929848.shtml ほか。work/knowledge/10_誕生日もの.md）,True
0429,誕生色,青白橡,あおしろつるばみ／#9BA88D／苗を見守る田んぼのあぜ道の、灰がかった緑（霜止出苗にちなむ）,当サイト独自の選び方（七十二候にちなむ日本の伝統色。work/knowledge/10_誕生日もの.md）・色の値：https://www.colordic.org/colorsample/2124,True
0429,誕生日石,モルガナイト,4月の誕生石。やわらかな桃色から、優しさや思いやり、愛情を育てる石と言われる。,当サイト独自の選び方（誕生石・デーカンの支配星・誕生色から、販売されている石。work/knowledge/10_誕生日もの.md）・販売例：https://booth.pm/ja/items/7931205,True
0429,誕生花,スターチス(黄),花ことば：愛の喜び,一般財団法人日本花普及センター「誕生花・花ことば366」（長野県 https://www.pref.nagano.lg.jp/enchiku/sangyo/nogyo/engei-suisan/kaki/documents/hanakotoba.pdf・source/birthday/hanakotoba.pdf を2回読み比べて書き起こし）,True
0429,記念日・できごと（記念日）,畳の日,い草の香りと緑の季節に、和の暮らしを支える畳を見直す日。,https://zatsuneta.com/category/anniversary04.html,True
0429,記念日・できごと（記念日）,ナポリタンの日,日本生まれの洋食、ケチャップ味のナポリタンを味わう日。,https://zatsuneta.com/category/anniversary04.html,True
0430,誕生石（月）,ダイヤモンド・モルガナイト,,全国宝石卸商協同組合 2021年12月改定（デイリースポーツ https://www.daily.co.jp/society/life/2021/12/20/0014929848.shtml ほか。work/knowledge/10_誕生日もの.md）,True
0430,誕生色,牡丹色,ぼたんいろ／#E7609E／百花の王・牡丹が大輪に咲いた、華やかな紅紫（牡丹華にちなむ）,当サイト独自の選び方（七十二候にちなむ日本の伝統色。work/knowledge/10_誕生日もの.md）・色の値：https://www.colordic.org/colorsample/2026,True
0430,誕生日石,スピネル,誕生色（牡丹色）に近い赤系。長くルビーと間違われてきた石で、内に秘めた力を表に出す後押しをすると言われる。,当サイト独自の選び方（誕生石・デーカンの支配星・誕生色から、販売されている石。work/knowledge/10_誕生日もの.md）・販売例：https://store.karatz.jp/products/12558534,True
0430,誕生花,ナシ,花ことば：和やかな愛情,一般財団法人日本花普及センター「誕生花・花ことば366」（長野県 https://www.pref.nagano.lg.jp/enchiku/sangyo/nogyo/engei-suisan/kaki/documents/hanakotoba.pdf・source/birthday/hanakotoba.pdf を2回読み比べて書き起こし）,True
0430,記念日・できごと（できごと）,図書館記念日,1950年。図書館法が公布され、誰でも本に触れられる図書館が広がった日。,https://netlab.click/todayis/0430,True
0501,誕生石（月）,エメラルド・ヒスイ,,全国宝石卸商協同組合 2021年12月改定（デイリースポーツ https://www.daily.co.jp/society/life/2021/12/20/0014929848.shtml ほか。work/knowledge/10_誕生日もの.md）,True
0501,誕生色,躑躅色,つつじいろ／#E95295／牡丹と同じ晩春の庭で咲き競う、鮮やかな紅（牡丹華にちなむ）,当サイト独自の選び方（七十二候にちなむ日本の伝統色。work/knowledge/10_誕生日もの.md）・色の値：https://www.colordic.org/colorsample/2027,True
0501,誕生日石,エメラルド,5月の誕生石・デーカンの支配星・水星の石。若葉のような緑から再生と希望の象徴とされ、クレオパトラが愛した石と伝わる。,当サイト独自の選び方（誕生石・デーカンの支配星・誕生色から、販売されている石。work/knowledge/10_誕生日もの.md）・販売例：https://www.creema.jp/item/18576293/detail,True
0501,誕生花,エーデルワイス,花ことば：初恋の感動,一般財団法人日本花普及センター「誕生花・花ことば366」（長野県 https://www.pref.nagano.lg.jp/enchiku/sangyo/nogyo/engei-suisan/kaki/documents/hanakotoba.pdf・source/birthday/hanakotoba.pdf を2回読み比べて書き起こし）,True
0501,記念日・できごと（記念日）,扇の日,「こ(5)い(1)」の語呂から、扇を贈り合い想いを伝える日として京都の業界が定めた日。,https://netlab.click/todayis/0501,True
0501,記念日・できごと（できごと）,しまなみ海道が全線開通,1999年。広島と愛媛の島々を橋でつなぐ道が完成し、自転車で海を渡れるようになった日。,https://bestcalendar.jp/2027/5/1,True
0502,誕生石（月）,エメラルド・ヒスイ,,全国宝石卸商協同組合 2021年12月改定（デイリースポーツ https://www.daily.co.jp/society/life/2021/12/20/0014929848.shtml ほか。work/knowledge/10_誕生日もの.md）,True
0502,誕生色,紅紫,べにむらさき／#B44C97／百花の王の気品と風格を思わせる、深い紅紫（牡丹華にちなむ）,当サイト独自の選び方（七十二候にちなむ日本の伝統色。work/knowledge/10_誕生日もの.md）・色の値：https://www.colordic.org/colorsample/2391,True
0502,誕生日石,ヒスイ,5月の誕生石。日本では縄文時代から勾玉などに使われ、東洋で徳と長寿の象徴とされてきた。,当サイト独自の選び方（誕生石・デーカンの支配星・誕生色から、販売されている石。work/knowledge/10_誕生日もの.md）・販売例：https://item.rakuten.co.jp/luzhikari/1000hisuisa100/,True
0502,誕生花,フクシア,花ことば：恋の予感,一般財団法人日本花普及センター「誕生花・花ことば366」（長野県 https://www.pref.nagano.lg.jp/enchiku/sangyo/nogyo/engei-suisan/kaki/documents/hanakotoba.pdf・source/birthday/hanakotoba.pdf を2回読み比べて書き起こし）,True
0502,記念日・できごと（できごと）,郵便貯金の取り扱いが始まる,1875年。郵便局でお金を預けられるようになり、身近な貯金の仕組みが日本で始まった日。,https://netlab.click/todayis/0502,True
0502,記念日・できごと（できごと）,宇宙滞在の日本人最長記録,2021年。野口聡一さんが宇宙ステーションから帰還し、日本人の宇宙滞在の最長記録を更新した日。,https://bestcalendar.jp/2027/5/2,True
0503,誕生石（月）,エメラルド・ヒスイ,,全国宝石卸商協同組合 2021年12月改定（デイリースポーツ https://www.daily.co.jp/society/life/2021/12/20/0014929848.shtml ほか。work/knowledge/10_誕生日もの.md）,True
0503,誕生色,赤紫,あかむらさき／#EB6EA5／重なり合う牡丹の花びらの、明るく華のある赤紫（牡丹華にちなむ）,当サイト独自の選び方（七十二候にちなむ日本の伝統色。work/knowledge/10_誕生日もの.md）・色の値：https://www.colordic.org/w,True
0503,誕生日石,エメラルド,5月の誕生石・デーカンの支配星・水星の石。若葉のような緑から再生と希望の象徴とされ、クレオパトラが愛した石と伝わる。,当サイト独自の選び方（誕生石・デーカンの支配星・誕生色から、販売されている石。work/knowledge/10_誕生日もの.md）・販売例：https://www.creema.jp/item/18576293/detail,True
0503,誕生花,スズラン,花ことば：清らかな愛,一般財団法人日本花普及センター「誕生花・花ことば366」（長野県 https://www.pref.nagano.lg.jp/enchiku/sangyo/nogyo/engei-suisan/kaki/documents/hanakotoba.pdf・source/birthday/hanakotoba.pdf を2回読み比べて書き起こし）,True
0503,記念日・できごと（記念日）,そうじの日,「ゴ(5)ミ(3)」の語呂から、そうじで身の回りと心を整えようと呼びかける日。,https://bestcalendar.jp/2027/5/3,True
0503,記念日・できごと（行事）,博多どんたく港まつり,福岡の街が仮装と踊りの行列でにぎわう、毎年5月3日・4日の大型の祭り。,https://bestcalendar.jp/2027/5/3,True
0504,誕生石（月）,エメラルド・ヒスイ,,全国宝石卸商協同組合 2021年12月改定（デイリースポーツ https://www.daily.co.jp/society/life/2021/12/20/0014929848.shtml ほか。work/knowledge/10_誕生日もの.md）,True
0504,誕生色,今様色,いまよういろ／#D0576B／平安の人が好んだ、牡丹の花にも似た流行の紅（牡丹華にちなむ）,当サイト独自の選び方（七十二候にちなむ日本の伝統色。work/knowledge/10_誕生日もの.md）・色の値：https://www.colordic.org/colorsample/2017,True
0504,誕生日石,レッドジャスパー,誕生色（今様色）に近い赤系。古くから護符に使われた赤い碧玉で、根気強さと安定をもたらす石と言われる。,当サイト独自の選び方（誕生石・デーカンの支配星・誕生色から、販売されている石。work/knowledge/10_誕生日もの.md）・販売例：https://minne.com/items/31236125,True
0504,誕生花,スターチス(紫),花ことば：しとやか,一般財団法人日本花普及センター「誕生花・花ことば366」（長野県 https://www.pref.nagano.lg.jp/enchiku/sangyo/nogyo/engei-suisan/kaki/documents/hanakotoba.pdf・source/birthday/hanakotoba.pdf を2回読み比べて書き起こし）,True
0504,記念日・できごと（記念日）,みどりの日,自然に親しみ、その恵みに感謝して豊かな心を育てる国民の祝日。,https://bestcalendar.jp/2027/5/4,True
0504,記念日・できごと（記念日）,スター・ウォーズの日,「May the Force」と「May the Fourth」をかけた、映画ファンが楽しむ日。,https://bestcalendar.jp/dates/kinenbi/2199,True
0504,記念日・できごと（記念日）,ラムネの日,初夏にぴったりの、ビー玉入りの瓶でおなじみの炭酸飲料ラムネを楽しむ日。,https://bestcalendar.jp/2027/5/4,True
0505,誕生石（月）,エメラルド・ヒスイ,,全国宝石卸商協同組合 2021年12月改定（デイリースポーツ https://www.daily.co.jp/society/life/2021/12/20/0014929848.shtml ほか。work/knowledge/10_誕生日もの.md）,True
0505,誕生色,中紅,なかべに／#C85179／堂々と開いた牡丹の花びらの奥に見える、濃い紅（牡丹華にちなむ）,当サイト独自の選び方（七十二候にちなむ日本の伝統色。work/knowledge/10_誕生日もの.md）・色の値：https://www.colordic.org/colorsample/2302,True
0505,誕生日石,ヒスイ,5月の誕生石。日本では縄文時代から勾玉などに使われ、東洋で徳と長寿の象徴とされてきた。,当サイト独自の選び方（誕生石・デーカンの支配星・誕生色から、販売されている石。work/knowledge/10_誕生日もの.md）・販売例：https://item.rakuten.co.jp/luzhikari/1000hisuisa100/,True
0505,誕生花,カラー(白),花ことば：壮大な美,一般財団法人日本花普及センター「誕生花・花ことば366」（長野県 https://www.pref.nagano.lg.jp/enchiku/sangyo/nogyo/engei-suisan/kaki/documents/hanakotoba.pdf・source/birthday/hanakotoba.pdf を2回読み比べて書き起こし）,True
0505,記念日・できごと（行事）,こどもの日・端午の節句,こいのぼりや兜を飾り、子どもたちの健やかな成長と幸せを願う日。,https://netlab.click/todayis/0505,True
0505,記念日・できごと（記念日）,おもちゃの日,こどもの日に合わせて、遊びを通して子どもの笑顔を広げようという日。,https://zatsuneta.com/category/anniversary05.html,True
0506,誕生石（月）,エメラルド・ヒスイ,,全国宝石卸商協同組合 2021年12月改定（デイリースポーツ https://www.daily.co.jp/society/life/2021/12/20/0014929848.shtml ほか。work/knowledge/10_誕生日もの.md）,True
0506,誕生色,緑青色,ろくしょういろ／#47885E／田んぼで合唱を始めた雨蛙の、落ち着いた緑（蛙始鳴にちなむ）,当サイト独自の選び方（七十二候にちなむ日本の伝統色。work/knowledge/10_誕生日もの.md）・色の値：https://www.colordic.org/colorsample/2108,True
0506,誕生日石,フローライト,デーカンの支配星・水星の石・誕生色（緑青色）に近い緑系。『天才の石』とも呼ばれ、考えを整理し、集中を助ける石と言われる。,当サイト独自の選び方（誕生石・デーカンの支配星・誕生色から、販売されている石。work/knowledge/10_誕生日もの.md）・販売例：https://www.creema.jp/item/21087266/detail,True
0506,誕生花,オダマキ,花ことば：負け知らず,一般財団法人日本花普及センター「誕生花・花ことば366」（長野県 https://www.pref.nagano.lg.jp/enchiku/sangyo/nogyo/engei-suisan/kaki/documents/hanakotoba.pdf・source/birthday/hanakotoba.pdf を2回読み比べて書き起こし）,True
0506,記念日・できごと（記念日）,コロッケの日,「コ(5)ロ(6)ッケ」の語呂合わせから生まれた、揚げたてコロッケを味わう日。,https://netlab.click/todayis/0506,True
0506,記念日・できごと（できごと）,プロ野球のセ・パ交流戦が初開幕,2005年。セ・リーグとパ・リーグのチームが公式戦で初めて戦う交流戦が始まった日。,https://bestcalendar.jp/2027/5/6,True
0506,記念日・できごと（できごと）,都営三田線が全線開通,1976年。都営地下鉄6号線（今の三田線）が全線つながり、通勤の足が広がった日。,https://bestcalendar.jp/2027/5/6,True
0507,誕生石（月）,エメラルド・ヒスイ,,全国宝石卸商協同組合 2021年12月改定（デイリースポーツ https://www.daily.co.jp/society/life/2021/12/20/0014929848.shtml ほか。work/knowledge/10_誕生日もの.md）,True
0507,誕生色,常磐色,ときわいろ／#007B43／蛙の声がにぎやかに響く、田のまわりの木々の緑（蛙始鳴にちなむ）,当サイト独自の選び方（七十二候にちなむ日本の伝統色。work/knowledge/10_誕生日もの.md）・色の値：https://www.colordic.org/colorsample/2107,True
0507,誕生日石,アベンチュリン,デーカンの支配星・水星の石・誕生色（常磐色）に近い緑系。きらめく緑から『幸運の石』と呼ばれ、穏やかさとチャンスを招くと言われる。,当サイト独自の選び方（誕生石・デーカンの支配星・誕生色から、販売されている石。work/knowledge/10_誕生日もの.md）・販売例：https://minne.com/items/16573062,True
0507,誕生花,ボタン,花ことば：はじらい,一般財団法人日本花普及センター「誕生花・花ことば366」（長野県 https://www.pref.nagano.lg.jp/enchiku/sangyo/nogyo/engei-suisan/kaki/documents/hanakotoba.pdf・source/birthday/hanakotoba.pdf を2回読み比べて書き起こし）,True
0507,記念日・できごと（記念日）,コナモンの日,「コ(5)ナ(7)」の語呂から、たこ焼きやお好み焼きなど粉もの文化を楽しむ日。,https://netlab.click/todayis/0507,True
0507,記念日・できごと（記念日）,ブラックモンブランの日,1969年。九州で愛されるチョコとクッキークランチのアイスが発売された日にちなむ。,https://netlab.click/todayis/0507,True
0508,誕生石（月）,エメラルド・ヒスイ,,全国宝石卸商協同組合 2021年12月改定（デイリースポーツ https://www.daily.co.jp/society/life/2021/12/20/0014929848.shtml ほか。work/knowledge/10_誕生日もの.md）,True
0508,誕生色,松葉色,まつばいろ／#839B5C／蛙が鳴く水田のほとりに茂る、松の葉の深い緑（蛙始鳴にちなむ）,当サイト独自の選び方（七十二候にちなむ日本の伝統色。work/knowledge/10_誕生日もの.md）・色の値：https://www.colordic.org/colorsample/2123,True
0508,誕生日石,エメラルド,5月の誕生石・デーカンの支配星・水星の石・誕生色（松葉色）に近い緑系。若葉のような緑から再生と希望の象徴とされ、クレオパトラが愛した石と伝わる。,当サイト独自の選び方（誕生石・デーカンの支配星・誕生色から、販売されている石。work/knowledge/10_誕生日もの.md）・販売例：https://www.creema.jp/item/18576293/detail,True
0508,誕生花,ハナショウブ,花ことば：優しい心,一般財団法人日本花普及センター「誕生花・花ことば366」（長野県 https://www.pref.nagano.lg.jp/enchiku/sangyo/nogyo/engei-suisan/kaki/documents/hanakotoba.pdf・source/birthday/hanakotoba.pdf を2回読み比べて書き起こし）,True
0508,記念日・できごと（記念日）,童画の日,1925年。武井武雄が子どものための絵を「童画」と名づけ、初の展覧会を開いた日。,https://bestcalendar.jp/2027/5/8,True
0508,記念日・できごと（できごと）,八景島シーパラダイスが開業,1993年。横浜の海に浮かぶ島に、水族館と遊園地がひとつになった施設が開いた日。,https://bestcalendar.jp/2027/5/8,True
0509,誕生石（月）,エメラルド・ヒスイ,,全国宝石卸商協同組合 2021年12月改定（デイリースポーツ https://www.daily.co.jp/society/life/2021/12/20/0014929848.shtml ほか。work/knowledge/10_誕生日もの.md）,True
0509,誕生色,草色,くさいろ／#7B8D42／蛙がひそんで声を上げる、あぜ道の夏草の色（蛙始鳴にちなむ）,当サイト独自の選び方（七十二候にちなむ日本の伝統色。work/knowledge/10_誕生日もの.md）・色の値：https://www.colordic.org/w,True
0509,誕生日石,ヒスイ,5月の誕生石・誕生色（草色）に近い緑系。日本では縄文時代から勾玉などに使われ、東洋で徳と長寿の象徴とされてきた。,当サイト独自の選び方（誕生石・デーカンの支配星・誕生色から、販売されている石。work/knowledge/10_誕生日もの.md）・販売例：https://item.rakuten.co.jp/luzhikari/1000hisuisa100/,True
0509,誕生花,ミズキ,花ことば：成熟した精神,一般財団法人日本花普及センター「誕生花・花ことば366」（長野県 https://www.pref.nagano.lg.jp/enchiku/sangyo/nogyo/engei-suisan/kaki/documents/hanakotoba.pdf・source/birthday/hanakotoba.pdf を2回読み比べて書き起こし）,True
0509,記念日・できごと（記念日）,アイスクリームの日,1869年。明治のはじめ、横浜で日本初のアイスクリームが作られ売られたことにちなむ日。,https://netlab.click/todayis/0509,True
0509,記念日・できごと（記念日）,黒板の日,「こく(5)ばん(9)」の語呂から、学びを支える黒板に光を当てる日。,https://netlab.click/todayis/0509,True
0509,記念日・できごと（できごと）,上野公園が開園,1876年。日本で最初期の公園のひとつ、上野公園が誕生し人々の憩いの場となった日。,https://tabi-mag.jp/day0509/,True
0510,誕生石（月）,エメラルド・ヒスイ,,全国宝石卸商協同組合 2021年12月改定（デイリースポーツ https://www.daily.co.jp/society/life/2021/12/20/0014929848.shtml ほか。work/knowledge/10_誕生日もの.md）,True
0510,誕生色,鶸茶,ひわちゃ／#8C8861／蛙が泳ぎまわる、水を張った田の黄みの緑茶（蛙始鳴にちなむ）,当サイト独自の選び方（七十二候にちなむ日本の伝統色。work/knowledge/10_誕生日もの.md）・色の値：https://www.colordic.org/w,True
0510,誕生日石,ルチルクォーツ,誕生色（鶸茶）に近い黄系。水晶の中に金色の針が走り、ひらめきや豊かさを呼び込む石と言われる。,当サイト独自の選び方（誕生石・デーカンの支配星・誕生色から、販売されている石。work/knowledge/10_誕生日もの.md）・販売例：https://www.creema.jp/item/6984882/detail,True
0510,誕生花,ペチュニア(白),花ことば：和らぐ心,一般財団法人日本花普及センター「誕生花・花ことば366」（長野県 https://www.pref.nagano.lg.jp/enchiku/sangyo/nogyo/engei-suisan/kaki/documents/hanakotoba.pdf・source/birthday/hanakotoba.pdf を2回読み比べて書き起こし）,True
0510,記念日・できごと（記念日）,コットンの日,「コッ(5)トン(10)」の語呂から、肌ざわりのよい綿の魅力を伝える日。,https://bestcalendar.jp/2027/5/10,True
0510,記念日・できごと（記念日）,地質の日,1878年。国の地質調査の部署ができた日にちなみ、大地の成り立ちに親しむ日。,https://bestcalendar.jp/2027/5/10,True
0511,誕生石（月）,エメラルド・ヒスイ,,全国宝石卸商協同組合 2021年12月改定（デイリースポーツ https://www.daily.co.jp/society/life/2021/12/20/0014929848.shtml ほか。work/knowledge/10_誕生日もの.md）,True
0511,誕生色,代赭色,たいしゃいろ／#BB5520／みみずが耕して豊かにする、赤みを帯びた土の色（蚯蚓出にちなむ）,当サイト独自の選び方（七十二候にちなむ日本の伝統色。work/knowledge/10_誕生日もの.md）・色の値：https://www.colordic.org/colorsample/2234,True
0511,誕生日石,ジェット,デーカンの支配星・土星の石。太古の木が化石になった黒い宝石で、ヴィクトリア朝には喪の装身具として愛された。,当サイト独自の選び方（誕生石・デーカンの支配星・誕生色から、販売されている石。work/knowledge/10_誕生日もの.md）・販売例：https://www.creema.jp/item/5958322/detail,True
0511,誕生花,ライラック,花ことば：愛の芽生え,一般財団法人日本花普及センター「誕生花・花ことば366」（長野県 https://www.pref.nagano.lg.jp/enchiku/sangyo/nogyo/engei-suisan/kaki/documents/hanakotoba.pdf・source/birthday/hanakotoba.pdf を2回読み比べて書き起こし）,True
0511,記念日・できごと（行事）,長良川の鵜飼開き,岐阜・長良川で、かがり火の下に鵜匠が鮎をとる夏の伝統漁が始まる日。,https://netlab.click/todayis/0511,True
0511,記念日・できごと（できごと）,日本人が初めてエベレストに登頂,1970年。松浦輝夫さんと植村直己さんが日本人で初めて世界最高峰の頂に立った日。,https://bestcalendar.jp/2027/5/11,True
0511,記念日・できごと（記念日）,ご当地スーパーの日,「ご(5)とう(10)ち(1)」の語呂から、地元に根づくスーパーを応援する日。,https://netlab.click/todayis/0511,True
0512,誕生石（月）,エメラルド・ヒスイ,,全国宝石卸商協同組合 2021年12月改定（デイリースポーツ https://www.daily.co.jp/society/life/2021/12/20/0014929848.shtml ほか。work/knowledge/10_誕生日もの.md）,True
0512,誕生色,弁柄色,べんがらいろ／#8F2E14／みみずの暮らす土の中の鉄分を思わせる、深い赤茶（蚯蚓出にちなむ）,当サイト独自の選び方（七十二候にちなむ日本の伝統色。work/knowledge/10_誕生日もの.md）・色の値：https://www.colordic.org/colorsample/2259,True
0512,誕生日石,オニキス,デーカンの支配星・土星の石。深い黒から、悪いものを退け、意志を固める石として古くから用いられた。,当サイト独自の選び方（誕生石・デーカンの支配星・誕生色から、販売されている石。work/knowledge/10_誕生日もの.md）・販売例：https://www.creema.jp/item/16278090/detail,True
0512,誕生花,カンパニュラ,花ことば：思いを告げる,一般財団法人日本花普及センター「誕生花・花ことば366」（長野県 https://www.pref.nagano.lg.jp/enchiku/sangyo/nogyo/engei-suisan/kaki/documents/hanakotoba.pdf・source/birthday/hanakotoba.pdf を2回読み比べて書き起こし）,True
0512,記念日・できごと（記念日）,看護の日,患者を支える看護の仕事に感謝し、助け合いの心を育てようという日。,https://bestcalendar.jp/2027/5/12,True
0512,記念日・できごと（記念日）,箕輪町安全安心の日,2012年。長野県箕輪町が、安全なまちづくりの国際認証を県内で初めて得た日。,https://netlab.click/todayis/0512,True
0513,誕生石（月）,エメラルド・ヒスイ,,全国宝石卸商協同組合 2021年12月改定（デイリースポーツ https://www.daily.co.jp/society/life/2021/12/20/0014929848.shtml ほか。work/knowledge/10_誕生日もの.md）,True
0513,誕生色,茶色,ちゃいろ／#965042／冬眠から覚めたみみずが這い出してくる、土の茶（蚯蚓出にちなむ）,当サイト独自の選び方（七十二候にちなむ日本の伝統色。work/knowledge/10_誕生日もの.md）・色の値：https://www.colordic.org/colorsample/2229,True
0513,誕生日石,ジェット,デーカンの支配星・土星の石。太古の木が化石になった黒い宝石で、ヴィクトリア朝には喪の装身具として愛された。,当サイト独自の選び方（誕生石・デーカンの支配星・誕生色から、販売されている石。work/knowledge/10_誕生日もの.md）・販売例：https://www.creema.jp/item/5958322/detail,True
0513,誕生花,カーネーション(赤),花ことば：愛を信じる,一般財団法人日本花普及センター「誕生花・花ことば366」（長野県 https://www.pref.nagano.lg.jp/enchiku/sangyo/nogyo/engei-suisan/kaki/documents/hanakotoba.pdf・source/birthday/hanakotoba.pdf を2回読み比べて書き起こし）,True
0513,記念日・できごと（記念日）,カクテルの日,「カクテル」という言葉の定義が初めて活字になったことにちなむ日。,https://bestcalendar.jp/2027/5/13,True
0513,記念日・できごと（旬）,初鰹,初夏の訪れを告げる、さっぱりと香りのよい初鰹がおいしくなる頃。,,False
0514,誕生石（月）,エメラルド・ヒスイ,,全国宝石卸商協同組合 2021年12月改定（デイリースポーツ https://www.daily.co.jp/society/life/2021/12/20/0014929848.shtml ほか。work/knowledge/10_誕生日もの.md）,True
0514,誕生色,焦茶,こげちゃ／#6F4B3E／みみずが顔を出す雨上がりの、湿った土の濃い茶（蚯蚓出にちなむ）,当サイト独自の選び方（七十二候にちなむ日本の伝統色。work/knowledge/10_誕生日もの.md）・色の値：https://www.colordic.org/colorsample/2269,True
0514,誕生日石,ヘマタイト,デーカンの支配星・土星の石。粉にすると赤くなる鉄の鉱物で、古代の戦士が身を守るお守りにしたと伝わる。,当サイト独自の選び方（誕生石・デーカンの支配星・誕生色から、販売されている石。work/knowledge/10_誕生日もの.md）・販売例：https://www.creema.jp/item/16278090/detail,True
0514,誕生花,ペチュニア(ピンク),花ことば：自然な心,一般財団法人日本花普及センター「誕生花・花ことば366」（長野県 https://www.pref.nagano.lg.jp/enchiku/sangyo/nogyo/engei-suisan/kaki/documents/hanakotoba.pdf・source/birthday/hanakotoba.pdf を2回読み比べて書き起こし）,True
0514,記念日・できごと（できごと）,種痘記念日,1796年。ジェンナーが世界で初めて種痘に成功し、病気を防ぐ道を開いた日。,https://netlab.click/todayis/0514,True
0514,記念日・できごと（記念日）,ゴールドデー,黄色い果肉のキウイフルーツをおいしく食べて元気に過ごそうという日。,https://bestcalendar.jp/2027/5/14,True
0515,誕生石（月）,エメラルド・ヒスイ,,全国宝石卸商協同組合 2021年12月改定（デイリースポーツ https://www.daily.co.jp/society/life/2021/12/20/0014929848.shtml ほか。work/knowledge/10_誕生日もの.md）,True
0515,誕生色,赤銅色,しゃくどういろ／#752100／土から出てきたみみずの、つやのある赤茶色（蚯蚓出にちなむ）,当サイト独自の選び方（七十二候にちなむ日本の伝統色。work/knowledge/10_誕生日もの.md）・色の値：https://www.colordic.org/colorsample/2227,True
0515,誕生日石,オニキス,デーカンの支配星・土星の石。深い黒から、悪いものを退け、意志を固める石として古くから用いられた。,当サイト独自の選び方（誕生石・デーカンの支配星・誕生色から、販売されている石。work/knowledge/10_誕生日もの.md）・販売例：https://www.creema.jp/item/16278090/detail,True
0515,誕生花,カーネーション(ピンク),花ことば：美しい仕種,一般財団法人日本花普及センター「誕生花・花ことば366」（長野県 https://www.pref.nagano.lg.jp/enchiku/sangyo/nogyo/engei-suisan/kaki/documents/hanakotoba.pdf・source/birthday/hanakotoba.pdf を2回読み比べて書き起こし）,True
0515,記念日・できごと（記念日）,青春七五三,13・15・17歳を迎える子どもたちの成長を祝い、励ます日。,https://netlab.click/todayis/0515,True
0515,記念日・できごと（できごと）,Jリーグが開幕,1993年。日本初のプロサッカーリーグが国立競技場で華やかに幕を開けた日。,https://netlab.click/todayis/0515,True
0515,記念日・できごと（できごと）,『コロコロコミック』創刊,1977年。子どもたちに長く愛される漫画雑誌『コロコロコミック』が誕生した日。,https://netlab.click/todayis/0515,True
0516,誕生石（月）,エメラルド・ヒスイ,,全国宝石卸商協同組合 2021年12月改定（デイリースポーツ https://www.daily.co.jp/society/life/2021/12/20/0014929848.shtml ほか。work/knowledge/10_誕生日もの.md）,True
0516,誕生色,老竹色,おいたけいろ／#769164／足もとのたけのこを見守る親竹の、落ち着いた緑（竹笋生にちなむ）,当サイト独自の選び方（七十二候にちなむ日本の伝統色。work/knowledge/10_誕生日もの.md）・色の値：https://www.colordic.org/w,True
0516,誕生日石,イエローカルサイト,デーカンの支配星・土星の石。明るい黄色から、気持ちを前向きにし、学ぶ意欲を高める石と言われる。,当サイト独自の選び方（誕生石・デーカンの支配星・誕生色から、販売されている石。work/knowledge/10_誕生日もの.md）・販売例：https://item.rakuten.co.jp/jewelclimb/1042496/,True
0516,誕生花,ノカンゾウ,花ことば：憂いを忘れる,一般財団法人日本花普及センター「誕生花・花ことば366」（長野県 https://www.pref.nagano.lg.jp/enchiku/sangyo/nogyo/engei-suisan/kaki/documents/hanakotoba.pdf・source/birthday/hanakotoba.pdf を2回読み比べて書き起こし）,True
0516,記念日・できごと（できごと）,『オレたちひょうきん族』放送開始,1981年。土曜の夜を笑いで包んだバラエティ番組の放送が始まった日。,https://netlab.click/todayis/0516,True
0516,記念日・できごと（記念日）,工事写真の日,1997年。工事の様子を写真で記録する仕事の大切さを伝える日。,https://netlab.click/todayis/0516,True
0517,誕生石（月）,エメラルド・ヒスイ,,全国宝石卸商協同組合 2021年12月改定（デイリースポーツ https://www.daily.co.jp/society/life/2021/12/20/0014929848.shtml ほか。work/knowledge/10_誕生日もの.md）,True
0517,誕生色,煤竹色,すすたけいろ／#6F514C／土から顔を出したたけのこの皮の、黒みがかった茶（竹笋生にちなむ）,当サイト独自の選び方（七十二候にちなむ日本の伝統色。work/knowledge/10_誕生日もの.md）・色の値：https://www.colordic.org/colorsample/2273,True
0517,誕生日石,オブシディアン,デーカンの支配星・土星の石。火山から生まれた天然ガラスで、古くは鏡や刃物に使われ、魔よけの石とされてきた。,当サイト独自の選び方（誕生石・デーカンの支配星・誕生色から、販売されている石。work/knowledge/10_誕生日もの.md）・販売例：https://item.rakuten.co.jp/malina/10000968/,True
0517,誕生花,ロベリア,花ことば：譲る心,一般財団法人日本花普及センター「誕生花・花ことば366」（長野県 https://www.pref.nagano.lg.jp/enchiku/sangyo/nogyo/engei-suisan/kaki/documents/hanakotoba.pdf・source/birthday/hanakotoba.pdf を2回読み比べて書き起こし）,True
0517,記念日・できごと（記念日）,パック旅行の日,1861年。イギリスで世界初の団体パック旅行が行われたことにちなむ、旅を楽しむ日。,https://netlab.click/todayis/0517,True
0517,記念日・できごと（記念日）,世界電気通信の日,1865年。電話や通信の国際的な取り決めが結ばれた日にちなみ、通信の役割を考える日。,,False
0518,誕生石（月）,エメラルド・ヒスイ,,全国宝石卸商協同組合 2021年12月改定（デイリースポーツ https://www.daily.co.jp/society/life/2021/12/20/0014929848.shtml ほか。work/knowledge/10_誕生日もの.md）,True
0518,誕生色,栗梅,くりうめ／#852E19／地面を割って出てきた、たけのこの先の赤茶（竹笋生にちなむ）,当サイト独自の選び方（七十二候にちなむ日本の伝統色。work/knowledge/10_誕生日もの.md）・色の値：https://www.colordic.org/w,True
0518,誕生日石,ジェット,デーカンの支配星・土星の石。太古の木が化石になった黒い宝石で、ヴィクトリア朝には喪の装身具として愛された。,当サイト独自の選び方（誕生石・デーカンの支配星・誕生色から、販売されている石。work/knowledge/10_誕生日もの.md）・販売例：https://www.creema.jp/item/5958322/detail,True
0518,誕生花,ユリノキ,花ことば：幸福,一般財団法人日本花普及センター「誕生花・花ことば366」（長野県 https://www.pref.nagano.lg.jp/enchiku/sangyo/nogyo/engei-suisan/kaki/documents/hanakotoba.pdf・source/birthday/hanakotoba.pdf を2回読み比べて書き起こし）,True
0518,記念日・できごと（記念日）,ことばの日,「こ(5)と(10)ば(8)」の語呂から、言葉を正しく、大切に使おうという日。,https://bestcalendar.jp/2027/5/18,True
0518,記念日・できごと（記念日）,国際博物館の日,博物館の役割を知り、身近な展示に足を運んでみようと呼びかける日。,https://netlab.click/todayis/0518,True
0519,誕生石（月）,エメラルド・ヒスイ,,全国宝石卸商協同組合 2021年12月改定（デイリースポーツ https://www.daily.co.jp/society/life/2021/12/20/0014929848.shtml ほか。work/knowledge/10_誕生日もの.md）,True
0519,誕生色,媚茶,こびちゃ／#716246／たけのこが育つ竹林の、落ち葉の下のくすんだ茶（竹笋生にちなむ）,当サイト独自の選び方（七十二候にちなむ日本の伝統色。work/knowledge/10_誕生日もの.md）・色の値：https://www.colordic.org/w,True
0519,誕生日石,ブロンザイト,誕生色（媚茶）に近い茶系。青銅のような光沢を持ち、自信と落ち着きを与える石と言われる。,当サイト独自の選び方（誕生石・デーカンの支配星・誕生色から、販売されている石。work/knowledge/10_誕生日もの.md）・販売例：https://store.shopping.yahoo.co.jp/lucky365shop/2da5a5ade56.html,True
0519,誕生花,クルミ,花ことば：知性,一般財団法人日本花普及センター「誕生花・花ことば366」（長野県 https://www.pref.nagano.lg.jp/enchiku/sangyo/nogyo/engei-suisan/kaki/documents/hanakotoba.pdf・source/birthday/hanakotoba.pdf を2回読み比べて書き起こし）,True
0519,記念日・できごと（できごと）,セメントの日,1875年。国産初のポルトランドセメント製造に成功し、近代の街づくりを支えた日。,https://bestcalendar.jp/2027/5/19,True
0519,記念日・できごと（記念日）,香育の日,日本アロマ環境協会が、香りを通じて心と体を育むことを広める日。,https://netlab.click/todayis/0519,True
0519,記念日・できごと（できごと）,『万引き家族』がパルム・ドール受賞,2018年。是枝裕和監督の作品がカンヌ映画祭の最高賞に輝いた日。,https://bestcalendar.jp/2027/5/19,True
0520,誕生石（月）,エメラルド・ヒスイ,,全国宝石卸商協同組合 2021年12月改定（デイリースポーツ https://www.daily.co.jp/society/life/2021/12/20/0014929848.shtml ほか。work/knowledge/10_誕生日もの.md）,True
0520,誕生色,千歳茶,せんさいちゃ／#494A41／たけのこが伸びていく竹林の奥の、深い緑がかった茶（竹笋生にちなむ）,当サイト独自の選び方（七十二候にちなむ日本の伝統色。work/knowledge/10_誕生日もの.md）・色の値：https://www.colordic.org/colorsample/2307,True
0520,誕生日石,ヘマタイト,デーカンの支配星・土星の石・誕生色（千歳茶）に近い灰系。粉にすると赤くなる鉄の鉱物で、古代の戦士が身を守るお守りにしたと伝わる。,当サイト独自の選び方（誕生石・デーカンの支配星・誕生色から、販売されている石。work/knowledge/10_誕生日もの.md）・販売例：https://www.creema.jp/item/16278090/detail,True
0520,誕生花,ハクサンチドリ,花ことば：美点の持ち主,一般財団法人日本花普及センター「誕生花・花ことば366」（長野県 https://www.pref.nagano.lg.jp/enchiku/sangyo/nogyo/engei-suisan/kaki/documents/hanakotoba.pdf・source/birthday/hanakotoba.pdf を2回読み比べて書き起こし）,True
0520,記念日・できごと（記念日）,東京港開港記念日,1941年。東京港が外国貿易港として開かれ、海の玄関口となった日。,https://netlab.click/todayis/0520,True
0520,記念日・できごと（記念日）,世界ミツバチの日,花と実りを支えるミツバチの大切さを伝えるため国連が定めた日。,https://netlab.click/todayis/0520,True
0520,記念日・できごと（できごと）,「味の素」が初めて発売,1909年。日本で見いだされた「うま味」を家庭で使える調味料が初めて売り出された日。,https://netlab.click/todayis/0520,True
0521,誕生石（月）,エメラルド・ヒスイ,,全国宝石卸商協同組合 2021年12月改定（デイリースポーツ https://www.daily.co.jp/society/life/2021/12/20/0014929848.shtml ほか。work/knowledge/10_誕生日もの.md）,True
0521,誕生色,桑染,くわぞめ／#B79B5B／蚕が食べる桑の木の皮で染めた、黄みを帯びた茶（蚕起食桑にちなむ）,当サイト独自の選び方（七十二候にちなむ日本の伝統色。work/knowledge/10_誕生日もの.md）・色の値：https://www.colordic.org/w,True
0521,誕生日石,オレンジカルサイト,誕生色（桑染）に近い橙系。明るい橙色から、元気と創造する喜びを呼び覚ます石と言われる。,当サイト独自の選び方（誕生石・デーカンの支配星・誕生色から、販売されている石。work/knowledge/10_誕生日もの.md）・販売例：https://store.karatz.jp/products/12515372,True
0521,誕生花,ムクゲ,花ことば：繊細美,一般財団法人日本花普及センター「誕生花・花ことば366」（長野県 https://www.pref.nagano.lg.jp/enchiku/sangyo/nogyo/engei-suisan/kaki/documents/hanakotoba.pdf・source/birthday/hanakotoba.pdf を2回読み比べて書き起こし）,True
0521,記念日・できごと（記念日）,探偵の日,1891年。日本で初めて探偵業の新聞広告が載ったことにちなむ、少しミステリアスな日。,https://bestcalendar.jp/2027/5/21,True
0521,記念日・できごと（記念日）,文化的多様性のための世界の日,違う文化を知り、互いを尊重する大切さを考えるよう国連が定めた日。,https://netlab.click/todayis/0521,True
0522,誕生石（月）,エメラルド・ヒスイ,,全国宝石卸商協同組合 2021年12月改定（デイリースポーツ https://www.daily.co.jp/society/life/2021/12/20/0014929848.shtml ほか。work/knowledge/10_誕生日もの.md）,True
0522,誕生色,桑茶,くわちゃ／#956F29／蚕のための桑の葉が茂る畑の、落ち着いた茶色（蚕起食桑にちなむ）,当サイト独自の選び方（七十二候にちなむ日本の伝統色。work/knowledge/10_誕生日もの.md）・色の値：https://www.colordic.org/w,True
0522,誕生日石,オパール,デーカンの支配星・水星の石。虹のような遊色を持ち、ローマではあらゆる宝石の美しさを併せ持つ石とたたえられた。希望の石とされる。,当サイト独自の選び方（誕生石・デーカンの支配星・誕生色から、販売されている石。work/knowledge/10_誕生日もの.md）・販売例：https://store.karatz.jp/products/12525814,True
0522,誕生花,アワモリショウマ,花ことば：熱心な気持ち,一般財団法人日本花普及センター「誕生花・花ことば366」（長野県 https://www.pref.nagano.lg.jp/enchiku/sangyo/nogyo/engei-suisan/kaki/documents/hanakotoba.pdf・source/birthday/hanakotoba.pdf を2回読み比べて書き起こし）,True
0522,記念日・できごと（記念日）,たまご料理の日,「たま(≒5)ご」と「ニワトリ(22)」の語呂から、卵料理を楽しむ日。,https://netlab.click/todayis/0522,True
0522,記念日・できごと（記念日）,ガールスカウトの日,1947年。日本のガールスカウト再出発の準備会が発足したことにちなむ日。,https://netlab.click/todayis/0522,True
0522,記念日・できごと（できごと）,東京スカイツリーが開業,2012年。高さ634mの電波塔が開業し、東京の新しい名所が生まれた日。,https://bestcalendar.jp/2027/5/22,True
0523,誕生石（月）,エメラルド・ヒスイ,,全国宝石卸商協同組合 2021年12月改定（デイリースポーツ https://www.daily.co.jp/society/life/2021/12/20/0014929848.shtml ほか。work/knowledge/10_誕生日もの.md）,True
0523,誕生色,生成色,きなりいろ／#FBFAF5／蚕が生み出す絹糸の、まだ染める前の自然な白（蚕起食桑にちなむ）,当サイト独自の選び方（七十二候にちなむ日本の伝統色。work/knowledge/10_誕生日もの.md）・色の値：https://www.colordic.org/colorsample/2283,True
0523,誕生日石,ハウライト,誕生色（生成色）に近い白系。白地に灰色の網目模様が入り、高ぶった気持ちを静め、穏やかな眠りを助ける石と言われる。,当サイト独自の選び方（誕生石・デーカンの支配星・誕生色から、販売されている石。work/knowledge/10_誕生日もの.md）・販売例：https://www.creema.jp/item/15178760/detail,True
0523,誕生花,カラー(白),花ことば：愛情,一般財団法人日本花普及センター「誕生花・花ことば366」（長野県 https://www.pref.nagano.lg.jp/enchiku/sangyo/nogyo/engei-suisan/kaki/documents/hanakotoba.pdf・source/birthday/hanakotoba.pdf を2回読み比べて書き起こし）,True
0523,記念日・できごと（記念日）,恋文の日,1998年。「こ(5)い(2)ぶみ(3)」の語呂から、大切な人へ手紙で想いを伝える日。,https://netlab.click/todayis/0523,True
0523,記念日・できごと（記念日）,ビワの日,初夏に旬を迎える、やさしい甘さのビワを味わおうという日。,https://netlab.click/todayis/0523,True
0523,記念日・できごと（できごと）,日本映画で初のキスシーン,1946年。映画『はたちの青春』が公開され、日本映画に初めてキスシーンが登場した日。,https://netlab.click/todayis/0523,True
0524,誕生石（月）,エメラルド・ヒスイ,,全国宝石卸商協同組合 2021年12月改定（デイリースポーツ https://www.daily.co.jp/society/life/2021/12/20/0014929848.shtml ほか。work/knowledge/10_誕生日もの.md）,True
0524,誕生色,練色,ねりいろ／#EDE4CD／蚕の糸を練り上げた絹のような、やわらかな白（蚕起食桑にちなむ）,当サイト独自の選び方（七十二候にちなむ日本の伝統色。work/knowledge/10_誕生日もの.md）・色の値：https://www.colordic.org/w,True
0524,誕生日石,アゲート,デーカンの支配星・水星の石。縞模様の美しい石で、古代から護符に使われ、心身の調和を保つ石とされる。,当サイト独自の選び方（誕生石・デーカンの支配星・誕生色から、販売されている石。work/knowledge/10_誕生日もの.md）・販売例：https://minne.com/items/36978931,True
0524,誕生花,ムギワラギク,花ことば：献身,一般財団法人日本花普及センター「誕生花・花ことば366」（長野県 https://www.pref.nagano.lg.jp/enchiku/sangyo/nogyo/engei-suisan/kaki/documents/hanakotoba.pdf・source/birthday/hanakotoba.pdf を2回読み比べて書き起こし）,True
0524,記念日・できごと（記念日）,ゴルフ場記念日,1903年。神戸の六甲山に日本初のゴルフ場が開かれたことにちなむ日。,https://netlab.click/todayis/0524,True
0524,記念日・できごと（記念日）,削り節の日,和食の味の土台となる、かつお節などの削り節に親しむ日。,https://www.bestcalendar.jp/2026/5/24,True
0525,誕生石（月）,エメラルド・ヒスイ,,全国宝石卸商協同組合 2021年12月改定（デイリースポーツ https://www.daily.co.jp/society/life/2021/12/20/0014929848.shtml ほか。work/knowledge/10_誕生日もの.md）,True
0525,誕生色,白橡,しろつるばみ／#CBB994／蚕がつくる繭の手ざわりを思わせる、淡い黄みの色（蚕起食桑にちなむ）,当サイト独自の選び方（七十二候にちなむ日本の伝統色。work/knowledge/10_誕生日もの.md）・色の値：https://www.colordic.org/w,True
0525,誕生日石,ソーダライト,デーカンの支配星・水星の石。深い青に白い筋が入り、理性的に考え、思いを言葉にするのを助ける石とされる。,当サイト独自の選び方（誕生石・デーカンの支配星・誕生色から、販売されている石。work/knowledge/10_誕生日もの.md）・販売例：https://www.creema.jp/item/7350471/detail,True
0525,誕生花,ニチニチソウ,花ことば：友情,一般財団法人日本花普及センター「誕生花・花ことば366」（長野県 https://www.pref.nagano.lg.jp/enchiku/sangyo/nogyo/engei-suisan/kaki/documents/hanakotoba.pdf・source/birthday/hanakotoba.pdf を2回読み比べて書き起こし）,True
0525,記念日・できごと（記念日）,食堂車の日,1899年。山陽鉄道で日本初の食堂車が走り、列車で食事が楽しめるようになった日。,https://bestcalendar.jp/2027/5/25,True
0525,記念日・できごと（記念日）,納本制度の日,1948年。国立国会図書館が出版物の受け入れを始め、本を未来に残す仕組みができた日。,https://bestcalendar.jp/2027/5/25,True
0526,誕生石（月）,エメラルド・ヒスイ,,全国宝石卸商協同組合 2021年12月改定（デイリースポーツ https://www.daily.co.jp/society/life/2021/12/20/0014929848.shtml ほか。work/knowledge/10_誕生日もの.md）,True
0526,誕生色,紅色,べにいろ／#D7003A／一面に咲く紅花から染め出される、鮮やかな紅（紅花栄にちなむ）,当サイト独自の選び方（七十二候にちなむ日本の伝統色。work/knowledge/10_誕生日もの.md）・色の値：https://www.colordic.org/colorsample/2014,True
0526,誕生日石,ラブラドライト,デーカンの支配星・水星の石。角度で青や金に光り、カナダの先住民にはオーロラが閉じ込められた石と伝わる。直感の石とされる。,当サイト独自の選び方（誕生石・デーカンの支配星・誕生色から、販売されている石。work/knowledge/10_誕生日もの.md）・販売例：https://www.creema.jp/item/16248173/detail,True
0526,誕生花,チャ,花ことば：純愛,一般財団法人日本花普及センター「誕生花・花ことば366」（長野県 https://www.pref.nagano.lg.jp/enchiku/sangyo/nogyo/engei-suisan/kaki/documents/hanakotoba.pdf・source/birthday/hanakotoba.pdf を2回読み比べて書き起こし）,True
0526,記念日・できごと（記念日）,ラッキーゾーンの日,1947年。甲子園球場にラッキーゾーンが設けられ、ホームランが出やすくなった日。,https://bestcalendar.jp/2027/5/26,True
0526,記念日・できごと（できごと）,「世界の記憶」に日本初登録,2011年。炭鉱の暮らしを描いた山本作兵衛の絵と日記が、日本で初めて登録された日。,https://bestcalendar.jp/2027/5/26,True
0527,誕生石（月）,エメラルド・ヒスイ,,全国宝石卸商協同組合 2021年12月改定（デイリースポーツ https://www.daily.co.jp/society/life/2021/12/20/0014929848.shtml ほか。work/knowledge/10_誕生日もの.md）,True
0527,誕生色,韓紅花,からくれない／#E95464／栄える紅花で何度も染め重ねた、濃く明るい紅（紅花栄にちなむ）,当サイト独自の選び方（七十二候にちなむ日本の伝統色。work/knowledge/10_誕生日もの.md）・色の値：https://www.colordic.org/colorsample/2015,True
0527,誕生日石,カーネリアン,デーカンの支配星・水星の石・誕生色（韓紅花）に近い赤系。古代エジプトで勇気の石とされ、行動する力や意欲を高めると言われる。,当サイト独自の選び方（誕生石・デーカンの支配星・誕生色から、販売されている石。work/knowledge/10_誕生日もの.md）・販売例：https://item.rakuten.co.jp/gravel/brac-amtw-or01/,True
0527,誕生花,カタバミ,花ことば：輝く心,一般財団法人日本花普及センター「誕生花・花ことば366」（長野県 https://www.pref.nagano.lg.jp/enchiku/sangyo/nogyo/engei-suisan/kaki/documents/hanakotoba.pdf・source/birthday/hanakotoba.pdf を2回読み比べて書き起こし）,True
0527,記念日・できごと（記念日）,ドラゴンクエストの日,1986年。国民的RPG『ドラゴンクエスト』第1作が発売されたことにちなむ日。,https://bestcalendar.jp/2026/5/27,True
0527,記念日・できごと（できごと）,『徹子の部屋』が放送1万回,2015年。長寿トーク番組『徹子の部屋』が放送1万回を迎えた日。,https://bestcalendar.jp/2026/5/27,True
0528,誕生石（月）,エメラルド・ヒスイ,,全国宝石卸商協同組合 2021年12月改定（デイリースポーツ https://www.daily.co.jp/society/life/2021/12/20/0014929848.shtml ほか。work/knowledge/10_誕生日もの.md）,True
0528,誕生色,真紅,しんく／#A22041／紅花だけで染め上げた、まじりけのない深い紅（紅花栄にちなむ）,当サイト独自の選び方（七十二候にちなむ日本の伝統色。work/knowledge/10_誕生日もの.md）・色の値：https://www.colordic.org/colorsample/2005,True
0528,誕生日石,スピネル,誕生色（真紅）に近い赤系。長くルビーと間違われてきた石で、内に秘めた力を表に出す後押しをすると言われる。,当サイト独自の選び方（誕生石・デーカンの支配星・誕生色から、販売されている石。work/knowledge/10_誕生日もの.md）・販売例：https://store.karatz.jp/products/12558534,True
0528,誕生花,エンレイソウ,花ことば：奥ゆかしい心,一般財団法人日本花普及センター「誕生花・花ことば366」（長野県 https://www.pref.nagano.lg.jp/enchiku/sangyo/nogyo/engei-suisan/kaki/documents/hanakotoba.pdf・source/birthday/hanakotoba.pdf を2回読み比べて書き起こし）,True
0528,記念日・できごと（記念日）,花火の日,1733年。隅田川の川開きで花火が打ち上げられたことにちなむ、夏の夜空を思う日。,https://tabi-mag.jp/day0528/,True
0528,記念日・できごと（旬）,さくらんぼ,赤い実がつやつやと色づき、初夏のさくらんぼが店先に並び始める頃。,,False
0528,記念日・できごと（記念日）,ゴルフの日,ゴルフの楽しさを広めようという記念日。緑の芝の上で体を動かしたくなる日。,https://tabi-mag.jp/day0528/,True
0529,誕生石（月）,エメラルド・ヒスイ,,全国宝石卸商協同組合 2021年12月改定（デイリースポーツ https://www.daily.co.jp/society/life/2021/12/20/0014929848.shtml ほか。work/knowledge/10_誕生日もの.md）,True
0529,誕生色,深緋,こきあけ／#C9171E／紅花をたっぷり使って深く染めた、黒みのある緋（紅花栄にちなむ）,当サイト独自の選び方（七十二候にちなむ日本の伝統色。work/knowledge/10_誕生日もの.md）・色の値：https://www.colordic.org/w,True
0529,誕生日石,レッドジャスパー,誕生色（深緋）に近い赤系。古くから護符に使われた赤い碧玉で、根気強さと安定をもたらす石と言われる。,当サイト独自の選び方（誕生石・デーカンの支配星・誕生色から、販売されている石。work/knowledge/10_誕生日もの.md）・販売例：https://minne.com/items/31236125,True
0529,誕生花,セキチク,花ことば：快活,一般財団法人日本花普及センター「誕生花・花ことば366」（長野県 https://www.pref.nagano.lg.jp/enchiku/sangyo/nogyo/engei-suisan/kaki/documents/hanakotoba.pdf・source/birthday/hanakotoba.pdf を2回読み比べて書き起こし）,True
0529,記念日・できごと（記念日）,こんにゃくの日,1989年。「こ(5)んに(2)ゃく(9)」の語呂から、ヘルシーなこんにゃくを味わう日。,https://bestcalendar.jp/articles/2461,True
0529,記念日・できごと（記念日）,呉服の日,「ご(5)ふ(2)く(9)」の語呂から、着物の美しさに親しもうという日。,https://www.bestcalendar.jp/dates/kinenbi/2460,True
0530,誕生石（月）,エメラルド・ヒスイ,,全国宝石卸商協同組合 2021年12月改定（デイリースポーツ https://www.daily.co.jp/society/life/2021/12/20/0014929848.shtml ほか。work/knowledge/10_誕生日もの.md）,True
0530,誕生色,黄丹,おうに／#EE7948／咲き誇る紅花の、黄から赤へと移ろう花びらの色（紅花栄にちなむ）,当サイト独自の選び方（七十二候にちなむ日本の伝統色。work/knowledge/10_誕生日もの.md）・色の値：https://www.colordic.org/colorsample/2248,True
0530,誕生日石,トパーズ,誕生色（黄丹）に近い橙系。名は『探し求める』の意とも言われ、希望や友情、誠実さの象徴とされる。,当サイト独自の選び方（誕生石・デーカンの支配星・誕生色から、販売されている石。work/knowledge/10_誕生日もの.md）・販売例：https://item.rakuten.co.jp/tanodiamond/c/0000000596/,True
0530,誕生花,シラー,花ことば：多感な心,一般財団法人日本花普及センター「誕生花・花ことば366」（長野県 https://www.pref.nagano.lg.jp/enchiku/sangyo/nogyo/engei-suisan/kaki/documents/hanakotoba.pdf・source/birthday/hanakotoba.pdf を2回読み比べて書き起こし）,True
0530,記念日・できごと（記念日）,ごみゼロの日,「ご(5)み(3)ゼロ(0)」の語呂から、街をきれいにしようと呼びかける日。,https://zatsuneta.com/category/anniversary05.html,True
0530,記念日・できごと（記念日）,消費者の日,1968年。暮らしの買い物を安心なものにするための法律ができたことにちなむ日。,,False
0530,記念日・できごと（記念日）,女子将棋の日,2007年。日本女子プロ将棋協会の設立にちなみ、女性棋士の活躍を応援する日。,https://netlab.click/todayis/0530,True
0531,誕生石（月）,エメラルド・ヒスイ,,全国宝石卸商協同組合 2021年12月改定（デイリースポーツ https://www.daily.co.jp/society/life/2021/12/20/0014929848.shtml ほか。work/knowledge/10_誕生日もの.md）,True
0531,誕生色,紅色,べにいろ／#D7003A／一面に咲く紅花から染め出される、鮮やかな紅（紅花栄にちなむ）,当サイト独自の選び方（七十二候にちなむ日本の伝統色。work/knowledge/10_誕生日もの.md）・色の値：https://www.colordic.org/colorsample/2014,True
0531,誕生日石,オパール,デーカンの支配星・水星の石。虹のような遊色を持ち、ローマではあらゆる宝石の美しさを併せ持つ石とたたえられた。希望の石とされる。,当サイト独自の選び方（誕生石・デーカンの支配星・誕生色から、販売されている石。work/knowledge/10_誕生日もの.md）・販売例：https://store.karatz.jp/products/12525814,True
0531,誕生花,フジ,花ことば：歓迎,一般財団法人日本花普及センター「誕生花・花ことば366」（長野県 https://www.pref.nagano.lg.jp/enchiku/sangyo/nogyo/engei-suisan/kaki/documents/hanakotoba.pdf・source/birthday/hanakotoba.pdf を2回読み比べて書き起こし）,True
0531,記念日・できごと（記念日）,世界禁煙デー,1989年。たばこの害を知り、健康的な暮らしを考えようと世界保健機関が定めた日。,https://bestcalendar.jp/dates/kinenbi/2477,True
0531,記念日・できごと（旬）,新茶,みずみずしい香りの新茶が出そろい、一年でいちばん爽やかなお茶が楽しめる頃。,,False
0531,記念日・できごと（記念日）,藻岩山の日,札幌の藻岩山の標高531メートルにちなむ日。山頂から街を見渡したくなる日。,https://netlab.click/todayis/0531,True
0601,誕生石（月）,真珠・ムーンストーン・アレキサンドライト,,全国宝石卸商協同組合 2021年12月改定（デイリースポーツ https://www.daily.co.jp/society/life/2021/12/20/0014929848.shtml ほか。work/knowledge/10_誕生日もの.md）,True
0601,誕生色,小麦色,こむぎいろ／#E49E61／収穫の時を迎えた麦畑の、日に焼けた明るい色（麦秋至にちなむ）,当サイト独自の選び方（七十二候にちなむ日本の伝統色。work/knowledge/10_誕生日もの.md）・色の値：https://www.colordic.org/colorsample/2205,True
0601,誕生日石,アレキサンドライト,6月の誕生石。昼は緑、灯りの下では赤紫に見え、『昼のエメラルド、夜のルビー』と呼ばれる。二面性の調和を表すとされる。,当サイト独自の選び方（誕生石・デーカンの支配星・誕生色から、販売されている石。work/knowledge/10_誕生日もの.md）・販売例：https://store.karatz.jp/en/collections/alexandrite,True
0601,誕生花,チューベローズ,花ことば：危険な楽しみ,一般財団法人日本花普及センター「誕生花・花ことば366」（長野県 https://www.pref.nagano.lg.jp/enchiku/sangyo/nogyo/engei-suisan/kaki/documents/hanakotoba.pdf・source/birthday/hanakotoba.pdf を2回読み比べて書き起こし）,True
0601,記念日・できごと（行事）,衣替え,制服や服を夏物に替え、季節の切り替わりを感じる初夏の習わし。,,False
0601,記念日・できごと（記念日）,気象記念日,1875年。東京気象台が設けられたことにちなみ、天気予報の歩みを思う日。,https://bestcalendar.jp/dates/kinenbi/2485,True
0601,記念日・できごと（記念日）,写真の日,1841年。日本で初めて写真が撮影されたと伝わることにちなむ、写真を楽しむ日。,https://www.bestcalendar.jp/dates/kinenbi/2487,True
0602,誕生石（月）,真珠・ムーンストーン・アレキサンドライト,,全国宝石卸商協同組合 2021年12月改定（デイリースポーツ https://www.daily.co.jp/society/life/2021/12/20/0014929848.shtml ほか。work/knowledge/10_誕生日もの.md）,True
0602,誕生色,金茶,きんちゃ／#F39800／刈り入れを待って実った麦の穂の、金色がかった茶（麦秋至にちなむ）,当サイト独自の選び方（七十二候にちなむ日本の伝統色。work/knowledge/10_誕生日もの.md）・色の値：https://www.colordic.org/w,True
0602,誕生日石,真珠,6月の誕生石。貝の中で育つ宝石で、月のしずくにたとえられた。純粋さや円満さの象徴とされる。,当サイト独自の選び方（誕生石・デーカンの支配星・誕生色から、販売されている石。work/knowledge/10_誕生日もの.md）・販売例：https://www.creema.jp/item/10720870/detail,True
0602,誕生花,マツヨイグサ,花ことば：ほのかな恋,一般財団法人日本花普及センター「誕生花・花ことば366」（長野県 https://www.pref.nagano.lg.jp/enchiku/sangyo/nogyo/engei-suisan/kaki/documents/hanakotoba.pdf・source/birthday/hanakotoba.pdf を2回読み比べて書き起こし）,True
0602,記念日・できごと（記念日）,横浜開港記念日,1859年。横浜港が開かれ、海外との交流と新しい文化の入口となった日。,https://tabi-mag.jp/day0602,True
0602,記念日・できごと（旬）,らっきょう,らっきょうが出回り、甘酢漬けなどの保存食づくりが始まる頃。,,False
0602,記念日・できごと（記念日）,ローズの日,初夏に見ごろを迎えるバラの花を、大切な人に贈りたくなる日。,https://zatsuneta.com/category/anniversary06.html,True
0603,誕生石（月）,真珠・ムーンストーン・アレキサンドライト,,全国宝石卸商協同組合 2021年12月改定（デイリースポーツ https://www.daily.co.jp/society/life/2021/12/20/0014929848.shtml ほか。work/knowledge/10_誕生日もの.md）,True
0603,誕生色,黄朽葉,きくちば／#D3A243／刈り取りを前にすっかり色づいた、麦の葉の深い黄（麦秋至にちなむ）,当サイト独自の選び方（七十二候にちなむ日本の伝統色。work/knowledge/10_誕生日もの.md）・色の値：https://www.colordic.org/w,True
0603,誕生日石,アレキサンドライト,6月の誕生石。昼は緑、灯りの下では赤紫に見え、『昼のエメラルド、夜のルビー』と呼ばれる。二面性の調和を表すとされる。,当サイト独自の選び方（誕生石・デーカンの支配星・誕生色から、販売されている石。work/knowledge/10_誕生日もの.md）・販売例：https://store.karatz.jp/en/collections/alexandrite,True
0603,誕生花,アジサイ,花ことば：元気な女性,一般財団法人日本花普及センター「誕生花・花ことば366」（長野県 https://www.pref.nagano.lg.jp/enchiku/sangyo/nogyo/engei-suisan/kaki/documents/hanakotoba.pdf・source/birthday/hanakotoba.pdf を2回読み比べて書き起こし）,True
0603,記念日・できごと（記念日）,測量の日,1949年。地図づくりを支える測量の大切さを伝えるため定められた日。,https://netlab.click/todayis/0603,True
0603,記念日・できごと（記念日）,世界自転車デー,2018年。手軽で環境にやさしい自転車の良さを広めようと国連が定めた日。,https://netlab.click/todayis/0603,True
0604,誕生石（月）,真珠・ムーンストーン・アレキサンドライト,,全国宝石卸商協同組合 2021年12月改定（デイリースポーツ https://www.daily.co.jp/society/life/2021/12/20/0014929848.shtml ほか。work/knowledge/10_誕生日もの.md）,True
0604,誕生色,山吹茶,やまぶきちゃ／#C89932／初夏の風を受けて黄金色に波打つ、麦畑の深い黄（麦秋至にちなむ）,当サイト独自の選び方（七十二候にちなむ日本の伝統色。work/knowledge/10_誕生日もの.md）・色の値：https://www.colordic.org/colorsample/2317,True
0604,誕生日石,ムーンストーン,6月の誕生石。内側に浮かぶ青白い光が月を思わせ、恋人たちの石や旅のお守りとされてきた。,当サイト独自の選び方（誕生石・デーカンの支配星・誕生色から、販売されている石。work/knowledge/10_誕生日もの.md）・販売例：https://www.creema.jp/item/16968708/detail,True
0604,誕生花,バラ(ピンク),花ことば：温かい心,一般財団法人日本花普及センター「誕生花・花ことば366」（長野県 https://www.pref.nagano.lg.jp/enchiku/sangyo/nogyo/engei-suisan/kaki/documents/hanakotoba.pdf・source/birthday/hanakotoba.pdf を2回読み比べて書き起こし）,True
0604,記念日・できごと（記念日）,虫歯予防デー,1928年。「む(6)し(4)」の語呂から、歯みがきと歯の健康を見直す日。,https://zatsuneta.com/category/anniversary06.html,True
0604,記念日・できごと（記念日）,虫の日,1988年。「む(6)し(4)」の語呂から、小さな虫たちと自然の大切さを考える日。,https://zatsuneta.com/category/anniversary06.html,True
0605,誕生石（月）,真珠・ムーンストーン・アレキサンドライト,,全国宝石卸商協同組合 2021年12月改定（デイリースポーツ https://www.daily.co.jp/society/life/2021/12/20/0014929848.shtml ほか。work/knowledge/10_誕生日もの.md）,True
0605,誕生色,芥子色,からしいろ／#D0AF4C／刈り取ってよく乾かした麦わらの、くすんだ黄色（麦秋至にちなむ）,当サイト独自の選び方（七十二候にちなむ日本の伝統色。work/knowledge/10_誕生日もの.md）・色の値：https://www.colordic.org/colorsample/2183,True
0605,誕生日石,ヘリオドール,誕生色（芥子色）に近い黄系。ギリシャ語で『太陽の贈り物』を意味し、明るさと希望をもたらす石と言われる。,当サイト独自の選び方（誕生石・デーカンの支配星・誕生色から、販売されている石。work/knowledge/10_誕生日もの.md）・販売例：https://www.creema.jp/item/9457477/detail,True
0605,誕生花,オモダカ,花ことば：高潔な心,一般財団法人日本花普及センター「誕生花・花ことば366」（長野県 https://www.pref.nagano.lg.jp/enchiku/sangyo/nogyo/engei-suisan/kaki/documents/hanakotoba.pdf・source/birthday/hanakotoba.pdf を2回読み比べて書き起こし）,True
0605,記念日・できごと（記念日）,世界環境デー,1972年。地球の環境を守るため、一人ひとりができることを考えるよう国連が定めた日。,https://www.env.go.jp/guide/ecolife-fair/enviday.html,True
0605,記念日・できごと（旬）,そら豆,さやの中にふっくらした豆が育ち、塩ゆでのそら豆がおいしい頃。,,False
0605,記念日・できごと（記念日）,落語の日,「ろくご」を繰り返すと「らくご」に聞こえることから生まれた、寄席を楽しむ日。,https://netlab.click/todayis/0605,True
0606,誕生石（月）,真珠・ムーンストーン・アレキサンドライト,,全国宝石卸商協同組合 2021年12月改定（デイリースポーツ https://www.daily.co.jp/society/life/2021/12/20/0014929848.shtml ほか。work/knowledge/10_誕生日もの.md）,True
0606,誕生色,千歳緑,ちとせみどり／#316745／小さなかまきりの子が身を隠す、葉かげの深い緑（螳螂生にちなむ）,当サイト独自の選び方（七十二候にちなむ日本の伝統色。work/knowledge/10_誕生日もの.md）・色の値：https://www.colordic.org/colorsample/2113,True
0606,誕生日石,アレキサンドライト,6月の誕生石・誕生色（千歳緑）に近い緑系。昼は緑、灯りの下では赤紫に見え、『昼のエメラルド、夜のルビー』と呼ばれる。二面性の調和を表すとされる。,当サイト独自の選び方（誕生石・デーカンの支配星・誕生色から、販売されている石。work/knowledge/10_誕生日もの.md）・販売例：https://store.karatz.jp/en/collections/alexandrite,True
0606,誕生花,イチハツ,花ことば：つきあい上手,一般財団法人日本花普及センター「誕生花・花ことば366」（長野県 https://www.pref.nagano.lg.jp/enchiku/sangyo/nogyo/engei-suisan/kaki/documents/hanakotoba.pdf・source/birthday/hanakotoba.pdf を2回読み比べて書き起こし）,True
0606,記念日・できごと（記念日）,楽器の日,「6歳の6月6日に習い事を始めると上達する」という言い伝えにちなむ日。,https://zatsuneta.com/category/anniversary06.html,True
0606,記念日・できごと（記念日）,梅の日,1545年。雨乞いのお礼に神社へ梅が奉納されたと伝わることにちなみ、梅を味わう日。,https://zatsuneta.com/category/anniversary06.html,True
0607,誕生石（月）,真珠・ムーンストーン・アレキサンドライト,,全国宝石卸商協同組合 2021年12月改定（デイリースポーツ https://www.daily.co.jp/society/life/2021/12/20/0014929848.shtml ほか。work/knowledge/10_誕生日もの.md）,True
0607,誕生色,深緑,ふかみどり／#00552E／小さくても鎌を構える、かまきりの体の濃い緑（螳螂生にちなむ）,当サイト独自の選び方（七十二候にちなむ日本の伝統色。work/knowledge/10_誕生日もの.md）・色の値：https://www.colordic.org/colorsample/2114,True
0607,誕生日石,マラカイト,デーカンの支配星・金星の石・誕生色（深緑）に近い緑系。孔雀の羽のような縞を持ち、古代エジプトでは魔よけとして身につけたと伝わる。,当サイト独自の選び方（誕生石・デーカンの支配星・誕生色から、販売されている石。work/knowledge/10_誕生日もの.md）・販売例：https://item.rakuten.co.jp/auc-hinryo/c/0000000182/,True
0607,誕生花,バラ(黄),花ことば：美,一般財団法人日本花普及センター「誕生花・花ことば366」（長野県 https://www.pref.nagano.lg.jp/enchiku/sangyo/nogyo/engei-suisan/kaki/documents/hanakotoba.pdf・source/birthday/hanakotoba.pdf を2回読み比べて書き起こし）,True
0607,記念日・できごと（旬）,あじさい,梅雨の雨にぬれて、あじさいの花が色とりどりに咲き始める頃。,,False
0607,記念日・できごと（旬）,青梅仕事,青い梅で梅酒や梅シロップを仕込む、季節の手仕事が始まる頃。,,False
0608,誕生石（月）,真珠・ムーンストーン・アレキサンドライト,,全国宝石卸商協同組合 2021年12月改定（デイリースポーツ https://www.daily.co.jp/society/life/2021/12/20/0014929848.shtml ほか。work/knowledge/10_誕生日もの.md）,True
0608,誕生色,海松色,みるいろ／#726D40／かまきりの子がじっとひそむ草むらの、渋い緑（螳螂生にちなむ）,当サイト独自の選び方（七十二候にちなむ日本の伝統色。work/knowledge/10_誕生日もの.md）・色の値：https://www.colordic.org/colorsample/2148,True
0608,誕生日石,水晶,デーカンの支配星・金星の石。古くから世界中で神聖視され、他の石の力を高め、心身を清めるとされてきた。,当サイト独自の選び方（誕生石・デーカンの支配星・誕生色から、販売されている石。work/knowledge/10_誕生日もの.md）・販売例：https://www.creema.jp/item/16248173/detail,True
0608,誕生花,ニセアカシア,花ことば：頼られる人,一般財団法人日本花普及センター「誕生花・花ことば366」（長野県 https://www.pref.nagano.lg.jp/enchiku/sangyo/nogyo/engei-suisan/kaki/documents/hanakotoba.pdf・source/birthday/hanakotoba.pdf を2回読み比べて書き起こし）,True
0608,記念日・できごと（記念日）,世界海洋デー,豊かな海の恵みに感謝し、海を守ることを考えるよう国連が定めた日。,https://netlab.click/todayis/0608,True
0608,記念日・できごと（行事）,ほたる狩り,水辺にほたるの光が舞い始め、夕涼みを兼ねてほたるを見に行く頃。,,False
0608,記念日・できごと（できごと）,大鳴門橋開通記念日,1985年。淡路島と四国を結ぶ大鳴門橋が開通し、渦潮の上を渡れるようになった日。,https://zatsuneta.com/archives/a0608.html,True
0609,誕生石（月）,真珠・ムーンストーン・アレキサンドライト,,全国宝石卸商協同組合 2021年12月改定（デイリースポーツ https://www.daily.co.jp/society/life/2021/12/20/0014929848.shtml ほか。work/knowledge/10_誕生日もの.md）,True
0609,誕生色,萌葱色,もえぎいろ／#006E54／初夏の若葉に紛れるかまきりの、青みのある緑（螳螂生にちなむ）,当サイト独自の選び方（七十二候にちなむ日本の伝統色。work/knowledge/10_誕生日もの.md）・色の値：https://www.colordic.org/colorsample/2106,True
0609,誕生日石,アレキサンドライト,6月の誕生石・誕生色（萌葱色）に近い緑系。昼は緑、灯りの下では赤紫に見え、『昼のエメラルド、夜のルビー』と呼ばれる。二面性の調和を表すとされる。,当サイト独自の選び方（誕生石・デーカンの支配星・誕生色から、販売されている石。work/knowledge/10_誕生日もの.md）・販売例：https://store.karatz.jp/en/collections/alexandrite,True
0609,誕生花,ルリハコベ,花ことば：約束,一般財団法人日本花普及センター「誕生花・花ことば366」（長野県 https://www.pref.nagano.lg.jp/enchiku/sangyo/nogyo/engei-suisan/kaki/documents/hanakotoba.pdf・source/birthday/hanakotoba.pdf を2回読み比べて書き起こし）,True
0609,記念日・できごと（記念日）,ロックの日,「ロッ(6)ク(9)」の語呂から、ロック音楽を楽しもうという日。,https://netlab.click/todayis/0609,True
0609,記念日・できごと（旬）,鮎の解禁,各地の川で鮎釣りが始まり、香り高い若鮎の塩焼きが楽しめる頃。,,False
0609,記念日・できごと（記念日）,ドナルドダックの誕生日,1934年。おなじみのアヒルのキャラクター、ドナルドダックの公式の誕生日とされる日。,https://netlab.click/todayis/0609,True
0610,誕生石（月）,真珠・ムーンストーン・アレキサンドライト,,全国宝石卸商協同組合 2021年12月改定（デイリースポーツ https://www.daily.co.jp/society/life/2021/12/20/0014929848.shtml ほか。work/knowledge/10_誕生日もの.md）,True
0610,誕生色,裏葉色,うらはいろ／#C1D8AC／卵から一斉に生まれたかまきりの子の、淡い緑（螳螂生にちなむ）,当サイト独自の選び方（七十二候にちなむ日本の伝統色。work/knowledge/10_誕生日もの.md）・色の値：https://www.colordic.org/colorsample/2129,True
0610,誕生日石,ペリドット,誕生色（裏葉色）に近い緑系。『太陽の石』と呼ばれ、夜の不安を払い明るさをもたらすと言い伝えられる。,当サイト独自の選び方（誕生石・デーカンの支配星・誕生色から、販売されている石。work/knowledge/10_誕生日もの.md）・販売例：https://store.karatz.jp/products/12560504,True
0610,誕生花,ホタルブクロ,花ことば：愛らしさ,一般財団法人日本花普及センター「誕生花・花ことば366」（長野県 https://www.pref.nagano.lg.jp/enchiku/sangyo/nogyo/engei-suisan/kaki/documents/hanakotoba.pdf・source/birthday/hanakotoba.pdf を2回読み比べて書き起こし）,True
0610,記念日・できごと（記念日）,時の記念日,1920年。日本で初めて水時計で時を知らせた故事にちなみ、時間を大切にする日。,https://zatsuneta.com/archives/106101.html,True
0610,記念日・できごと（記念日）,路面電車の日,1995年。「ろ(6)でん(10)」の語呂から、街を走る路面電車に親しむ日。,https://zatsuneta.com/archives/106103.html,True
0611,誕生石（月）,真珠・ムーンストーン・アレキサンドライト,,全国宝石卸商協同組合 2021年12月改定（デイリースポーツ https://www.daily.co.jp/society/life/2021/12/20/0014929848.shtml ほか。work/knowledge/10_誕生日もの.md）,True
0611,誕生色,濃藍,こいあい／#0F2350／ほたるが飛びはじめる初夏の夜空の、深い藍（腐草為螢にちなむ）,当サイト独自の選び方（七十二候にちなむ日本の伝統色。work/knowledge/10_誕生日もの.md）・色の値：https://www.colordic.org/colorsample/2064,True
0611,誕生日石,ピーターサイト,誕生色（濃藍）に近い藍系。嵐のような模様を持つことから『テンペストストーン』と呼ばれ、変化を乗り越える力の石とされる。,当サイト独自の選び方（誕生石・デーカンの支配星・誕生色から、販売されている石。work/knowledge/10_誕生日もの.md）・販売例：https://www.creema.jp/item/14312819/detail,True
0611,誕生花,ヒゲナデシコ,花ことば：細やかな思い,一般財団法人日本花普及センター「誕生花・花ことば366」（長野県 https://www.pref.nagano.lg.jp/enchiku/sangyo/nogyo/engei-suisan/kaki/documents/hanakotoba.pdf・source/birthday/hanakotoba.pdf を2回読み比べて書き起こし）,True
0611,記念日・できごと（記念日）,傘の日,梅雨入りの頃にあたることから、雨の日を明るくする傘に親しもうという日。,https://netlab.click/todayis/0611,True
0611,記念日・できごと（できごと）,国立銀行ができた日,1873年。日本初の銀行「第一国立銀行」が設立され、近代の金融が始まった日。,,False
0611,記念日・できごと（記念日）,学校図書館の日,子どもたちが本と出会う場所、学校の図書館の役割を見つめ直す日。,https://bestcalendar.jp/2025/6/11,True
0612,誕生石（月）,真珠・ムーンストーン・アレキサンドライト,,全国宝石卸商協同組合 2021年12月改定（デイリースポーツ https://www.daily.co.jp/society/life/2021/12/20/0014929848.shtml ほか。work/knowledge/10_誕生日もの.md）,True
0612,誕生色,紺青,こんじょう／#192F60／水辺の闇にほたるの光が浮かぶ、深い夜の青（腐草為螢にちなむ）,当サイト独自の選び方（七十二候にちなむ日本の伝統色。work/knowledge/10_誕生日もの.md）・色の値：https://www.colordic.org/colorsample/2075,True
0612,誕生日石,ホークスアイ,デーカンの支配星・天王星の石・誕生色（紺青）に近い藍系。鷹の目のように広く遠くを見渡す力を授け、冷静な判断を助ける石と言われる。,当サイト独自の選び方（誕生石・デーカンの支配星・誕生色から、販売されている石。work/knowledge/10_誕生日もの.md）・販売例：https://www.creema.jp/item/15619401/detail,True
0612,誕生花,スパティフィラム,花ことば：爽快,一般財団法人日本花普及センター「誕生花・花ことば366」（長野県 https://www.pref.nagano.lg.jp/enchiku/sangyo/nogyo/engei-suisan/kaki/documents/hanakotoba.pdf・source/birthday/hanakotoba.pdf を2回読み比べて書き起こし）,True
0612,記念日・できごと（記念日）,恋人の日,恋人どうしが写真立てなどを贈り合うブラジルの習わしにちなむ日。,https://zatsuneta.com/archives/106121.html,True
0612,記念日・できごと（旬）,さくらんぼの収穫,山形などで佐藤錦の収穫が最盛期を迎え、つややかな実が摘まれる頃。,,False
0612,記念日・できごと（記念日）,エスペラントの日,国を越えて話せる言葉をめざして作られた、エスペラント語に親しむ日。,https://zatsuneta.com/archives/a0612.html,True
0613,誕生石（月）,真珠・ムーンストーン・アレキサンドライト,,全国宝石卸商協同組合 2021年12月改定（デイリースポーツ https://www.daily.co.jp/society/life/2021/12/20/0014929848.shtml ほか。work/knowledge/10_誕生日もの.md）,True
0613,誕生色,鉄色,てついろ／#005243／ほたるが生まれる水辺の草むらの、夜の暗い緑（腐草為螢にちなむ）,当サイト独自の選び方（七十二候にちなむ日本の伝統色。work/knowledge/10_誕生日もの.md）・色の値：https://www.colordic.org/colorsample/2096,True
0613,誕生日石,アマゾナイト,デーカンの支配星・天王星の石・誕生色（鉄色）に近い緑系。アマゾン川にちなむ名を持ち、希望と自由な発想をもたらす石と言われる。,当サイト独自の選び方（誕生石・デーカンの支配星・誕生色から、販売されている石。work/knowledge/10_誕生日もの.md）・販売例：https://www.creema.jp/item/7350471/detail,True
0613,誕生花,トケイソウ,花ことば：聖なる愛,一般財団法人日本花普及センター「誕生花・花ことば366」（長野県 https://www.pref.nagano.lg.jp/enchiku/sangyo/nogyo/engei-suisan/kaki/documents/hanakotoba.pdf・source/birthday/hanakotoba.pdf を2回読み比べて書き起こし）,True
0613,記念日・できごと（記念日）,小さな親切運動スタートの日,1963年。「できる親切はみんなでしよう」という運動が始まったことにちなむ日。,,False
0613,記念日・できごと（できごと）,鉄人の日,1987年。衣笠祥雄さんがプロ野球の連続試合出場の世界記録を打ち立てた日。,,False
0614,誕生石（月）,真珠・ムーンストーン・アレキサンドライト,,全国宝石卸商協同組合 2021年12月改定（デイリースポーツ https://www.daily.co.jp/society/life/2021/12/20/0014929848.shtml ほか。work/knowledge/10_誕生日もの.md）,True
0614,誕生色,黄緑,きみどり／#B8D200／暗がりで静かに光る、ほたるの灯そのものの黄緑（腐草為螢にちなむ）,当サイト独自の選び方（七十二候にちなむ日本の伝統色。work/knowledge/10_誕生日もの.md）・色の値：https://www.colordic.org/colorsample/2137,True
0614,誕生日石,アクアマリン,デーカンの支配星・天王星の石。海の水の名を持ち、船乗りが航海の無事を祈った石と伝わる。穏やかな心と幸せな結婚の象徴とされる。,当サイト独自の選び方（誕生石・デーカンの支配星・誕生色から、販売されている石。work/knowledge/10_誕生日もの.md）・販売例：https://wowma.jp/item/319959950,True
0614,誕生花,グラジオラス(ピンク),花ことば：ひたむきな愛,一般財団法人日本花普及センター「誕生花・花ことば366」（長野県 https://www.pref.nagano.lg.jp/enchiku/sangyo/nogyo/engei-suisan/kaki/documents/hanakotoba.pdf・source/birthday/hanakotoba.pdf を2回読み比べて書き起こし）,True
0614,記念日・できごと（記念日）,世界献血者デー,2004年。献血に協力する人々に感謝し、献血の大切さを伝えるよう定められた日。,https://netlab.click/todayis/0614,True
0614,記念日・できごと（旬）,早苗の田んぼ,田植えを終えた田んぼに若い苗がそろい、水面に緑が映える頃。,,False
0614,記念日・できごと（記念日）,球音を楽しむ日,球場に響く打球やミットの音に耳をすませ、野球を楽しもうという日。,https://netlab.click/todayis/0614,True
0615,誕生石（月）,真珠・ムーンストーン・アレキサンドライト,,全国宝石卸商協同組合 2021年12月改定（デイリースポーツ https://www.daily.co.jp/society/life/2021/12/20/0014929848.shtml ほか。work/knowledge/10_誕生日もの.md）,True
0615,誕生色,消炭色,けしずみいろ／#524E4D／ほたるの小さな光を引き立てる、暗がりの色（腐草為螢にちなむ）,当サイト独自の選び方（七十二候にちなむ日本の伝統色。work/knowledge/10_誕生日もの.md）・色の値：https://www.colordic.org/w,True
0615,誕生日石,ラブラドライト,デーカンの支配星・天王星の石・誕生色（消炭色）に近い灰系。角度で青や金に光り、カナダの先住民にはオーロラが閉じ込められた石と伝わる。直感の石とされる。,当サイト独自の選び方（誕生石・デーカンの支配星・誕生色から、販売されている石。work/knowledge/10_誕生日もの.md）・販売例：https://www.creema.jp/item/16248173/detail,True
0615,誕生花,スイカズラ,花ことば：献身の愛,一般財団法人日本花普及センター「誕生花・花ことば366」（長野県 https://www.pref.nagano.lg.jp/enchiku/sangyo/nogyo/engei-suisan/kaki/documents/hanakotoba.pdf・source/birthday/hanakotoba.pdf を2回読み比べて書き起こし）,True
0615,記念日・できごと（記念日）,千葉県民の日,1984年。千葉県の誕生をみんなで祝い、郷土を見つめ直す県の記念日。,https://zatsuneta.com/category/anniversary06.html,True
0615,記念日・できごと（記念日）,暑中見舞いの日,1950年。暑中見舞い用のはがきが初めて発売されたことにちなむ日。,https://zatsuneta.com/category/anniversary06.html,True
0616,誕生石（月）,真珠・ムーンストーン・アレキサンドライト,,全国宝石卸商協同組合 2021年12月改定（デイリースポーツ https://www.daily.co.jp/society/life/2021/12/20/0014929848.shtml ほか。work/knowledge/10_誕生日もの.md）,True
0616,誕生色,梅染,うめぞめ／#B48A76／梅の木で染めた、熟した梅の実のような赤茶（梅子黄にちなむ）,当サイト独自の選び方（七十二候にちなむ日本の伝統色。work/knowledge/10_誕生日もの.md）・色の値：https://www.colordic.org/w,True
0616,誕生日石,アパタイト,デーカンの支配星・天王星の石。ほかの鉱物と間違われやすいことから『惑わす』の意の名を持ち、目標へ向かう意欲を高める石と言われる。,当サイト独自の選び方（誕生石・デーカンの支配星・誕生色から、販売されている石。work/knowledge/10_誕生日もの.md）・販売例：https://www.creema.jp/item/16207008/detail,True
0616,誕生花,シャクヤク,花ことば：はじらい,一般財団法人日本花普及センター「誕生花・花ことば366」（長野県 https://www.pref.nagano.lg.jp/enchiku/sangyo/nogyo/engei-suisan/kaki/documents/hanakotoba.pdf・source/birthday/hanakotoba.pdf を2回読み比べて書き起こし）,True
0616,記念日・できごと（記念日）,和菓子の日,1979年。昔、この日に菓子を供えて健康を願った「嘉祥」の行事にちなむ日。,https://bestcalendar.jp/dates/kinenbi/2687,True
0616,記念日・できごと（記念日）,麦とろの日,「む(6)ぎ(1)とろ(6)」の語呂から、麦ごはんととろろで元気をつける日。,https://netlab.click/todayis/0616,True
0617,誕生石（月）,真珠・ムーンストーン・アレキサンドライト,,全国宝石卸商協同組合 2021年12月改定（デイリースポーツ https://www.daily.co.jp/society/life/2021/12/20/0014929848.shtml ほか。work/knowledge/10_誕生日もの.md）,True
0617,誕生色,梅幸茶,ばいこうちゃ／#887938／梅雨空の下でゆっくり色づく梅の、渋い黄緑（梅子黄にちなむ）,当サイト独自の選び方（七十二候にちなむ日本の伝統色。work/knowledge/10_誕生日もの.md）・色の値：https://www.colordic.org/w,True
0617,誕生日石,琥珀,誕生色（梅幸茶）に近い茶系。太古の樹脂が固まったもので、太陽のかけらとたとえられ、長寿や繁栄の象徴とされる。,当サイト独自の選び方（誕生石・デーカンの支配星・誕生色から、販売されている石。work/knowledge/10_誕生日もの.md）・販売例：https://item.rakuten.co.jp/mjade/c/0000001973/,True
0617,誕生花,フウセンカズラ,花ことば：あなたとともに,一般財団法人日本花普及センター「誕生花・花ことば366」（長野県 https://www.pref.nagano.lg.jp/enchiku/sangyo/nogyo/engei-suisan/kaki/documents/hanakotoba.pdf・source/birthday/hanakotoba.pdf を2回読み比べて書き起こし）,True
0617,記念日・できごと（記念日）,おまわりさんの日,1874年。巡査という呼び名ができたことにちなみ、地域の安全を守る人に感謝する日。,,False
0617,記念日・できごと（旬）,梅雨の晴れ間,雨続きの合間にのぞく青空がまぶしく、洗濯物がよく乾く貴重な日和。,,False
0617,記念日・できごと（記念日）,いなりの日,甘く煮た油揚げにご飯を詰めた、おなじみのいなり寿司を味わう日。,https://zatsuneta.com/category/anniversary06.html,True
0617,記念日・できごと（記念日）,減塩の日,毎日の食事の塩分を少し控えて、体にやさしい味つけを見直す日。,https://zatsuneta.com/category/anniversary06.html,True
0618,誕生石（月）,真珠・ムーンストーン・アレキサンドライト,,全国宝石卸商協同組合 2021年12月改定（デイリースポーツ https://www.daily.co.jp/society/life/2021/12/20/0014929848.shtml ほか。work/knowledge/10_誕生日もの.md）,True
0618,誕生色,柑子色,こうじいろ／#F6AD49／梅雨の晴れ間の日を受けて色づく、梅の実の橙（梅子黄にちなむ）,当サイト独自の選び方（七十二候にちなむ日本の伝統色。work/knowledge/10_誕生日もの.md）・色の値：https://www.colordic.org/colorsample/2203,True
0618,誕生日石,オレンジカルサイト,誕生色（柑子色）に近い橙系。明るい橙色から、元気と創造する喜びを呼び覚ます石と言われる。,当サイト独自の選び方（誕生石・デーカンの支配星・誕生色から、販売されている石。work/knowledge/10_誕生日もの.md）・販売例：https://store.karatz.jp/products/12515372,True
0618,誕生花,タチアオイ,花ことば：大きな望み,一般財団法人日本花普及センター「誕生花・花ことば366」（長野県 https://www.pref.nagano.lg.jp/enchiku/sangyo/nogyo/engei-suisan/kaki/documents/hanakotoba.pdf・source/birthday/hanakotoba.pdf を2回読み比べて書き起こし）,True
0618,記念日・できごと（記念日）,おにぎりの日,石川県で日本最古級のおにぎりの化石が見つかったことにちなむ日。,https://zatsuneta.com/archives/106183.html,True
0618,記念日・できごと（できごと）,海外移住の日,1908年。移民船「笠戸丸」がブラジルに着き、日系社会の歩みが始まった日。,https://netlab.click/todayis/0618,True
0619,誕生石（月）,真珠・ムーンストーン・アレキサンドライト,,全国宝石卸商協同組合 2021年12月改定（デイリースポーツ https://www.daily.co.jp/society/life/2021/12/20/0014929848.shtml ほか。work/knowledge/10_誕生日もの.md）,True
0619,誕生色,支子色,くちなしいろ／#FBCA4D／時間をかけて黄色く熟していく、梅の実の色（梅子黄にちなむ）,当サイト独自の選び方（七十二候にちなむ日本の伝統色。work/knowledge/10_誕生日もの.md）・色の値：https://www.colordic.org/colorsample/2170,True
0619,誕生日石,アクアマリン,デーカンの支配星・天王星の石。海の水の名を持ち、船乗りが航海の無事を祈った石と伝わる。穏やかな心と幸せな結婚の象徴とされる。,当サイト独自の選び方（誕生石・デーカンの支配星・誕生色から、販売されている石。work/knowledge/10_誕生日もの.md）・販売例：https://wowma.jp/item/319959950,True
0619,誕生花,バラ(赤),花ことば：熱烈な恋,一般財団法人日本花普及センター「誕生花・花ことば366」（長野県 https://www.pref.nagano.lg.jp/enchiku/sangyo/nogyo/engei-suisan/kaki/documents/hanakotoba.pdf・source/birthday/hanakotoba.pdf を2回読み比べて書き起こし）,True
0619,記念日・できごと（記念日）,朗読の日,「ろう(6)どく(19)」の語呂から、声に出して読む楽しさを広める日。,https://zatsuneta.com/archives/a0619.html,True
0619,記念日・できごと（できごと）,ベースボール記念日,1846年。アメリカで今のルールに近い初の野球の試合が行われたことにちなむ日。,https://netlab.click/todayis/0619,True
0620,誕生石（月）,真珠・ムーンストーン・アレキサンドライト,,全国宝石卸商協同組合 2021年12月改定（デイリースポーツ https://www.daily.co.jp/society/life/2021/12/20/0014929848.shtml ほか。work/knowledge/10_誕生日もの.md）,True
0620,誕生色,鳥の子色,とりのこいろ／#FFF1CF／青い梅が黄色へと移るときの、実の淡い肌色（梅子黄にちなむ）,当サイト独自の選び方（七十二候にちなむ日本の伝統色。work/knowledge/10_誕生日もの.md）・色の値：https://www.colordic.org/w,True
0620,誕生日石,真珠,6月の誕生石・誕生色（鳥の子色）に近い白系。貝の中で育つ宝石で、月のしずくにたとえられた。純粋さや円満さの象徴とされる。,当サイト独自の選び方（誕生石・デーカンの支配星・誕生色から、販売されている石。work/knowledge/10_誕生日もの.md）・販売例：https://www.creema.jp/item/10720870/detail,True
0620,誕生花,クリ,花ことば：真心,一般財団法人日本花普及センター「誕生花・花ことば366」（長野県 https://www.pref.nagano.lg.jp/enchiku/sangyo/nogyo/engei-suisan/kaki/documents/hanakotoba.pdf・source/birthday/hanakotoba.pdf を2回読み比べて書き起こし）,True
0620,記念日・できごと（記念日）,ペパーミントデー,ハッカの産地・北海道北見市が、さわやかな香りを届けようと定めた日。,https://netlab.click/todayis/0620,True
0620,記念日・できごと（旬）,くちなし,白いくちなしの花が甘く香り、梅雨の空気をやわらげる頃。,,False
0620,記念日・できごと（記念日）,健康住宅の日,毎日を過ごす住まいの空気や明るさを見直し、心地よい家を考える日。,https://bestcalendar.jp/2026/6/20,True
0621,誕生石（月）,真珠・ムーンストーン・アレキサンドライト,,全国宝石卸商協同組合 2021年12月改定（デイリースポーツ https://www.daily.co.jp/society/life/2021/12/20/0014929848.shtml ほか。work/knowledge/10_誕生日もの.md）,True
0621,誕生色,紫苑色,しおんいろ／#867BA9／夏至のころに枯れていく夏枯草の、花穂のくすんだ紫（乃東枯にちなむ）,当サイト独自の選び方（七十二候にちなむ日本の伝統色。work/knowledge/10_誕生日もの.md）・色の値：https://www.colordic.org/w,True
0621,誕生日石,ホークスアイ,デーカンの支配星・天王星の石・誕生色（紫苑色）に近い藍系。鷹の目のように広く遠くを見渡す力を授け、冷静な判断を助ける石と言われる。,当サイト独自の選び方（誕生石・デーカンの支配星・誕生色から、販売されている石。work/knowledge/10_誕生日もの.md）・販売例：https://www.creema.jp/item/15619401/detail,True
0621,誕生花,コデマリ,花ことば：伸びゆく姿,一般財団法人日本花普及センター「誕生花・花ことば366」（長野県 https://www.pref.nagano.lg.jp/enchiku/sangyo/nogyo/engei-suisan/kaki/documents/hanakotoba.pdf・source/birthday/hanakotoba.pdf を2回読み比べて書き起こし）,True
0621,記念日・できごと（記念日）,世界音楽の日,1982年。フランス発祥の、誰もが街角で音楽を楽しむお祭りの日。,,False
0621,記念日・できごと（旬）,新じゃが,皮の薄い新じゃがいもが出回り、皮ごと味わえる料理が楽しめる頃。,,False
0621,記念日・できごと（記念日）,国際ヨガの日,心と体を整えるヨガの良さを世界で分かち合おうという国連の国際デー。,https://netlab.click/todayis/0621,True
0622,誕生石（月）,真珠・ムーンストーン・アレキサンドライト,,全国宝石卸商協同組合 2021年12月改定（デイリースポーツ https://www.daily.co.jp/society/life/2021/12/20/0014929848.shtml ほか。work/knowledge/10_誕生日もの.md）,True
0622,誕生色,葡萄鼠,ぶどうねずみ／#705B67／夏枯草の枯れゆく花穂に残る、灰色がかった紫（乃東枯にちなむ）,当サイト独自の選び方（七十二候にちなむ日本の伝統色。work/knowledge/10_誕生日もの.md）・色の値：https://www.colordic.org/colorsample/2032,True
0622,誕生日石,ムーンストーン,6月の誕生石・デーカンの支配星・月の石。内側に浮かぶ青白い光が月を思わせ、恋人たちの石や旅のお守りとされてきた。,当サイト独自の選び方（誕生石・デーカンの支配星・誕生色から、販売されている石。work/knowledge/10_誕生日もの.md）・販売例：https://www.creema.jp/item/16968708/detail,True
0622,誕生花,シラン,花ことば：美しい姿,一般財団法人日本花普及センター「誕生花・花ことば366」（長野県 https://www.pref.nagano.lg.jp/enchiku/sangyo/nogyo/engei-suisan/kaki/documents/hanakotoba.pdf・source/birthday/hanakotoba.pdf を2回読み比べて書き起こし）,True
0622,記念日・できごと（記念日）,ボウリングの日,1861年。長崎の外国人居留地に日本初のボウリング場が開かれたことにちなむ日。,https://netlab.click/todayis/0622,True
0622,記念日・できごと（旬）,夏至のころの長い夕暮れ,一年でいちばん日が長く、夕方遅くまで明るさが残る頃。,,False
0622,記念日・できごと（記念日）,かにの日,かに座の始まりの頃にあたる日。かに料理をみんなで囲みたくなる日。,https://netlab.click/todayis/0622,True
0623,誕生石（月）,真珠・ムーンストーン・アレキサンドライト,,全国宝石卸商協同組合 2021年12月改定（デイリースポーツ https://www.daily.co.jp/society/life/2021/12/20/0014929848.shtml ほか。work/knowledge/10_誕生日もの.md）,True
0623,誕生色,茶鼠,ちゃねずみ／#A99E93／みなが茂る夏至に一人枯れる草の、穂の灰茶（乃東枯にちなむ）,当サイト独自の選び方（七十二候にちなむ日本の伝統色。work/knowledge/10_誕生日もの.md）・色の値：https://www.colordic.org/colorsample/2182,True
0623,誕生日石,真珠,6月の誕生石・デーカンの支配星・月の石。貝の中で育つ宝石で、月のしずくにたとえられた。純粋さや円満さの象徴とされる。,当サイト独自の選び方（誕生石・デーカンの支配星・誕生色から、販売されている石。work/knowledge/10_誕生日もの.md）・販売例：https://www.creema.jp/item/10720870/detail,True
0623,誕生花,ムラサキツユクサ,花ことば：貴び,一般財団法人日本花普及センター「誕生花・花ことば366」（長野県 https://www.pref.nagano.lg.jp/enchiku/sangyo/nogyo/engei-suisan/kaki/documents/hanakotoba.pdf・source/birthday/hanakotoba.pdf を2回読み比べて書き起こし）,True
0623,記念日・できごと（記念日）,オリンピック・デー,1894年。国際オリンピック委員会が生まれた日にちなみ、スポーツの喜びを分かち合う日。,https://netlab.click/todayis/0623,True
0623,記念日・できごと（旬）,枝豆,早生の枝豆が出始め、ゆでたてをつまむ夏の楽しみが近づく頃。,,False
0624,誕生石（月）,真珠・ムーンストーン・アレキサンドライト,,全国宝石卸商協同組合 2021年12月改定（デイリースポーツ https://www.daily.co.jp/society/life/2021/12/20/0014929848.shtml ほか。work/knowledge/10_誕生日もの.md）,True
0624,誕生色,栗色,くりいろ／#762F07／自分の時を終えて枯れた夏枯草の、深い茶色（乃東枯にちなむ）,当サイト独自の選び方（七十二候にちなむ日本の伝統色。work/knowledge/10_誕生日もの.md）・色の値：https://www.colordic.org/colorsample/2226,True
0624,誕生日石,ムーンストーン,6月の誕生石・デーカンの支配星・月の石。内側に浮かぶ青白い光が月を思わせ、恋人たちの石や旅のお守りとされてきた。,当サイト独自の選び方（誕生石・デーカンの支配星・誕生色から、販売されている石。work/knowledge/10_誕生日もの.md）・販売例：https://www.creema.jp/item/16968708/detail,True
0624,誕生花,グラジオラス(紫),花ことば：情熱的な恋,一般財団法人日本花普及センター「誕生花・花ことば366」（長野県 https://www.pref.nagano.lg.jp/enchiku/sangyo/nogyo/engei-suisan/kaki/documents/hanakotoba.pdf・source/birthday/hanakotoba.pdf を2回読み比べて書き起こし）,True
0624,記念日・できごと（記念日）,UFOの日,1947年。空飛ぶ円盤の目撃が話題になったことにちなむ、空を見上げる日。,https://bestcalendar.jp/dates/kinenbi/2742,True
0624,記念日・できごと（記念日）,ドレミの日,1024年。「ドレミ」の階名が生まれたと伝わることにちなむ、音楽の日。,https://zatsuneta.com/archives/106242.html,True
0625,誕生石（月）,真珠・ムーンストーン・アレキサンドライト,,全国宝石卸商協同組合 2021年12月改定（デイリースポーツ https://www.daily.co.jp/society/life/2021/12/20/0014929848.shtml ほか。work/knowledge/10_誕生日もの.md）,True
0625,誕生色,藤煤竹,ふじすすたけ／#5A5359／夏枯草の花の紫が、枯れて茶へと移ろう途中の色（乃東枯にちなむ）,当サイト独自の選び方（七十二候にちなむ日本の伝統色。work/knowledge/10_誕生日もの.md）・色の値：https://www.colordic.org/w,True
0625,誕生日石,セレナイト,デーカンの支配星・月の石。月の女神セレネにちなむ名を持ち、心を澄ませ落ち着かせる石とされる。,当サイト独自の選び方（誕生石・デーカンの支配星・誕生色から、販売されている石。work/knowledge/10_誕生日もの.md）・販売例：https://item.rakuten.co.jp/ojicopet/na-s04-selpam/,True
0625,誕生花,ウイキョウ,花ことば：賞讃,一般財団法人日本花普及センター「誕生花・花ことば366」（長野県 https://www.pref.nagano.lg.jp/enchiku/sangyo/nogyo/engei-suisan/kaki/documents/hanakotoba.pdf・source/birthday/hanakotoba.pdf を2回読み比べて書き起こし）,True
0625,記念日・できごと（旬）,とうもろこし,甘いとうもろこしが出回り始め、焼きとうもろこしが恋しくなる頃。,,False
0625,記念日・できごと（旬）,蓮の花,朝早く池に蓮の花が開き始め、涼やかな景色が広がる頃。,,False
0625,記念日・できごと（記念日）,住宅デー,毎日を過ごす住まいの手入れや住み心地を、あらためて見直してみる日。,https://zatsuneta.com/category/anniversary06.html,True
0626,誕生石（月）,真珠・ムーンストーン・アレキサンドライト,,全国宝石卸商協同組合 2021年12月改定（デイリースポーツ https://www.daily.co.jp/society/life/2021/12/20/0014929848.shtml ほか。work/knowledge/10_誕生日もの.md）,True
0626,誕生色,銀煤竹,ぎんすすたけ／#856859／緑の茂る夏の野に枯れて立つ、草の穂の淡い茶（乃東枯にちなむ）,当サイト独自の選び方（七十二候にちなむ日本の伝統色。work/knowledge/10_誕生日もの.md）・色の値：https://www.colordic.org/w,True
0626,誕生日石,真珠,6月の誕生石・デーカンの支配星・月の石。貝の中で育つ宝石で、月のしずくにたとえられた。純粋さや円満さの象徴とされる。,当サイト独自の選び方（誕生石・デーカンの支配星・誕生色から、販売されている石。work/knowledge/10_誕生日もの.md）・販売例：https://www.creema.jp/item/10720870/detail,True
0626,誕生花,ジキタリス,花ことば：熱い胸の内,一般財団法人日本花普及センター「誕生花・花ことば366」（長野県 https://www.pref.nagano.lg.jp/enchiku/sangyo/nogyo/engei-suisan/kaki/documents/hanakotoba.pdf・source/birthday/hanakotoba.pdf を2回読み比べて書き起こし）,True
0626,記念日・できごと（記念日）,露天風呂の日,岡山・湯原温泉の人たちが「ろ(6)てんぶ(2)ろ(6)」の語呂から定めた日。,https://zatsuneta.com/archives/a0626.html,True
0626,記念日・できごと（旬）,きゅうり,みずみずしいきゅうりがたくさん実り、夏野菜の季節が本番になる頃。,,False
0627,誕生石（月）,真珠・ムーンストーン・アレキサンドライト,,全国宝石卸商協同組合 2021年12月改定（デイリースポーツ https://www.daily.co.jp/society/life/2021/12/20/0014929848.shtml ほか。work/knowledge/10_誕生日もの.md）,True
0627,誕生色,菖蒲色,あやめいろ／#CC7EB1／すっと伸びた茎の先に咲く、あやめの花の紫（菖蒲華にちなむ）,当サイト独自の選び方（七十二候にちなむ日本の伝統色。work/knowledge/10_誕生日もの.md）・色の値：https://www.colordic.org/colorsample/2029,True
0627,誕生日石,ムーンストーン,6月の誕生石・デーカンの支配星・月の石。内側に浮かぶ青白い光が月を思わせ、恋人たちの石や旅のお守りとされてきた。,当サイト独自の選び方（誕生石・デーカンの支配星・誕生色から、販売されている石。work/knowledge/10_誕生日もの.md）・販売例：https://www.creema.jp/item/16968708/detail,True
0627,誕生花,アガパンサス,花ことば：恋の訪れ,一般財団法人日本花普及センター「誕生花・花ことば366」（長野県 https://www.pref.nagano.lg.jp/enchiku/sangyo/nogyo/engei-suisan/kaki/documents/hanakotoba.pdf・source/birthday/hanakotoba.pdf を2回読み比べて書き起こし）,True
0627,記念日・できごと（記念日）,演説の日,1874年。福沢諭吉が日本で初めて「演説」を広めた会が開かれたことにちなむ日。,https://netlab.click/todayis/0627,True
0627,記念日・できごと（記念日）,ちらし寿司の日,岡山の名物ばら寿司にちなみ、彩り豊かなちらし寿司を楽しむ日。,https://zatsuneta.com/archives/106273.html,True
0628,誕生石（月）,真珠・ムーンストーン・アレキサンドライト,,全国宝石卸商協同組合 2021年12月改定（デイリースポーツ https://www.daily.co.jp/society/life/2021/12/20/0014929848.shtml ほか。work/knowledge/10_誕生日もの.md）,True
0628,誕生色,杜若色,かきつばたいろ／#3E62AD／あやめと並んで梅雨の水辺に咲く、杜若の青紫（菖蒲華にちなむ）,当サイト独自の選び方（七十二候にちなむ日本の伝統色。work/knowledge/10_誕生日もの.md）・色の値：https://www.colordic.org/w,True
0628,誕生日石,アズライト,誕生色（杜若色）に近い藍系。深い藍色で古くは顔料に使われ、洞察力を高める『天の石』と言われる。,当サイト独自の選び方（誕生石・デーカンの支配星・誕生色から、販売されている石。work/knowledge/10_誕生日もの.md）・販売例：https://www.creema.jp/item/18010666/detail,True
0628,誕生花,エスカロニア,花ことば：慕う心,一般財団法人日本花普及センター「誕生花・花ことば366」（長野県 https://www.pref.nagano.lg.jp/enchiku/sangyo/nogyo/engei-suisan/kaki/documents/hanakotoba.pdf・source/birthday/hanakotoba.pdf を2回読み比べて書き起こし）,True
0628,記念日・できごと（できごと）,パフェの日,1950年。プロ野球で初の完全試合が達成された日にちなみ、パフェを味わう日。,https://zatsuneta.com/archives/106282.html,True
0628,記念日・できごと（旬）,すもも,甘ずっぱいすももが色づき、初夏から盛夏へ移る季節を知らせる頃。,,False
0628,記念日・できごと（記念日）,貿易記念日,海外とのものの行き来を支える貿易の大切さを、あらためて考える日。,https://netlab.click/todayis/0628,True
0629,誕生石（月）,真珠・ムーンストーン・アレキサンドライト,,全国宝石卸商協同組合 2021年12月改定（デイリースポーツ https://www.daily.co.jp/society/life/2021/12/20/0014929848.shtml ほか。work/knowledge/10_誕生日もの.md）,True
0629,誕生色,江戸紫,えどむらさき／#745399／江戸の人に愛された、あやめにも似た凛とした紫（菖蒲華にちなむ）,当サイト独自の選び方（七十二候にちなむ日本の伝統色。work/knowledge/10_誕生日もの.md）・色の値：https://www.colordic.org/colorsample/2045,True
0629,誕生日石,クンツァイト,誕生色（江戸紫）に近い紫系。20世紀初めに名づけられた淡い桃紫色の石で、無償の愛や穏やかな心を表すとされる。,当サイト独自の選び方（誕生石・デーカンの支配星・誕生色から、販売されている石。work/knowledge/10_誕生日もの.md）・販売例：https://www.creema.jp/item/21087266/detail,True
0629,誕生花,ジャーマンアイリス,花ことば：恋の便り,一般財団法人日本花普及センター「誕生花・花ことば366」（長野県 https://www.pref.nagano.lg.jp/enchiku/sangyo/nogyo/engei-suisan/kaki/documents/hanakotoba.pdf・source/birthday/hanakotoba.pdf を2回読み比べて書き起こし）,True
0629,記念日・できごと（できごと）,ビートルズ記念日,1966年。ビートルズが来日し、日本中が熱狂に包まれた日。,https://netlab.click/todayis/0629,True
0629,記念日・できごと（記念日）,佃煮の日,保存食として親しまれてきた佃煮のおいしさを伝える日。,https://netlab.click/todayis/0629,True
0630,誕生石（月）,真珠・ムーンストーン・アレキサンドライト,,全国宝石卸商協同組合 2021年12月改定（デイリースポーツ https://www.daily.co.jp/society/life/2021/12/20/0014929848.shtml ほか。work/knowledge/10_誕生日もの.md）,True
0630,誕生色,京紫,きょうむらさき／#9D5B8B／梅雨の雨に濡れたあやめの、赤みを帯びた紫（菖蒲華にちなむ）,当サイト独自の選び方（七十二候にちなむ日本の伝統色。work/knowledge/10_誕生日もの.md）・色の値：https://www.colordic.org/colorsample/2031,True
0630,誕生日石,トルマリン,誕生色（京紫）に近い桃系。温めると電気を帯びる性質があり、色の豊かさから才能や個性を引き出す石と言われる。,当サイト独自の選び方（誕生石・デーカンの支配星・誕生色から、販売されている石。work/knowledge/10_誕生日もの.md）・販売例：https://store.karatz.jp/en/collections/tourmaline,True
0630,誕生花,スカビオサ,花ことば：魅力,一般財団法人日本花普及センター「誕生花・花ことば366」（長野県 https://www.pref.nagano.lg.jp/enchiku/sangyo/nogyo/engei-suisan/kaki/documents/hanakotoba.pdf・source/birthday/hanakotoba.pdf を2回読み比べて書き起こし）,True
0630,記念日・できごと（行事）,夏越の祓,一年の折り返しに心身を清め、残り半年の健康を祈る伝統行事。,https://netlab.click/todayis/0630,True
0630,記念日・できごと（旬）,水無月の和菓子,白いういろうに小豆をのせた和菓子「水無月」が店先に並ぶ頃。,,False
0630,記念日・できごと（記念日）,アインシュタイン記念日,1905年。アインシュタインが相対性理論の最初の論文を提出したことにちなむ日。,https://netlab.click/todayis/0630,True
0701,誕生石（月）,ルビー・スフェーン,,全国宝石卸商協同組合 2021年12月改定（デイリースポーツ https://www.daily.co.jp/society/life/2021/12/20/0014929848.shtml ほか。work/knowledge/10_誕生日もの.md）,True
0701,誕生色,紫,むらさき／#884898／昔から高貴な色とされた、凛と咲くあやめの花の紫（菖蒲華にちなむ）,当サイト独自の選び方（七十二候にちなむ日本の伝統色。work/knowledge/10_誕生日もの.md）・色の値：https://www.colordic.org/w,True
0701,誕生日石,スフェーン,7月の誕生石。ダイヤモンドを上回る七色のきらめきを持ち、ひらめきや知恵を引き出す石と言われる。,当サイト独自の選び方（誕生石・デーカンの支配星・誕生色から、販売されている石。work/knowledge/10_誕生日もの.md）・販売例：https://store.karatz.jp/en/collections/sphene,True
0701,誕生花,クレマチス,花ことば：心の美,一般財団法人日本花普及センター「誕生花・花ことば366」（長野県 https://www.pref.nagano.lg.jp/enchiku/sangyo/nogyo/engei-suisan/kaki/documents/hanakotoba.pdf・source/birthday/hanakotoba.pdf を2回読み比べて書き起こし）,True
0701,記念日・できごと（記念日）,童謡の日,子どもの心を育てる童謡を、世代をこえて歌いつごうと呼びかける日,https://netlab.click/todayis/0701,True
0701,記念日・できごと（できごと）,名神高速道路が全線開通,1965年。愛知の小牧と兵庫の西宮が一本の高速道路で結ばれ、旅と物流が大きく変わった,https://netlab.click/todayis/0701,True
0701,記念日・できごと（行事）,京都・祇園祭が始まる,ひと月にわたって続く京都の夏祭り。7月1日から神事が順に始まっていく,https://tabi-mag.jp/day0701/,True
0702,誕生石（月）,ルビー・スフェーン,,全国宝石卸商協同組合 2021年12月改定（デイリースポーツ https://www.daily.co.jp/society/life/2021/12/20/0014929848.shtml ほか。work/knowledge/10_誕生日もの.md）,True
0702,誕生色,卯の花色,うのはないろ／#F7FCFE／葉の半分が白く染まる半夏生の、清らかな白（半夏生にちなむ）,当サイト独自の選び方（七十二候にちなむ日本の伝統色。work/knowledge/10_誕生日もの.md）・色の値：https://www.colordic.org/w,True
0702,誕生日石,カルセドニー,誕生色（卯の花色）に近い白系。やわらかな乳白色の青で、人と人とをつなぎ、言葉を穏やかにする石と言われる。,当サイト独自の選び方（誕生石・デーカンの支配星・誕生色から、販売されている石。work/knowledge/10_誕生日もの.md）・販売例：https://store.shopping.yahoo.co.jp/lucky365shop/bbea52a5a5a.html,True
0702,誕生花,フロックス,花ことば：温和,一般財団法人日本花普及センター「誕生花・花ことば366」（長野県 https://www.pref.nagano.lg.jp/enchiku/sangyo/nogyo/engei-suisan/kaki/documents/hanakotoba.pdf・source/birthday/hanakotoba.pdf を2回読み比べて書き起こし）,True
0702,記念日・できごと（記念日）,一年の折り返しの日,一年のちょうど真ん中にあたる頃。前半をふり返り、後半の目標を立て直す節目,https://netlab.click/todayis/0702,True
0702,記念日・できごと（できごと）,谷川岳に初めて登頂,1920年。日本山岳会の2人が谷川岳の頂に立ち、山の魅力が広く知られるきっかけになった,https://netlab.click/todayis/0702,True
0702,記念日・できごと（できごと）,官報が創刊,1883年。国の決まりごとを国民に知らせる新聞「官報」が、この日に初めて発行された,https://netlab.click/todayis/0702,True
0703,誕生石（月）,ルビー・スフェーン,,全国宝石卸商協同組合 2021年12月改定（デイリースポーツ https://www.daily.co.jp/society/life/2021/12/20/0014929848.shtml ほか。work/knowledge/10_誕生日もの.md）,True
0703,誕生色,灰白色,かいはくしょく／#E9E4D4／田植えを終えた梅雨空の下の田に映る、灰がかった白（半夏生にちなむ）,当サイト独自の選び方（七十二候にちなむ日本の伝統色。work/knowledge/10_誕生日もの.md）・色の値：https://www.colordic.org/colorsample/2160,True
0703,誕生日石,スフェーン,7月の誕生石・誕生色（灰白色）に近い黄系。ダイヤモンドを上回る七色のきらめきを持ち、ひらめきや知恵を引き出す石と言われる。,当サイト独自の選び方（誕生石・デーカンの支配星・誕生色から、販売されている石。work/knowledge/10_誕生日もの.md）・販売例：https://store.karatz.jp/en/collections/sphene,True
0703,誕生花,マツバギク,花ことば：心広い愛情,一般財団法人日本花普及センター「誕生花・花ことば366」（長野県 https://www.pref.nagano.lg.jp/enchiku/sangyo/nogyo/engei-suisan/kaki/documents/hanakotoba.pdf・source/birthday/hanakotoba.pdf を2回読み比べて書き起こし）,True
0703,記念日・できごと（記念日）,ソフトクリームの日,日本で初めてコーン入りのソフトクリームが売られたことにちなむ甘い記念日,https://netlab.click/todayis/0703,True
0703,記念日・できごと（できごと）,初代通天閣が開業,1912年。大阪・新世界に初代の通天閣がお目見えし、街のシンボルとして親しまれた,https://netlab.click/todayis/0703,True
0703,記念日・できごと（記念日）,七味の日,「しち(7)み(3)」の語呂合わせ。香りと辛さを足してくれる薬味をたたえる日,https://netlab.click/todayis/0703,True
0704,誕生石（月）,ルビー・スフェーン,,全国宝石卸商協同組合 2021年12月改定（デイリースポーツ https://www.daily.co.jp/society/life/2021/12/20/0014929848.shtml ほか。work/knowledge/10_誕生日もの.md）,True
0704,誕生色,柳鼠,やなぎねず／#C8D5BB／田植えを終えて落ち着いた水田の、やわらかな灰緑（半夏生にちなむ）,当サイト独自の選び方（七十二候にちなむ日本の伝統色。work/knowledge/10_誕生日もの.md）・色の値：https://www.colordic.org/colorsample/2333,True
0704,誕生日石,クリソプレーズ,誕生色（柳鼠）に近い緑系。青りんご色の玉髄で、アレクサンドロス大王が愛したと伝わる。希望を育てる石とされる。,当サイト独自の選び方（誕生石・デーカンの支配星・誕生色から、販売されている石。work/knowledge/10_誕生日もの.md）・販売例：https://www.creema.jp/item/12893166/detail,True
0704,誕生花,カノコユリ,花ことば：慈悲深さ,一般財団法人日本花普及センター「誕生花・花ことば366」（長野県 https://www.pref.nagano.lg.jp/enchiku/sangyo/nogyo/engei-suisan/kaki/documents/hanakotoba.pdf・source/birthday/hanakotoba.pdf を2回読み比べて書き起こし）,True
0704,記念日・できごと（記念日）,梨の日,「な(7)し(4)」の語呂合わせ。二十世紀梨の産地・鳥取の人たちが定めた日,https://netlab.click/todayis/0704,True
0704,記念日・できごと（できごと）,第1回プロ野球オールスター戦,1951年。両リーグの人気選手が一堂に会する夢の球宴が、この日初めて開かれた,https://tabi-mag.jp/day0704/,False
0704,記念日・できごと（できごと）,大島大橋が開通,1976年。山口県の周防大島と本州が橋で結ばれ、島の暮らしがぐっと身近になった,https://tabi-mag.jp/day0704/,False
0704,記念日・できごと（記念日）,シーザーサラダの日,ロメインレタスにチーズのドレッシングをからめた、シーザーサラダを味わう日。,https://netlab.click/todayis/0704,True
0705,誕生石（月）,ルビー・スフェーン,,全国宝石卸商協同組合 2021年12月改定（デイリースポーツ https://www.daily.co.jp/society/life/2021/12/20/0014929848.shtml ほか。work/knowledge/10_誕生日もの.md）,True
0705,誕生色,利休白茶,りきゅうしらちゃ／#B3ADA0／梅雨のしめった空気の中の、季節の区切りの渋い白茶（半夏生にちなむ）,当サイト独自の選び方（七十二候にちなむ日本の伝統色。work/knowledge/10_誕生日もの.md）・色の値：https://www.colordic.org/colorsample/2306,True
0705,誕生日石,スモーキークォーツ,デーカンの支配星・冥王星の石・誕生色（利休白茶）に近い灰系。煙のような茶色の水晶で、心を落ち着かせ、地に足をつける石と言われる。,当サイト独自の選び方（誕生石・デーカンの支配星・誕生色から、販売されている石。work/knowledge/10_誕生日もの.md）・販売例：https://www.creema.jp/item/16278090/detail,True
0705,誕生花,ハマナス,花ことば：香り豊か,一般財団法人日本花普及センター「誕生花・花ことば366」（長野県 https://www.pref.nagano.lg.jp/enchiku/sangyo/nogyo/engei-suisan/kaki/documents/hanakotoba.pdf・source/birthday/hanakotoba.pdf を2回読み比べて書き起こし）,True
0705,記念日・できごと（記念日）,穴子の日,「あ・な(7)ご(5)」の語呂合わせ。夏が旬の穴子をおいしく味わおうという日,https://netlab.click/todayis/0705,True
0705,記念日・できごと（旬）,ゴーヤー,苦みが夏の元気を支えるゴーヤー。7月は出回りが増え、いちばんおいしい時期,https://news.allabout.co.jp/articles/o/65057/,False
0705,記念日・できごと（記念日）,江戸切子の日,光を受けてきらめく伝統のガラス細工、江戸切子の美しさに親しむ日。,https://netlab.click/todayis/0705,True
0706,誕生石（月）,ルビー・スフェーン,,全国宝石卸商協同組合 2021年12月改定（デイリースポーツ https://www.daily.co.jp/society/life/2021/12/20/0014929848.shtml ほか。work/knowledge/10_誕生日もの.md）,True
0706,誕生色,青磁鼠,せいじねず／#BED2C3／梅雨の雨に濡れた半夏生の葉の、灰みを帯びた緑（半夏生にちなむ）,当サイト独自の選び方（七十二候にちなむ日本の伝統色。work/knowledge/10_誕生日もの.md）・色の値：https://www.colordic.org/w,True
0706,誕生日石,スフェーン,7月の誕生石・誕生色（青磁鼠）に近い緑系。ダイヤモンドを上回る七色のきらめきを持ち、ひらめきや知恵を引き出す石と言われる。,当サイト独自の選び方（誕生石・デーカンの支配星・誕生色から、販売されている石。work/knowledge/10_誕生日もの.md）・販売例：https://store.karatz.jp/en/collections/sphene,True
0706,誕生花,ツユクサ,花ことば：尊敬,一般財団法人日本花普及センター「誕生花・花ことば366」（長野県 https://www.pref.nagano.lg.jp/enchiku/sangyo/nogyo/engei-suisan/kaki/documents/hanakotoba.pdf・source/birthday/hanakotoba.pdf を2回読み比べて書き起こし）,True
0706,記念日・できごと（記念日）,サラダ記念日,俵万智さんの短歌から生まれた日。何気ない毎日を記念日に変える言葉の力,https://netlab.click/todayis/0706,True
0706,記念日・できごと（記念日）,ピアノが日本に来た日,来日したシーボルトが日本へ初めてピアノを持ち込んだという記録にちなむ日,https://netlab.click/todayis/0706,True
0706,記念日・できごと（記念日）,ナンの日,「ナ(7)ン(6)」の語呂合わせ。カレーに添えるもちもちのナンを楽しむ日,https://netlab.click/todayis/0706,True
0707,誕生石（月）,ルビー・スフェーン,,全国宝石卸商協同組合 2021年12月改定（デイリースポーツ https://www.daily.co.jp/society/life/2021/12/20/0014929848.shtml ほか。work/knowledge/10_誕生日もの.md）,True
0707,誕生色,橙色,だいだいいろ／#EE7800／南から吹きはじめた熱い風を思わせる、明るい橙（温風至にちなむ）,当サイト独自の選び方（七十二候にちなむ日本の伝統色。work/knowledge/10_誕生日もの.md）・色の値：https://www.colordic.org/colorsample/2241,True
0707,誕生日石,ルビー,7月の誕生石。燃えるような赤から情熱と勇気の象徴とされ、インドでは『宝石の王』と呼ばれた。,当サイト独自の選び方（誕生石・デーカンの支配星・誕生色から、販売されている石。work/knowledge/10_誕生日もの.md）・販売例：https://store.karatz.jp/en/collections/ruby,True
0707,誕生花,クチナシ,花ことば：とても、うれしい,一般財団法人日本花普及センター「誕生花・花ことば366」（長野県 https://www.pref.nagano.lg.jp/enchiku/sangyo/nogyo/engei-suisan/kaki/documents/hanakotoba.pdf・source/birthday/hanakotoba.pdf を2回読み比べて書き起こし）,True
0707,記念日・できごと（行事）,七夕,短冊に願いを書いて笹に飾る星祭り。織姫と彦星が年に一度会える夜,https://bestcalendar.jp/dates/kinenbi/2889,True
0707,記念日・できごと（記念日）,そうめんの日,七夕にそうめんを食べる古い風習にちなみ、乾麺の団体が定めた日,https://bestcalendar.jp/dates/kinenbi/2889,True
0707,記念日・できごと（記念日）,ゆかたの日,七夕の夜に浴衣で出かけようと呼びかける日。夏の装いを楽しむきっかけに,https://tabi-mag.jp/day0707/,True
0708,誕生石（月）,ルビー・スフェーン,,全国宝石卸商協同組合 2021年12月改定（デイリースポーツ https://www.daily.co.jp/society/life/2021/12/20/0014929848.shtml ほか。work/knowledge/10_誕生日もの.md）,True
0708,誕生色,柿色,かきいろ／#ED6D3D／梅雨明けが近い強い日差しの、赤みのある橙（温風至にちなむ）,当サイト独自の選び方（七十二候にちなむ日本の伝統色。work/knowledge/10_誕生日もの.md）・色の値：https://www.colordic.org/colorsample/2252,True
0708,誕生日石,ブラックトルマリン,デーカンの支配星・冥王星の石。身を守る石の代表とされ、余計なものを退けて気持ちを整えると言われる。,当サイト独自の選び方（誕生石・デーカンの支配星・誕生色から、販売されている石。work/knowledge/10_誕生日もの.md）・販売例：https://minne.com/items/32530857,True
0708,誕生花,フウリンソウ,花ことば：感謝,一般財団法人日本花普及センター「誕生花・花ことば366」（長野県 https://www.pref.nagano.lg.jp/enchiku/sangyo/nogyo/engei-suisan/kaki/documents/hanakotoba.pdf・source/birthday/hanakotoba.pdf を2回読み比べて書き起こし）,True
0708,記念日・できごと（記念日）,なはの日,「な(7)は(8)」の語呂合わせで、沖縄県那覇市がふるさとの魅力を伝える日,https://netlab.click/todayis/0708,True
0708,記念日・できごと（記念日）,中国茶の日,中国語の7の音と「おちゃ(8)」を合わせた日。香り高いお茶でひと息つく日,https://netlab.click/todayis/0708,True
0708,記念日・できごと（記念日）,なわとびの日,「な(7)わ(8)」の語呂合わせ。なわとびで体を動かす楽しさを広める日,https://netlab.click/todayis/0708,True
0709,誕生石（月）,ルビー・スフェーン,,全国宝石卸商協同組合 2021年12月改定（デイリースポーツ https://www.daily.co.jp/society/life/2021/12/20/0014929848.shtml ほか。work/knowledge/10_誕生日もの.md）,True
0709,誕生色,蜜柑色,みかんいろ／#F08300／南の熱い風が運んでくる夏の太陽の、元気な橙（温風至にちなむ）,当サイト独自の選び方（七十二候にちなむ日本の伝統色。work/knowledge/10_誕生日もの.md）・色の値：https://www.colordic.org/w,True
0709,誕生日石,ポピージャスパー,デーカンの支配星・冥王星の石。ケシの花のような模様を持つ碧玉で、明るい活力と遊び心を呼ぶ石と言われる。,当サイト独自の選び方（誕生石・デーカンの支配星・誕生色から、販売されている石。work/knowledge/10_誕生日もの.md）・販売例：https://minne.com/items/6526995,True
0709,誕生花,ボダイジュ,花ことば：結ばれる愛,一般財団法人日本花普及センター「誕生花・花ことば366」（長野県 https://www.pref.nagano.lg.jp/enchiku/sangyo/nogyo/engei-suisan/kaki/documents/hanakotoba.pdf・source/birthday/hanakotoba.pdf を2回読み比べて書き起こし）,True
0709,記念日・できごと（できごと）,日本初の本格ジェットコースター,1955年。後楽園ゆうえんちに本格的なジェットコースターが登場し、スリルの夏が始まった,https://netlab.click/todayis/0709,True
0709,記念日・できごと（行事）,浅草寺のほおずき市,7月9日と10日、浅草寺の境内に朱色のほおずきが並ぶ東京の夏の風物詩,,False
0710,誕生石（月）,ルビー・スフェーン,,全国宝石卸商協同組合 2021年12月改定（デイリースポーツ https://www.daily.co.jp/society/life/2021/12/20/0014929848.shtml ほか。work/knowledge/10_誕生日もの.md）,True
0710,誕生色,洗朱,あらいしゅ／#D0826C／熱い風にさらされたような、少しやわらいだ朱（温風至にちなむ）,当サイト独自の選び方（七十二候にちなむ日本の伝統色。work/knowledge/10_誕生日もの.md）・色の値：https://www.colordic.org/colorsample/2262,True
0710,誕生日石,ガーネット,デーカンの支配星・冥王星の石・誕生色（洗朱）に近い赤系。実りの象徴とされ、旅人が身を守るお守りにしたと伝わる。変わらぬ友情や努力を支える石と言われる。,当サイト独自の選び方（誕生石・デーカンの支配星・誕生色から、販売されている石。work/knowledge/10_誕生日もの.md）・販売例：https://store.karatz.jp/en/products/12560127,True
0710,誕生花,トルコギキョウ(ピンク),花ことば：優美,一般財団法人日本花普及センター「誕生花・花ことば366」（長野県 https://www.pref.nagano.lg.jp/enchiku/sangyo/nogyo/engei-suisan/kaki/documents/hanakotoba.pdf・source/birthday/hanakotoba.pdf を2回読み比べて書き起こし）,True
0710,記念日・できごと（記念日）,納豆の日,「なっ(7)とう(10)」の語呂合わせ。日本の食卓を支える発酵食品をたたえる日,https://zatsuneta.com/archives/107101.html,True
0710,記念日・できごと（できごと）,日本生理学会の第1回大会,1922年。体のしくみを研究する学会が初めて集まった日。のちに「生理学の日」となった,https://bestcalendar.jp/dates/kinenbi/2938,True
0711,誕生石（月）,ルビー・スフェーン,,全国宝石卸商協同組合 2021年12月改定（デイリースポーツ https://www.daily.co.jp/society/life/2021/12/20/0014929848.shtml ほか。work/knowledge/10_誕生日もの.md）,True
0711,誕生色,珊瑚朱色,さんごしゅいろ／#EE836F／南の海から吹いてくる温かな風を思わせる、明るい朱（温風至にちなむ）,当サイト独自の選び方（七十二候にちなむ日本の伝統色。work/knowledge/10_誕生日もの.md）・色の値：https://www.colordic.org/colorsample/2371,True
0711,誕生日石,ルビー,7月の誕生石・誕生色（珊瑚朱色）に近い赤系。燃えるような赤から情熱と勇気の象徴とされ、インドでは『宝石の王』と呼ばれた。,当サイト独自の選び方（誕生石・デーカンの支配星・誕生色から、販売されている石。work/knowledge/10_誕生日もの.md）・販売例：https://store.karatz.jp/en/collections/ruby,True
0711,誕生花,カノコソウ,花ことば：真実の愛情,一般財団法人日本花普及センター「誕生花・花ことば366」（長野県 https://www.pref.nagano.lg.jp/enchiku/sangyo/nogyo/engei-suisan/kaki/documents/hanakotoba.pdf・source/birthday/hanakotoba.pdf を2回読み比べて書き起こし）,True
0711,記念日・できごと（記念日）,真珠記念日,1893年。御木本幸吉夫妻が真珠の養殖に初めて成功した日。日本の真珠が世界へ羽ばたいた,https://netlab.click/todayis/0711,True
0711,記念日・できごと（記念日）,ロコモコ開きの日,「なつ(7)のいい(11)ひ」の語呂合わせ。ハワイの味で夏を始めようという日,https://netlab.click/todayis/0711,True
0712,誕生石（月）,ルビー・スフェーン,,全国宝石卸商協同組合 2021年12月改定（デイリースポーツ https://www.daily.co.jp/society/life/2021/12/20/0014929848.shtml ほか。work/knowledge/10_誕生日もの.md）,True
0712,誕生色,撫子色,なでしこいろ／#EEBBCB／泥の中から伸びて開いた蓮の、やさしい薄紅（蓮始開にちなむ）,当サイト独自の選び方（七十二候にちなむ日本の伝統色。work/knowledge/10_誕生日もの.md）・色の値：https://www.colordic.org/colorsample/2023,True
0712,誕生日石,インカローズ,誕生色（撫子色）に近い桃系。アンデスで産出し、インカの人々に愛されたと伝わる。情熱的な愛と自分を好きになる心の石とされる。,当サイト独自の選び方（誕生石・デーカンの支配星・誕生色から、販売されている石。work/knowledge/10_誕生日もの.md）・販売例：https://store.shopping.yahoo.co.jp/tosho-stones/712-80.html,True
0712,誕生花,ノコギリソウ,花ことば：真心を持って,一般財団法人日本花普及センター「誕生花・花ことば366」（長野県 https://www.pref.nagano.lg.jp/enchiku/sangyo/nogyo/engei-suisan/kaki/documents/hanakotoba.pdf・source/birthday/hanakotoba.pdf を2回読み比べて書き起こし）,True
0712,記念日・できごと（できごと）,ラジオ本放送が始まる,1925年。東京放送局がラジオの本放送をスタート。家にいながら声と音楽が届く時代へ,https://netlab.click/todayis/0712,True
0712,記念日・できごと（記念日）,人間ドックの日,1954年。日本で初めて短期入院による総合健診が行われたことにちなむ、健康を見直す日,https://netlab.click/todayis/0712,True
0713,誕生石（月）,ルビー・スフェーン,,全国宝石卸商協同組合 2021年12月改定（デイリースポーツ https://www.daily.co.jp/society/life/2021/12/20/0014929848.shtml ほか。work/knowledge/10_誕生日もの.md）,True
0713,誕生色,白磁,はくじ／#F8FBF8／泥に染まらず清らかに咲く白蓮の、透きとおる白（蓮始開にちなむ）,当サイト独自の選び方（七十二候にちなむ日本の伝統色。work/knowledge/10_誕生日もの.md）・色の値：https://www.colordic.org/w,True
0713,誕生日石,セレスタイト,デーカンの支配星・海王星の石。『天空』を意味する名を持ち、空色の結晶が心を穏やかにし、安らぎを与えると言われる。,当サイト独自の選び方（誕生石・デーカンの支配星・誕生色から、販売されている石。work/knowledge/10_誕生日もの.md）・販売例：https://item.rakuten.co.jp/tesorocoltd/gs-sp-3690/,True
0713,誕生花,ホテイアオイ,花ことば：恋の愉しみ,一般財団法人日本花普及センター「誕生花・花ことば366」（長野県 https://www.pref.nagano.lg.jp/enchiku/sangyo/nogyo/engei-suisan/kaki/documents/hanakotoba.pdf・source/birthday/hanakotoba.pdf を2回読み比べて書き起こし）,True
0713,記念日・できごと（記念日）,日本標準時制定記念日,1886年。東経135度の時刻を日本の基準と決めた日。全国の時計が一つにそろった,https://netlab.click/todayis/0713,True
0713,記念日・できごと（記念日）,ナイスの日,「ナ(7)イ(1)ス(3)」の語呂から、周りの人の良いところをほめ合う日。,https://zatsuneta.com/archives/107133.html,True
0714,誕生石（月）,ルビー・スフェーン,,全国宝石卸商協同組合 2021年12月改定（デイリースポーツ https://www.daily.co.jp/society/life/2021/12/20/0014929848.shtml ほか。work/knowledge/10_誕生日もの.md）,True
0714,誕生色,鴇鼠,ときねず／#E4D2D8／朝もやの中で静かに開く蓮の花の、灰がかった紅（蓮始開にちなむ）,当サイト独自の選び方（七十二候にちなむ日本の伝統色。work/knowledge/10_誕生日もの.md）・色の値：https://www.colordic.org/colorsample/2457,True
0714,誕生日石,レピドライト,誕生色（鴇鼠）に近い桃系。うろこのようにきらめく雲母で、変化の時期に心を穏やかにする石と言われる。,当サイト独自の選び方（誕生石・デーカンの支配星・誕生色から、販売されている石。work/knowledge/10_誕生日もの.md）・販売例：https://www.creema.jp/item/17806759/detail,True
0714,誕生花,ユリ(白),花ことば：純潔,一般財団法人日本花普及センター「誕生花・花ことば366」（長野県 https://www.pref.nagano.lg.jp/enchiku/sangyo/nogyo/engei-suisan/kaki/documents/hanakotoba.pdf・source/birthday/hanakotoba.pdf を2回読み比べて書き起こし）,True
0714,記念日・できごと（記念日）,ゼリーの日,パリ祭にちなんで定められた日。ぷるんと冷たいゼリーで涼を楽しむ日,https://tabi-mag.jp/day0714/,True
0714,記念日・できごと（できごと）,日本初の求人広告,1872年。新聞に日本で初めて求人広告が載ったとされる日。仕事との出会いの始まり,https://tabi-mag.jp/day0714/,True
0715,誕生石（月）,ルビー・スフェーン,,全国宝石卸商協同組合 2021年12月改定（デイリースポーツ https://www.daily.co.jp/society/life/2021/12/20/0014929848.shtml ほか。work/knowledge/10_誕生日もの.md）,True
0715,誕生色,灰梅,はいうめ／#E8D3C7／蓮の花びらの根もとに残る、淡くくすんだ紅（蓮始開にちなむ）,当サイト独自の選び方（七十二候にちなむ日本の伝統色。work/knowledge/10_誕生日もの.md）・色の値：https://www.colordic.org/colorsample/2362,True
0715,誕生日石,ラリマー,デーカンの支配星・海王星の石。カリブ海のドミニカで見つかった石で、海と空の色から『愛と平和の石』と呼ばれる。,当サイト独自の選び方（誕生石・デーカンの支配星・誕生色から、販売されている石。work/knowledge/10_誕生日もの.md）・販売例：https://www.rakuten.co.jp/sistina/contents/larimar/,True
0715,誕生花,カワラナデシコ,花ことば：可憐,一般財団法人日本花普及センター「誕生花・花ことば366」（長野県 https://www.pref.nagano.lg.jp/enchiku/sangyo/nogyo/engei-suisan/kaki/documents/hanakotoba.pdf・source/birthday/hanakotoba.pdf を2回読み比べて書き起こし）,True
0715,記念日・できごと（行事）,お中元,半年の無事を祝い、お世話になった人へ感謝の品を贈る日本の夏の習わし,https://netlab.click/todayis/0715,True
0715,記念日・できごと（記念日）,大阪港開港記念日,1868年。大阪の安治川河口に港が開かれ、海の玄関口として歩みを始めた日,https://netlab.click/todayis/0715,True
0716,誕生石（月）,ルビー・スフェーン,,全国宝石卸商協同組合 2021年12月改定（デイリースポーツ https://www.daily.co.jp/society/life/2021/12/20/0014929848.shtml ほか。work/knowledge/10_誕生日もの.md）,True
0716,誕生色,撫子色,なでしこいろ／#EEBBCB／泥の中から伸びて開いた蓮の、やさしい薄紅（蓮始開にちなむ）,当サイト独自の選び方（七十二候にちなむ日本の伝統色。work/knowledge/10_誕生日もの.md）・色の値：https://www.colordic.org/colorsample/2023,True
0716,誕生日石,ユナカイト,誕生色（撫子色）に近い桃系。緑と桃色がまだらにまじり、心と体のバランスを整える石と言われる。,当サイト独自の選び方（誕生石・デーカンの支配星・誕生色から、販売されている石。work/knowledge/10_誕生日もの.md）・販売例：https://item.rakuten.co.jp/auc-ryusho/c/0000001069/,True
0716,誕生花,ジンジャー,花ことば：慕われる愛,一般財団法人日本花普及センター「誕生花・花ことば366」（長野県 https://www.pref.nagano.lg.jp/enchiku/sangyo/nogyo/engei-suisan/kaki/documents/hanakotoba.pdf・source/birthday/hanakotoba.pdf を2回読み比べて書き起こし）,True
0716,記念日・できごと（記念日）,駅弁記念日,1885年。宇都宮駅の開業日に日本初の駅弁が売られたとされる日。旅の楽しみの原点,https://netlab.click/todayis/0716,True
0716,記念日・できごと（行事）,閻魔参り・藪入り,奉公人が休みをもらい里帰りした日。閻魔さまにお参りする習わしもある,https://netlab.click/todayis/0716,True
0717,誕生石（月）,ルビー・スフェーン,,全国宝石卸商協同組合 2021年12月改定（デイリースポーツ https://www.daily.co.jp/society/life/2021/12/20/0014929848.shtml ほか。work/knowledge/10_誕生日もの.md）,True
0717,誕生色,白磁,はくじ／#F8FBF8／泥に染まらず清らかに咲く白蓮の、透きとおる白（蓮始開にちなむ）,当サイト独自の選び方（七十二候にちなむ日本の伝統色。work/knowledge/10_誕生日もの.md）・色の値：https://www.colordic.org/w,True
0717,誕生日石,ハウライト,誕生色（白磁）に近い白系。白地に灰色の網目模様が入り、高ぶった気持ちを静め、穏やかな眠りを助ける石と言われる。,当サイト独自の選び方（誕生石・デーカンの支配星・誕生色から、販売されている石。work/knowledge/10_誕生日もの.md）・販売例：https://www.creema.jp/item/15178760/detail,True
0717,誕生花,ヒルガオ,花ことば：和やかさ,一般財団法人日本花普及センター「誕生花・花ことば366」（長野県 https://www.pref.nagano.lg.jp/enchiku/sangyo/nogyo/engei-suisan/kaki/documents/hanakotoba.pdf・source/birthday/hanakotoba.pdf を2回読み比べて書き起こし）,True
0717,記念日・できごと（記念日）,東京の日,1868年。それまでの「江戸」が「東京」と名を改めた日。新しい都の始まり,https://netlab.click/todayis/0717,True
0717,記念日・できごと（記念日）,理学療法の日,1966年。日本理学療法士協会の結成にちなむ日。体を動かす力を支える仕事をたたえる,https://netlab.click/todayis/0717,True
0718,誕生石（月）,ルビー・スフェーン,,全国宝石卸商協同組合 2021年12月改定（デイリースポーツ https://www.daily.co.jp/society/life/2021/12/20/0014929848.shtml ほか。work/knowledge/10_誕生日もの.md）,True
0718,誕生色,黄橡,きつるばみ／#B68D4C／巣立ちを前に飛ぶ練習をする若鷹の、黄みの茶の羽（鷹乃学習にちなむ）,当サイト独自の選び方（七十二候にちなむ日本の伝統色。work/knowledge/10_誕生日もの.md）・色の値：https://www.colordic.org/w,True
0718,誕生日石,セレスタイト,デーカンの支配星・海王星の石。『天空』を意味する名を持ち、空色の結晶が心を穏やかにし、安らぎを与えると言われる。,当サイト独自の選び方（誕生石・デーカンの支配星・誕生色から、販売されている石。work/knowledge/10_誕生日もの.md）・販売例：https://item.rakuten.co.jp/tesorocoltd/gs-sp-3690/,True
0718,誕生花,バーベナ,花ことば：魅了する,一般財団法人日本花普及センター「誕生花・花ことば366」（長野県 https://www.pref.nagano.lg.jp/enchiku/sangyo/nogyo/engei-suisan/kaki/documents/hanakotoba.pdf・source/birthday/hanakotoba.pdf を2回読み比べて書き起こし）,True
0718,記念日・できごと（記念日）,大賀ハス開花記念日,1952年。2000年以上前の古いハスの実が芽を出し、花を咲かせたことにちなむ日,https://bestcalendar.jp/2026/7/18,True
0719,誕生石（月）,ルビー・スフェーン,,全国宝石卸商協同組合 2021年12月改定（デイリースポーツ https://www.daily.co.jp/society/life/2021/12/20/0014929848.shtml ほか。work/knowledge/10_誕生日もの.md）,True
0719,誕生色,灰茶,はいちゃ／#98623C／狩りの技を覚えていく若鷹の、落ち着いた背の色（鷹乃学習にちなむ）,当サイト独自の選び方（七十二候にちなむ日本の伝統色。work/knowledge/10_誕生日もの.md）・色の値：https://www.colordic.org/w,True
0719,誕生日石,ラリマー,デーカンの支配星・海王星の石。カリブ海のドミニカで見つかった石で、海と空の色から『愛と平和の石』と呼ばれる。,当サイト独自の選び方（誕生石・デーカンの支配星・誕生色から、販売されている石。work/knowledge/10_誕生日もの.md）・販売例：https://www.rakuten.co.jp/sistina/contents/larimar/,True
0719,誕生花,ユリ(黄),花ことば：飾らぬ美,一般財団法人日本花普及センター「誕生花・花ことば366」（長野県 https://www.pref.nagano.lg.jp/enchiku/sangyo/nogyo/engei-suisan/kaki/documents/hanakotoba.pdf・source/birthday/hanakotoba.pdf を2回読み比べて書き起こし）,True
0719,記念日・できごと（記念日）,やまなし桃の日,7月19日は1年の200日目。「百＝もも」にちなみ山梨の桃を味わう日,https://netlab.click/todayis/0719,True
0719,記念日・できごと（できごと）,二千円札の発行,2000年。沖縄の守礼門が描かれた二千円紙幣が、この日に初めて世に出た,https://netlab.click/todayis/0719,True
0720,誕生石（月）,ルビー・スフェーン,,全国宝石卸商協同組合 2021年12月改定（デイリースポーツ https://www.daily.co.jp/society/life/2021/12/20/0014929848.shtml ほか。work/knowledge/10_誕生日もの.md）,True
0720,誕生色,胡桃色,くるみいろ／#A86F4C／練習を重ねて育つ若鷹の羽に見える、温かな茶（鷹乃学習にちなむ）,当サイト独自の選び方（七十二候にちなむ日本の伝統色。work/knowledge/10_誕生日もの.md）・色の値：https://www.colordic.org/w,True
0720,誕生日石,トパーズ,誕生色（胡桃色）に近い橙系。名は『探し求める』の意とも言われ、希望や友情、誠実さの象徴とされる。,当サイト独自の選び方（誕生石・デーカンの支配星・誕生色から、販売されている石。work/knowledge/10_誕生日もの.md）・販売例：https://item.rakuten.co.jp/tanodiamond/c/0000000596/,True
0720,誕生花,フィソステギア,花ことば：達成,一般財団法人日本花普及センター「誕生花・花ことば366」（長野県 https://www.pref.nagano.lg.jp/enchiku/sangyo/nogyo/engei-suisan/kaki/documents/hanakotoba.pdf・source/birthday/hanakotoba.pdf を2回読み比べて書き起こし）,True
0720,記念日・できごと（記念日）,月面着陸の日,1969年。アポロ11号が月に降り立った日。人類の夢がひとつかなった瞬間,https://netlab.click/todayis/0720,True
0720,記念日・できごと（記念日）,Tシャツの日,夏本番を前に、Tシャツ1枚で軽やかに過ごす楽しさを伝える日,https://netlab.click/todayis/0720,True
0720,記念日・できごと（行事）,恐山大祭,青森県むつ市の恐山で7月20日から24日まで開かれる、夏の大きな祭礼,https://tabi-mag.jp/day0720/,True
0721,誕生石（月）,ルビー・スフェーン,,全国宝石卸商協同組合 2021年12月改定（デイリースポーツ https://www.daily.co.jp/society/life/2021/12/20/0014929848.shtml ほか。work/knowledge/10_誕生日もの.md）,True
0721,誕生色,鳶色,とびいろ／#95483F／空を舞う猛禽の翼に見られる、赤みがかった茶（鷹乃学習にちなむ）,当サイト独自の選び方（七十二候にちなむ日本の伝統色。work/knowledge/10_誕生日もの.md）・色の値：https://www.colordic.org/w,True
0721,誕生日石,ルビー,7月の誕生石・誕生色（鳶色）に近い赤系。燃えるような赤から情熱と勇気の象徴とされ、インドでは『宝石の王』と呼ばれた。,当サイト独自の選び方（誕生石・デーカンの支配星・誕生色から、販売されている石。work/knowledge/10_誕生日もの.md）・販売例：https://store.karatz.jp/en/collections/ruby,True
0721,誕生花,ネムノキ,花ことば：創造力,一般財団法人日本花普及センター「誕生花・花ことば366」（長野県 https://www.pref.nagano.lg.jp/enchiku/sangyo/nogyo/engei-suisan/kaki/documents/hanakotoba.pdf・source/birthday/hanakotoba.pdf を2回読み比べて書き起こし）,True
0721,記念日・できごと（記念日）,日本三景の日,松島・天橋立・宮島の三景をたたえた儒学者・林鵞峰にちなむ日,https://netlab.click/todayis/0721,True
0721,記念日・できごと（記念日）,自然公園の日,1957年。自然公園法の制定にちなみ、山や海辺の美しい景色を守り楽しむ日。,https://netlab.click/todayis/0721,True
0722,誕生石（月）,ルビー・スフェーン,,全国宝石卸商協同組合 2021年12月改定（デイリースポーツ https://www.daily.co.jp/society/life/2021/12/20/0014929848.shtml ほか。work/knowledge/10_誕生日もの.md）,True
0722,誕生色,空色,そらいろ／#A0D8EF／若鷹が初めて大きく舞い上がる、夏の空の青（鷹乃学習にちなむ）,当サイト独自の選び方（七十二候にちなむ日本の伝統色。work/knowledge/10_誕生日もの.md）・色の値：https://www.colordic.org/colorsample/2089,True
0722,誕生日石,ブルーレースアゲート,誕生色（空色）に近い青系。レースのような淡い縞を持ち、言葉をやわらげ、穏やかな対話を助ける石と言われる。,当サイト独自の選び方（誕生石・デーカンの支配星・誕生色から、販売されている石。work/knowledge/10_誕生日もの.md）・販売例：https://www.creema.jp/item/12880180/detail,True
0722,誕生花,ジャノメギク,花ことば：変わらぬ熱愛,一般財団法人日本花普及センター「誕生花・花ことば366」（長野県 https://www.pref.nagano.lg.jp/enchiku/sangyo/nogyo/engei-suisan/kaki/documents/hanakotoba.pdf・source/birthday/hanakotoba.pdf を2回読み比べて書き起こし）,True
0722,記念日・できごと（記念日）,著作権制度の日,1899年。日本で近代的な著作権の決まりができた日。作る人の努力を守る仕組み,https://netlab.click/todayis/0722,True
0722,記念日・できごと（旬）,ひまわり,太陽に向かって大きく咲くひまわりが見頃。夏の元気をくれる花,,False
0722,記念日・できごと（記念日）,下駄の日,下駄の寸法の表し方や歯の跡の形にちなむ日。浴衣に下駄で夏の夜を歩く頃。,https://netlab.click/todayis/0722,True
0723,誕生石（月）,ルビー・スフェーン,,全国宝石卸商協同組合 2021年12月改定（デイリースポーツ https://www.daily.co.jp/society/life/2021/12/20/0014929848.shtml ほか。work/knowledge/10_誕生日もの.md）,True
0723,誕生色,藤紫,ふじむらさき／#A59ACA／翌年に咲く桐の花を先取りしたような、淡い紫（桐始結花にちなむ）,当サイト独自の選び方（七十二候にちなむ日本の伝統色。work/knowledge/10_誕生日もの.md）・色の値：https://www.colordic.org/colorsample/2049,True
0723,誕生日石,ルビー,7月の誕生石・デーカンの支配星・太陽の石。燃えるような赤から情熱と勇気の象徴とされ、インドでは『宝石の王』と呼ばれた。,当サイト独自の選び方（誕生石・デーカンの支配星・誕生色から、販売されている石。work/knowledge/10_誕生日もの.md）・販売例：https://store.karatz.jp/en/collections/ruby,True
0723,誕生花,ブーゲンビリア(ピンク),花ことば：情熱,一般財団法人日本花普及センター「誕生花・花ことば366」（長野県 https://www.pref.nagano.lg.jp/enchiku/sangyo/nogyo/engei-suisan/kaki/documents/hanakotoba.pdf・source/birthday/hanakotoba.pdf を2回読み比べて書き起こし）,True
0723,記念日・できごと（記念日）,文月ふみの日,「ふ(2)み(3)」の語呂合わせ。7月は文月、手紙で思いを伝えようという日,https://netlab.click/todayis/0723,True
0723,記念日・できごと（旬）,風鈴,軒先で鳴る風鈴の音が涼しさを運ぶ頃。耳で楽しむ日本の夏の知恵,,False
0723,記念日・できごと（記念日）,天ぷらの日,夏の暑さに負けないよう、からりと揚げた天ぷらで元気をつける日。,https://netlab.click/todayis/0723,True
0724,誕生石（月）,ルビー・スフェーン,,全国宝石卸商協同組合 2021年12月改定（デイリースポーツ https://www.daily.co.jp/society/life/2021/12/20/0014929848.shtml ほか。work/knowledge/10_誕生日もの.md）,True
0724,誕生色,半色,はしたいろ／#A69ABD／桐の花の、濃くも薄くもない中ほどの上品な紫（桐始結花にちなむ）,当サイト独自の選び方（七十二候にちなむ日本の伝統色。work/knowledge/10_誕生日もの.md）・色の値：https://www.colordic.org/colorsample/2309,True
0724,誕生日石,チャロアイト,誕生色（半色）に近い紫系。ロシアのチャロ川流域だけで採れる石で、心の迷いを晴らし、自分らしさを支える石と言われる。,当サイト独自の選び方（誕生石・デーカンの支配星・誕生色から、販売されている石。work/knowledge/10_誕生日もの.md）・販売例：https://www.creema.jp/item/17840880/detail,True
0724,誕生花,オオマツヨイグサ,花ことば：秘めた情熱,一般財団法人日本花普及センター「誕生花・花ことば366」（長野県 https://www.pref.nagano.lg.jp/enchiku/sangyo/nogyo/engei-suisan/kaki/documents/hanakotoba.pdf・source/birthday/hanakotoba.pdf を2回読み比べて書き起こし）,True
0724,記念日・できごと（記念日）,劇画の日,1964年。漫画雑誌「ガロ」の創刊にちなむ日。大人も楽しむ漫画文化が花開いた,https://netlab.click/todayis/0724,True
0724,記念日・できごと（記念日）,ドローンサッカーの日,2020年。大分県別府市に日本初のドローンサッカー競技場ができたことにちなむ日,https://netlab.click/todayis/0724,True
0725,誕生石（月）,ルビー・スフェーン,,全国宝石卸商協同組合 2021年12月改定（デイリースポーツ https://www.daily.co.jp/society/life/2021/12/20/0014929848.shtml ほか。work/knowledge/10_誕生日もの.md）,True
0725,誕生色,二藍,ふたあい／#915C8B／高貴な木とされた桐にふさわしい、青みのある紫（桐始結花にちなむ）,当サイト独自の選び方（七十二候にちなむ日本の伝統色。work/knowledge/10_誕生日もの.md）・色の値：https://www.colordic.org/colorsample/2030,True
0725,誕生日石,シトリン,デーカンの支配星・太陽の石。太陽のような黄色から、明るさや豊かさを招く『商人の石』と呼ばれることがある。,当サイト独自の選び方（誕生石・デーカンの支配星・誕生色から、販売されている石。work/knowledge/10_誕生日もの.md）・販売例：https://www.creema.jp/item/16248173/detail,True
0725,誕生花,トリカブト,花ことば：美しい輝き,一般財団法人日本花普及センター「誕生花・花ことば366」（長野県 https://www.pref.nagano.lg.jp/enchiku/sangyo/nogyo/engei-suisan/kaki/documents/hanakotoba.pdf・source/birthday/hanakotoba.pdf を2回読み比べて書き起こし）,True
0725,記念日・できごと（記念日）,かき氷の日,「な(7)つ(2)ご(5)おり」の語呂合わせ。夏の定番かき氷を楽しむ日,https://bestcalendar.jp/dates/kinenbi/3087,True
0725,記念日・できごと（できごと）,北海道でバターづくりが始まる,1925年。北海道の酪農家の組合がバターの製造を始めた日。のちに記念日になった,https://news.nissyoku.co.jp/today/578155,True
0726,誕生石（月）,ルビー・スフェーン,,全国宝石卸商協同組合 2021年12月改定（デイリースポーツ https://www.daily.co.jp/society/life/2021/12/20/0014929848.shtml ほか。work/knowledge/10_誕生日もの.md）,True
0726,誕生色,藤納戸,ふじなんど／#706CAA／つぼみをつけはじめた桐の木かげの、深い青紫（桐始結花にちなむ）,当サイト独自の選び方（七十二候にちなむ日本の伝統色。work/knowledge/10_誕生日もの.md）・色の値：https://www.colordic.org/colorsample/2051,True
0726,誕生日石,サンストーン,デーカンの支配星・太陽の石。太陽のきらめきを閉じ込めたような石で、前向きな気持ちや自信を呼ぶと言われる。,当サイト独自の選び方（誕生石・デーカンの支配星・誕生色から、販売されている石。work/knowledge/10_誕生日もの.md）・販売例：https://item.rakuten.co.jp/auc-hinryo/c/0000000145/,True
0726,誕生花,ハルシャギク,花ことば：清い心,一般財団法人日本花普及センター「誕生花・花ことば366」（長野県 https://www.pref.nagano.lg.jp/enchiku/sangyo/nogyo/engei-suisan/kaki/documents/hanakotoba.pdf・source/birthday/hanakotoba.pdf を2回読み比べて書き起こし）,True
0726,記念日・できごと（記念日）,日光の日,空海が「二荒山」を「日光山」と名付けたという言い伝えにちなむ日,https://netlab.click/todayis/0726,True
0726,記念日・できごと（記念日）,つるむらさきの日,愛媛県宇和島の夏野菜つるむらさきを広めようと地元のJAが定めた日,https://netlab.click/todayis/0726,True
0727,誕生石（月）,ルビー・スフェーン,,全国宝石卸商協同組合 2021年12月改定（デイリースポーツ https://www.daily.co.jp/society/life/2021/12/20/0014929848.shtml ほか。work/knowledge/10_誕生日もの.md）,True
0727,誕生色,利休茶,りきゅうちゃ／#A59564／箪笥などに使われる桐の木肌を思わせる、渋い茶（桐始結花にちなむ）,当サイト独自の選び方（七十二候にちなむ日本の伝統色。work/knowledge/10_誕生日もの.md）・色の値：https://www.colordic.org/colorsample/2158,True
0727,誕生日石,タイガーアイ,デーカンの支配星・太陽の石・誕生色（利休茶）に近い黄系。虎の目のような光の筋から、物事を見通す力と決断力を授ける石と言われる。,当サイト独自の選び方（誕生石・デーカンの支配星・誕生色から、販売されている石。work/knowledge/10_誕生日もの.md）・販売例：https://item.rakuten.co.jp/holonshop/c/0000000423/,True
0727,誕生花,マツバボタン,花ことば：可愛らしさ,一般財団法人日本花普及センター「誕生花・花ことば366」（長野県 https://www.pref.nagano.lg.jp/enchiku/sangyo/nogyo/engei-suisan/kaki/documents/hanakotoba.pdf・source/birthday/hanakotoba.pdf を2回読み比べて書き起こし）,True
0727,記念日・できごと（記念日）,スイカの日,縞模様を綱に見立て「な(7)つのよこづ(2)な(7)」と読む語呂合わせの日,https://netlab.click/todayis/0727,True
0727,記念日・できごと（旬）,朝顔,朝に開いて昼にしぼむ朝顔が見頃。早起きした人へのごほうびの花,,False
0727,記念日・できごと（記念日）,ツナの日,サンドイッチやおにぎりの具でおなじみ、ツナを味わう日。,https://zatsuneta.com/category/anniversary07.html,True
0728,誕生石（月）,ルビー・スフェーン,,全国宝石卸商協同組合 2021年12月改定（デイリースポーツ https://www.daily.co.jp/society/life/2021/12/20/0014929848.shtml ほか。work/knowledge/10_誕生日もの.md）,True
0728,誕生色,檜皮色,ひわだいろ／#965036／蒸し暑さにじっとり湿った、土と木の皮の赤茶（土潤溽暑にちなむ）,当サイト独自の選び方（七十二候にちなむ日本の伝統色。work/knowledge/10_誕生日もの.md）・色の値：https://www.colordic.org/colorsample/2256,True
0728,誕生日石,琥珀,デーカンの支配星・太陽の石・誕生色（檜皮色）に近い橙系。太古の樹脂が固まったもので、太陽のかけらとたとえられ、長寿や繁栄の象徴とされる。,当サイト独自の選び方（誕生石・デーカンの支配星・誕生色から、販売されている石。work/knowledge/10_誕生日もの.md）・販売例：https://item.rakuten.co.jp/mjade/c/0000001973/,True
0728,誕生花,サラサドウダン,花ことば：喜びあふれ,一般財団法人日本花普及センター「誕生花・花ことば366」（長野県 https://www.pref.nagano.lg.jp/enchiku/sangyo/nogyo/engei-suisan/kaki/documents/hanakotoba.pdf・source/birthday/hanakotoba.pdf を2回読み比べて書き起こし）,True
0728,記念日・できごと（記念日）,菜っ葉の日,「な(7)っ(2)ぱ(8)」の語呂合わせ。葉物野菜で夏バテを防ごうという日,https://netlab.click/todayis/0728,True
0728,記念日・できごと（記念日）,なにわの日,「な(7)に(2)わ(8)」の語呂合わせで、大阪市浪速区が定めた日,https://netlab.click/todayis/0728,True
0728,記念日・できごと（記念日）,地名の日,土地の名前に込められた歴史を大切にしようと、地名の愛好会が定めた日,https://netlab.click/todayis/0728,True
0729,誕生石（月）,ルビー・スフェーン,,全国宝石卸商協同組合 2021年12月改定（デイリースポーツ https://www.daily.co.jp/society/life/2021/12/20/0014929848.shtml ほか。work/knowledge/10_誕生日もの.md）,True
0729,誕生色,小豆色,あずきいろ／#96514D／濃い熱気の中で作物が熟していく、深い赤茶（土潤溽暑にちなむ）,当サイト独自の選び方（七十二候にちなむ日本の伝統色。work/knowledge/10_誕生日もの.md）・色の値：https://www.colordic.org/colorsample/2275,True
0729,誕生日石,ルビー,7月の誕生石・デーカンの支配星・太陽の石・誕生色（小豆色）に近い赤系。燃えるような赤から情熱と勇気の象徴とされ、インドでは『宝石の王』と呼ばれた。,当サイト独自の選び方（誕生石・デーカンの支配星・誕生色から、販売されている石。work/knowledge/10_誕生日もの.md）・販売例：https://store.karatz.jp/en/collections/ruby,True
0729,誕生花,ブーゲンビリア(白),花ことば：熱心な気持ち,一般財団法人日本花普及センター「誕生花・花ことば366」（長野県 https://www.pref.nagano.lg.jp/enchiku/sangyo/nogyo/engei-suisan/kaki/documents/hanakotoba.pdf・source/birthday/hanakotoba.pdf を2回読み比べて書き起こし）,True
0729,記念日・できごと（記念日）,アマチュア無線の日,1952年。禁止されていたアマチュア無線が解禁された日。電波で人とつながる楽しみ,https://netlab.click/?p=3731,True
0729,記念日・できごと（記念日）,国際トラの日,数が減っているトラを守ろうと、世界で呼びかけが行われる日,https://aptraining.csc.com/july-29,False
0729,記念日・できごと（記念日）,七福神の日,「しち(7)ふ(2)く(9)」の語呂から、福を運ぶ七福神にあやかる日。,https://netlab.click/todayis/0729,True
0730,誕生石（月）,ルビー・スフェーン,,全国宝石卸商協同組合 2021年12月改定（デイリースポーツ https://www.daily.co.jp/society/life/2021/12/20/0014929848.shtml ほか。work/knowledge/10_誕生日もの.md）,True
0730,誕生色,海老茶,えびちゃ／#773C30／じっとりと湿った土が熱を帯びた、深みのある赤茶（土潤溽暑にちなむ）,当サイト独自の選び方（七十二候にちなむ日本の伝統色。work/knowledge/10_誕生日もの.md）・色の値：https://www.colordic.org/colorsample/2274,True
0730,誕生日石,シトリン,デーカンの支配星・太陽の石。太陽のような黄色から、明るさや豊かさを招く『商人の石』と呼ばれることがある。,当サイト独自の選び方（誕生石・デーカンの支配星・誕生色から、販売されている石。work/knowledge/10_誕生日もの.md）・販売例：https://www.creema.jp/item/16248173/detail,True
0730,誕生花,トルコギキョウ(白),花ことば：希望,一般財団法人日本花普及センター「誕生花・花ことば366」（長野県 https://www.pref.nagano.lg.jp/enchiku/sangyo/nogyo/engei-suisan/kaki/documents/hanakotoba.pdf・source/birthday/hanakotoba.pdf を2回読み比べて書き起こし）,True
0730,記念日・できごと（記念日）,梅干の日,「なん(7)がさ(3)る(0)」の語呂合わせ。梅干で難が去るようにという日,https://netlab.click/todayis/0730,True
0730,記念日・できごと（できごと）,日本初のグライダー滑空場,1933年。長野の霧ヶ峰に日本初のグライダー滑空場が開かれ、空を飛ぶ夢が広がった,https://tabi-mag.jp/day0730/,True
0730,記念日・できごと（記念日）,国際友情デー,国や文化の違いをこえた友情を大切にしようと、国連が定めた日,https://netlab.click/todayis/0730,True
0731,誕生石（月）,ルビー・スフェーン,,全国宝石卸商協同組合 2021年12月改定（デイリースポーツ https://www.daily.co.jp/society/life/2021/12/20/0014929848.shtml ほか。work/knowledge/10_誕生日もの.md）,True
0731,誕生色,錆色,さびいろ／#6C3524／蒸し暑さが極まって錆びつくような、暗い赤茶（土潤溽暑にちなむ）,当サイト独自の選び方（七十二候にちなむ日本の伝統色。work/knowledge/10_誕生日もの.md）・色の値：https://www.colordic.org/colorsample/2270,True
0731,誕生日石,ルビー,7月の誕生石・デーカンの支配星・太陽の石・誕生色（錆色）に近い赤系。燃えるような赤から情熱と勇気の象徴とされ、インドでは『宝石の王』と呼ばれた。,当サイト独自の選び方（誕生石・デーカンの支配星・誕生色から、販売されている石。work/knowledge/10_誕生日もの.md）・販売例：https://store.karatz.jp/en/collections/ruby,True
0731,誕生花,ルドベキア,花ことば：正しい選択,一般財団法人日本花普及センター「誕生花・花ことば366」（長野県 https://www.pref.nagano.lg.jp/enchiku/sangyo/nogyo/engei-suisan/kaki/documents/hanakotoba.pdf・source/birthday/hanakotoba.pdf を2回読み比べて書き起こし）,True
0731,記念日・できごと（できごと）,秋田犬が天然記念物に,1931年。秋田犬が国の天然記念物に指定された日。日本の犬が宝物として守られた,https://netlab.click/todayis/0731,True
0731,記念日・できごと（記念日）,パラグライダー記念日,1988年。北九州市で日本初のパラグライダー大会が開かれたことにちなむ日,https://netlab.click/todayis/0731,True
0731,記念日・できごと（記念日）,ビーチの日,「な(7)み(3)がいい(1)」の語呂合わせ。浜辺の文化を楽しみ守る日,https://netlab.click/todayis/0731,True
0801,誕生石（月）,サードオニックス・ペリドット・スピネル,,全国宝石卸商協同組合 2021年12月改定（デイリースポーツ https://www.daily.co.jp/society/life/2021/12/20/0014929848.shtml ほか。work/knowledge/10_誕生日もの.md）,True
0801,誕生色,柿渋色,かきしぶいろ／#9F563A／じめじめした夏の暮らしを支えた柿渋の、赤茶（土潤溽暑にちなむ）,当サイト独自の選び方（七十二候にちなむ日本の伝統色。work/knowledge/10_誕生日もの.md）・色の値：https://www.colordic.org/w,True
0801,誕生日石,ペリドット,8月の誕生石。『太陽の石』と呼ばれ、夜の不安を払い明るさをもたらすと言い伝えられる。,当サイト独自の選び方（誕生石・デーカンの支配星・誕生色から、販売されている石。work/knowledge/10_誕生日もの.md）・販売例：https://store.karatz.jp/products/12560504,True
0801,誕生花,オシロイバナ,花ことば：あなたを思う,一般財団法人日本花普及センター「誕生花・花ことば366」（長野県 https://www.pref.nagano.lg.jp/enchiku/sangyo/nogyo/engei-suisan/kaki/documents/hanakotoba.pdf・source/birthday/hanakotoba.pdf を2回読み比べて書き起こし）,True
0801,記念日・できごと（記念日）,水の日,水を一番多く使う8月の初日。限りある水の大切さを見直す日,https://news.allabout.co.jp/articles/o/64784/,True
0802,誕生石（月）,サードオニックス・ペリドット・スピネル,,全国宝石卸商協同組合 2021年12月改定（デイリースポーツ https://www.daily.co.jp/society/life/2021/12/20/0014929848.shtml ほか。work/knowledge/10_誕生日もの.md）,True
0802,誕生色,納戸色,なんどいろ／#008899／時おり降る激しい雨に景色がけむる、青緑がかった色（大雨時行にちなむ）,当サイト独自の選び方（七十二候にちなむ日本の伝統色。work/knowledge/10_誕生日もの.md）・色の値：https://www.colordic.org/colorsample/2078,True
0802,誕生日石,クリソコラ,誕生色（納戸色）に近い青系。青と緑がまじり合う石で、女性らしいやさしさや穏やかな表現を助ける石と言われる。,当サイト独自の選び方（誕生石・デーカンの支配星・誕生色から、販売されている石。work/knowledge/10_誕生日もの.md）・販売例：https://www.creema.jp/item/1747596/detail,True
0802,誕生花,ハマユウ,花ことば：あなたを信じます,一般財団法人日本花普及センター「誕生花・花ことば366」（長野県 https://www.pref.nagano.lg.jp/enchiku/sangyo/nogyo/engei-suisan/kaki/documents/hanakotoba.pdf・source/birthday/hanakotoba.pdf を2回読み比べて書き起こし）,True
0802,記念日・できごと（できごと）,日本人初の金メダル,1928年。織田幹雄選手が三段跳びで優勝し、日本人として初めて五輪の金メダルを獲得,https://netlab.click/todayis/0802,True
0802,記念日・できごと（記念日）,カレーうどんの日,カレーうどんが広まって100年をこえたことを記念して定められた日,https://netlab.click/todayis/0802,True
0802,記念日・できごと（行事）,青森ねぶた祭,大きな灯籠のねぶたが夜の青森を練り歩く、東北を代表する夏祭り,https://netlab.click/todayis/0802,False
0803,誕生石（月）,サードオニックス・ペリドット・スピネル,,全国宝石卸商協同組合 2021年12月改定（デイリースポーツ https://www.daily.co.jp/society/life/2021/12/20/0014929848.shtml ほか。work/knowledge/10_誕生日もの.md）,True
0803,誕生色,舛花色,ますはないろ／#5B7E91／夏の夕立を降らせる雨雲の、灰みを帯びた青（大雨時行にちなむ）,当サイト独自の選び方（七十二候にちなむ日本の伝統色。work/knowledge/10_誕生日もの.md）・色の値：https://www.colordic.org/colorsample/2405,True
0803,誕生日石,サファイア,デーカンの支配星・木星の石・誕生色（舛花色）に近い青系。天の青を映す石とされ、誠実さと慈愛の象徴。中世の聖職者が身につけたと伝わる。,当サイト独自の選び方（誕生石・デーカンの支配星・誕生色から、販売されている石。work/knowledge/10_誕生日もの.md）・販売例：https://www.creema.jp/item/3016761/detail,True
0803,誕生花,ヒナゲシ,花ことば：乙女らしさ,一般財団法人日本花普及センター「誕生花・花ことば366」（長野県 https://www.pref.nagano.lg.jp/enchiku/sangyo/nogyo/engei-suisan/kaki/documents/hanakotoba.pdf・source/birthday/hanakotoba.pdf を2回読み比べて書き起こし）,True
0803,記念日・できごと（記念日）,ハチミツの日,「はち(8)みつ(3)」の語呂合わせ。ミツバチがくれる自然の甘みを味わう日,https://news.allabout.co.jp/articles/o/64908/,True
0803,記念日・できごと（記念日）,ハモの日,関西で鱧を「はみ」と呼ぶことにちなむ語呂合わせ。夏の京料理の味,https://news.allabout.co.jp/articles/o/64908/,True
0803,記念日・できごと（記念日）,ハサミの日,「は(8)さみ(3)」の語呂合わせ。毎日使う道具に感謝する日,https://news.allabout.co.jp/articles/o/64908/,True
0804,誕生石（月）,サードオニックス・ペリドット・スピネル,,全国宝石卸商協同組合 2021年12月改定（デイリースポーツ https://www.daily.co.jp/society/life/2021/12/20/0014929848.shtml ほか。work/knowledge/10_誕生日もの.md）,True
0804,誕生色,紺鼠,こんねず／#44617B／夏の大雨を連れてくる、暗くたれこめた雲の色（大雨時行にちなむ）,当サイト独自の選び方（七十二候にちなむ日本の伝統色。work/knowledge/10_誕生日もの.md）・色の値：https://www.colordic.org/colorsample/2399,True
0804,誕生日石,ターコイズ,デーカンの支配星・木星の石・誕生色（紺鼠）に近い青系。世界で最も古くから使われた宝石の一つで、旅の安全や身を守るお守りとされてきた。,当サイト独自の選び方（誕生石・デーカンの支配星・誕生色から、販売されている石。work/knowledge/10_誕生日もの.md）・販売例：https://store.shopping.yahoo.co.jp/beadsner/turcno11b.html,True
0804,誕生花,オイランソウ,花ことば：同意できる気持ち,一般財団法人日本花普及センター「誕生花・花ことば366」（長野県 https://www.pref.nagano.lg.jp/enchiku/sangyo/nogyo/engei-suisan/kaki/documents/hanakotoba.pdf・source/birthday/hanakotoba.pdf を2回読み比べて書き起こし）,True
0804,記念日・できごと（記念日）,箸の日,「は(8)し(4)」の語呂合わせ。毎日の食事を支える箸に感謝する日,https://news.allabout.co.jp/articles/o/64986/,True
0804,記念日・できごと（できごと）,日本初のビヤホール,1899年。東京・銀座に日本で初めてのビヤホールが開き、ビールの楽しみが広まった,https://news.allabout.co.jp/articles/o/64986/,True
0804,記念日・できごと（記念日）,橋の日,「は(8)し(4)」の語呂合わせ。ふるさとの川と橋を大切にしようという日,https://news.allabout.co.jp/articles/o/64986/,True
0805,誕生石（月）,サードオニックス・ペリドット・スピネル,,全国宝石卸商協同組合 2021年12月改定（デイリースポーツ https://www.daily.co.jp/society/life/2021/12/20/0014929848.shtml ほか。work/knowledge/10_誕生日もの.md）,True
0805,誕生色,新橋色,しんばしいろ／#59B9C6／雨上がりに涼しさが戻ったときの、明るい青緑（大雨時行にちなむ）,当サイト独自の選び方（七十二候にちなむ日本の伝統色。work/knowledge/10_誕生日もの.md）・色の値：https://www.colordic.org/colorsample/2084,True
0805,誕生日石,サードオニックス,8月の誕生石。赤茶と白の縞模様が重なり、夫婦の幸せや家庭円満を守る石と伝わる。,当サイト独自の選び方（誕生石・デーカンの支配星・誕生色から、販売されている石。work/knowledge/10_誕生日もの.md）・販売例：https://minne.com/items/33043317,True
0805,誕生花,サルスベリ,花ことば：愛敬,一般財団法人日本花普及センター「誕生花・花ことば366」（長野県 https://www.pref.nagano.lg.jp/enchiku/sangyo/nogyo/engei-suisan/kaki/documents/hanakotoba.pdf・source/birthday/hanakotoba.pdf を2回読み比べて書き起こし）,True
0805,記念日・できごと（記念日）,タクシーの日,1912年。東京の数寄屋橋で日本初のタクシー営業が始まったことにちなむ日,https://news.allabout.co.jp/articles/o/65057/,True
0805,記念日・できごと（行事）,山形花笠まつり,花笠を手に踊り手が街を練り歩く山形の夏祭り。8月5日から7日まで,https://news.allabout.co.jp/articles/o/65057/,True
0806,誕生石（月）,サードオニックス・ペリドット・スピネル,,全国宝石卸商協同組合 2021年12月改定（デイリースポーツ https://www.daily.co.jp/society/life/2021/12/20/0014929848.shtml ほか。work/knowledge/10_誕生日もの.md）,True
0806,誕生色,瑠璃色,るりいろ／#1E50A2／激しい雨が上がって現れる、夏の夕空の深い青（大雨時行にちなむ）,当サイト独自の選び方（七十二候にちなむ日本の伝統色。work/knowledge/10_誕生日もの.md）・色の値：https://www.colordic.org/colorsample/2069,True
0806,誕生日石,ペリドット,8月の誕生石。『太陽の石』と呼ばれ、夜の不安を払い明るさをもたらすと言い伝えられる。,当サイト独自の選び方（誕生石・デーカンの支配星・誕生色から、販売されている石。work/knowledge/10_誕生日もの.md）・販売例：https://store.karatz.jp/products/12560504,True
0806,誕生花,アサガオ,花ことば：愛着,一般財団法人日本花普及センター「誕生花・花ことば366」（長野県 https://www.pref.nagano.lg.jp/enchiku/sangyo/nogyo/engei-suisan/kaki/documents/hanakotoba.pdf・source/birthday/hanakotoba.pdf を2回読み比べて書き起こし）,True
0806,記念日・できごと（記念日）,ハムの日,「ハ(8)ム(6)」の語呂合わせ。夏のお中元でも人気のハムを味わう日,https://news.allabout.co.jp/articles/o/65085/,True
0806,記念日・できごと（旬）,モロヘイヤ,刻むとねばりが出るモロヘイヤが旬。暑い時期の栄養補給にぴったり,,False
0807,誕生石（月）,サードオニックス・ペリドット・スピネル,,全国宝石卸商協同組合 2021年12月改定（デイリースポーツ https://www.daily.co.jp/society/life/2021/12/20/0014929848.shtml ほか。work/knowledge/10_誕生日もの.md）,True
0807,誕生色,縹色,はなだいろ／#2792C3／夕立が大地の熱を洗い流したあとの空の、すっきりした青（大雨時行にちなむ）,当サイト独自の選び方（七十二候にちなむ日本の伝統色。work/knowledge/10_誕生日もの.md）・色の値：https://www.colordic.org/colorsample/2080,True
0807,誕生日石,スピネル,8月の誕生石。長くルビーと間違われてきた石で、内に秘めた力を表に出す後押しをすると言われる。,当サイト独自の選び方（誕生石・デーカンの支配星・誕生色から、販売されている石。work/knowledge/10_誕生日もの.md）・販売例：https://store.karatz.jp/products/12558534,True
0807,誕生花,アンスリウム(赤),花ことば：炎のような輝き,一般財団法人日本花普及センター「誕生花・花ことば366」（長野県 https://www.pref.nagano.lg.jp/enchiku/sangyo/nogyo/engei-suisan/kaki/documents/hanakotoba.pdf・source/birthday/hanakotoba.pdf を2回読み比べて書き起こし）,True
0807,記念日・できごと（記念日）,花の日,「は(8)な(7)」の語呂合わせ。花を飾って暮らしを明るくしようという日,https://news.allabout.co.jp/articles/o/65094/,True
0807,記念日・できごと（記念日）,バナナの日,「バ(8)ナ(7)ナ」の語呂合わせ。手軽で栄養たっぷりの果物を味わう日,https://news.allabout.co.jp/articles/o/65094/,True
0808,誕生石（月）,サードオニックス・ペリドット・スピネル,,全国宝石卸商協同組合 2021年12月改定（デイリースポーツ https://www.daily.co.jp/society/life/2021/12/20/0014929848.shtml ほか。work/knowledge/10_誕生日もの.md）,True
0808,誕生色,瓶覗,かめのぞき／#A2D7DD／藍甕を覗いたほどの淡い青。暑さの中にふと立つ涼しさの色（涼風至にちなむ）,当サイト独自の選び方（七十二候にちなむ日本の伝統色。work/knowledge/10_誕生日もの.md）・色の値：https://www.colordic.org/colorsample/2090,True
0808,誕生日石,サファイア,デーカンの支配星・木星の石・誕生色（瓶覗）に近い青系。天の青を映す石とされ、誠実さと慈愛の象徴。中世の聖職者が身につけたと伝わる。,当サイト独自の選び方（誕生石・デーカンの支配星・誕生色から、販売されている石。work/knowledge/10_誕生日もの.md）・販売例：https://www.creema.jp/item/3016761/detail,True
0808,誕生花,コウホネ,花ことば：秘められた愛情,一般財団法人日本花普及センター「誕生花・花ことば366」（長野県 https://www.pref.nagano.lg.jp/enchiku/sangyo/nogyo/engei-suisan/kaki/documents/hanakotoba.pdf・source/birthday/hanakotoba.pdf を2回読み比べて書き起こし）,True
0808,記念日・できごと（記念日）,そろばんの日,玉をはじく「パチパチ」の音を8と8に見立てた日。計算の力を育む道具,https://zatsuneta.com/category/anniversary08.html,True
0808,記念日・できごと（旬）,トマト,真っ赤に熟したトマトがおいしい季節。冷やしてそのまま味わいたい,,False
0809,誕生石（月）,サードオニックス・ペリドット・スピネル,,全国宝石卸商協同組合 2021年12月改定（デイリースポーツ https://www.daily.co.jp/society/life/2021/12/20/0014929848.shtml ほか。work/knowledge/10_誕生日もの.md）,True
0809,誕生色,白藍,しらあい／#C1E4E9／ごく薄い藍色。夏の終わりに吹き始める風の透明感を映す（涼風至にちなむ）,当サイト独自の選び方（七十二候にちなむ日本の伝統色。work/knowledge/10_誕生日もの.md）・色の値：https://www.colordic.org/w,True
0809,誕生日石,ターコイズ,デーカンの支配星・木星の石・誕生色（白藍）に近い青系。世界で最も古くから使われた宝石の一つで、旅の安全や身を守るお守りとされてきた。,当サイト独自の選び方（誕生石・デーカンの支配星・誕生色から、販売されている石。work/knowledge/10_誕生日もの.md）・販売例：https://store.shopping.yahoo.co.jp/beadsner/turcno11b.html,True
0809,誕生花,パンパスグラス,花ことば：人気,一般財団法人日本花普及センター「誕生花・花ことば366」（長野県 https://www.pref.nagano.lg.jp/enchiku/sangyo/nogyo/engei-suisan/kaki/documents/hanakotoba.pdf・source/birthday/hanakotoba.pdf を2回読み比べて書き起こし）,True
0809,記念日・できごと（記念日）,野球の日,「や(8)きゅう(9)」の語呂合わせ。夏の甲子園の時期に野球を楽しむ日,https://news.allabout.co.jp/articles/o/65256/,True
0809,記念日・できごと（記念日）,ハンバーグの日,「ハ(8)ンバーグ(9)」の語呂合わせ。子どもから大人まで人気の洋食の日,https://news.allabout.co.jp/articles/o/65256/,True
0810,誕生石（月）,サードオニックス・ペリドット・スピネル,,全国宝石卸商協同組合 2021年12月改定（デイリースポーツ https://www.daily.co.jp/society/life/2021/12/20/0014929848.shtml ほか。work/knowledge/10_誕生日もの.md）,True
0810,誕生色,水浅葱,みずあさぎ／#80ABA9／水で薄めたような浅葱色。熱気をやわらげる涼風の気配（涼風至にちなむ）,当サイト独自の選び方（七十二候にちなむ日本の伝統色。work/knowledge/10_誕生日もの.md）・色の値：https://www.colordic.org/colorsample/2100,True
0810,誕生日石,ジルコン,誕生色（水浅葱）に近い青系。地球最古級の鉱物として知られ、強い輝きから安らぎと知恵をもたらす石と伝わる。,当サイト独自の選び方（誕生石・デーカンの支配星・誕生色から、販売されている石。work/knowledge/10_誕生日もの.md）・販売例：https://item.rakuten.co.jp/carat/c/0000000412/,True
0810,誕生花,ルコウソウ,花ことば：世話好き,一般財団法人日本花普及センター「誕生花・花ことば366」（長野県 https://www.pref.nagano.lg.jp/enchiku/sangyo/nogyo/engei-suisan/kaki/documents/hanakotoba.pdf・source/birthday/hanakotoba.pdf を2回読み比べて書き起こし）,True
0810,記念日・できごと（記念日）,道の日,1920年。日本で初めて道路整備の長期計画が始まったことにちなむ日,https://zatsuneta.com/archives/108101.html,True
0810,記念日・できごと（記念日）,焼き鳥の日,「や(8)きと(10)り」の語呂合わせ。香ばしい焼き鳥で元気をつける日,https://zatsuneta.com/archives/108106.html,True
0811,誕生石（月）,サードオニックス・ペリドット・スピネル,,全国宝石卸商協同組合 2021年12月改定（デイリースポーツ https://www.daily.co.jp/society/life/2021/12/20/0014929848.shtml ほか。work/knowledge/10_誕生日もの.md）,True
0811,誕生色,秘色色,ひそくいろ／#ABCED8／青磁の器の淡い青。ひんやりとした手ざわりと秋の兆し（涼風至にちなむ）,当サイト独自の選び方（七十二候にちなむ日本の伝統色。work/knowledge/10_誕生日もの.md）・色の値：https://www.colordic.org/colorsample/2086,True
0811,誕生日石,ブルーレースアゲート,誕生色（秘色色）に近い青系。レースのような淡い縞を持ち、言葉をやわらげ、穏やかな対話を助ける石と言われる。,当サイト独自の選び方（誕生石・デーカンの支配星・誕生色から、販売されている石。work/knowledge/10_誕生日もの.md）・販売例：https://www.creema.jp/item/12880180/detail,True
0811,誕生花,ゼラニウム(ピンク),花ことば：決意,一般財団法人日本花普及センター「誕生花・花ことば366」（長野県 https://www.pref.nagano.lg.jp/enchiku/sangyo/nogyo/engei-suisan/kaki/documents/hanakotoba.pdf・source/birthday/hanakotoba.pdf を2回読み比べて書き起こし）,True
0811,記念日・できごと（記念日）,山の日,2016年。山に親しみ、山の恵みに感謝する国民の祝日。2016年から始まった,https://news.allabout.co.jp/articles/o/65321/,True
0811,記念日・できごと（旬）,ひぐらし,夕方に「カナカナ」と鳴くひぐらしの声が、夏の終わりを感じさせる頃,,False
0812,誕生石（月）,サードオニックス・ペリドット・スピネル,,全国宝石卸商協同組合 2021年12月改定（デイリースポーツ https://www.daily.co.jp/society/life/2021/12/20/0014929848.shtml ほか。work/knowledge/10_誕生日もの.md）,True
0812,誕生色,青磁色,せいじいろ／#7EBEA5／青磁焼の澄んだ青緑。涼やかな風がわたる木陰の色（涼風至にちなむ）,当サイト独自の選び方（七十二候にちなむ日本の伝統色。work/knowledge/10_誕生日もの.md）・色の値：https://www.colordic.org/colorsample/2102,True
0812,誕生日石,ペリドット,8月の誕生石・誕生色（青磁色）に近い緑系。『太陽の石』と呼ばれ、夜の不安を払い明るさをもたらすと言い伝えられる。,当サイト独自の選び方（誕生石・デーカンの支配星・誕生色から、販売されている石。work/knowledge/10_誕生日もの.md）・販売例：https://store.karatz.jp/products/12560504,True
0812,誕生花,キバナコスモス,花ことば：野生美,一般財団法人日本花普及センター「誕生花・花ことば366」（長野県 https://www.pref.nagano.lg.jp/enchiku/sangyo/nogyo/engei-suisan/kaki/documents/hanakotoba.pdf・source/birthday/hanakotoba.pdf を2回読み比べて書き起こし）,True
0812,記念日・できごと（記念日）,ハイジの日,「ハ(8)イジ(12)」の語呂合わせ。アルプスの少女ハイジを思い出す日,https://news.allabout.co.jp/articles/o/65331/,True
0812,記念日・できごと（旬）,ナス,つやつやのナスがおいしい盛り。焼いても煮ても夏の食卓によく合う,,False
0812,記念日・できごと（記念日）,国際青少年デー,未来をつくる若い世代の声と力を大切にしようという国連の国際デー。,https://netlab.click/todayis/0812,True
0813,誕生石（月）,サードオニックス・ペリドット・スピネル,,全国宝石卸商協同組合 2021年12月改定（デイリースポーツ https://www.daily.co.jp/society/life/2021/12/20/0014929848.shtml ほか。work/knowledge/10_誕生日もの.md）,True
0813,誕生色,茜色,あかねいろ／#B7282E／ひぐらしが鳴く夕暮れの空を染める、深い茜の赤（寒蝉鳴にちなむ）,当サイト独自の選び方（七十二候にちなむ日本の伝統色。work/knowledge/10_誕生日もの.md）・色の値：https://www.colordic.org/w,True
0813,誕生日石,サードオニックス,8月の誕生石・デーカンの支配星・火星の石・誕生色（茜色）に近い赤系。赤茶と白の縞模様が重なり、夫婦の幸せや家庭円満を守る石と伝わる。,当サイト独自の選び方（誕生石・デーカンの支配星・誕生色から、販売されている石。work/knowledge/10_誕生日もの.md）・販売例：https://minne.com/items/33043317,True
0813,誕生花,ベロニカ,花ことば：忠実,一般財団法人日本花普及センター「誕生花・花ことば366」（長野県 https://www.pref.nagano.lg.jp/enchiku/sangyo/nogyo/engei-suisan/kaki/documents/hanakotoba.pdf・source/birthday/hanakotoba.pdf を2回読み比べて書き起こし）,True
0813,記念日・できごと（記念日）,左利きの日,左利きの人が暮らしやすい社会を考えようと、世界で呼びかけられる日,https://news.allabout.co.jp/articles/o/65335/,True
0813,記念日・できごと（記念日）,怪談の日,お盆の頃に怪談を楽しむ日本の夏。ひんやりした話で暑さを忘れる日,https://news.allabout.co.jp/articles/o/65335/,True
0813,記念日・できごと（行事）,月遅れ盆の迎え火,多くの地域でお盆の入り。夕方に火をたいて、ご先祖さまをお迎えする,,False
0814,誕生石（月）,サードオニックス・ペリドット・スピネル,,全国宝石卸商協同組合 2021年12月改定（デイリースポーツ https://www.daily.co.jp/society/life/2021/12/20/0014929848.shtml ほか。work/knowledge/10_誕生日もの.md）,True
0814,誕生色,洗柿,あらいがき／#F2C9AC／洗いざらした柿色。夕方の西日がやわらいだ穏やかな色（寒蝉鳴にちなむ）,当サイト独自の選び方（七十二候にちなむ日本の伝統色。work/knowledge/10_誕生日もの.md）・色の値：https://www.colordic.org/w,True
0814,誕生日石,マホガニーオブシディアン,デーカンの支配星・火星の石。黒と赤茶がまじる黒曜石で、地に足をつけ、内なる強さを支える石と言われる。,当サイト独自の選び方（誕生石・デーカンの支配星・誕生色から、販売されている石。work/knowledge/10_誕生日もの.md）・販売例：https://www.creema.jp/item/17861908/detail,True
0814,誕生花,センニチコウ,花ことば：不変の愛,一般財団法人日本花普及センター「誕生花・花ことば366」（長野県 https://www.pref.nagano.lg.jp/enchiku/sangyo/nogyo/engei-suisan/kaki/documents/hanakotoba.pdf・source/birthday/hanakotoba.pdf を2回読み比べて書き起こし）,True
0814,記念日・できごと（行事）,お盆休み,ふるさとに帰り、家族や親戚と過ごす人が多い時期。大切な人と語らう頃,,False
0814,記念日・できごと（旬）,みょうが,さわやかな香りのみょうがが旬。そうめんや冷ややっこの名脇役,,False
0814,記念日・できごと（記念日）,水泳の日,夏の水辺で泳ぐ楽しさと、水に親しむことの大切さを見直す日。,https://zatsuneta.com/category/anniversary08.html,True
0815,誕生石（月）,サードオニックス・ペリドット・スピネル,,全国宝石卸商協同組合 2021年12月改定（デイリースポーツ https://www.daily.co.jp/society/life/2021/12/20/0014929848.shtml ほか。work/knowledge/10_誕生日もの.md）,True
0815,誕生色,薄柿,うすがき／#D4ACAD／淡くくすんだ柿色。カナカナの声に重なる夕焼けの名残（寒蝉鳴にちなむ）,当サイト独自の選び方（七十二候にちなむ日本の伝統色。work/knowledge/10_誕生日もの.md）・色の値：https://www.colordic.org/w,True
0815,誕生日石,サードオニックス,8月の誕生石・デーカンの支配星・火星の石。赤茶と白の縞模様が重なり、夫婦の幸せや家庭円満を守る石と伝わる。,当サイト独自の選び方（誕生石・デーカンの支配星・誕生色から、販売されている石。work/knowledge/10_誕生日もの.md）・販売例：https://minne.com/items/33043317,True
0815,誕生花,エリンギウム,花ことば：光を求める,一般財団法人日本花普及センター「誕生花・花ことば366」（長野県 https://www.pref.nagano.lg.jp/enchiku/sangyo/nogyo/engei-suisan/kaki/documents/hanakotoba.pdf・source/birthday/hanakotoba.pdf を2回読み比べて書き起こし）,True
0815,記念日・できごと（行事）,長崎の精霊流し,飾りつけた精霊船を引いて、ご先祖さまを賑やかに送り出す長崎の行事,,False
0815,記念日・できごと（行事）,阿波おどり,「踊る阿呆に見る阿呆」でおなじみ、徳島の街が踊りに包まれる夏祭り,,False
0816,誕生石（月）,サードオニックス・ペリドット・スピネル,,全国宝石卸商協同組合 2021年12月改定（デイリースポーツ https://www.daily.co.jp/society/life/2021/12/20/0014929848.shtml ほか。work/knowledge/10_誕生日もの.md）,True
0816,誕生色,宍色,ししいろ／#EFAB93／やわらかな肌色の橙。暮れなずむ空のぬくもりを思わせる（寒蝉鳴にちなむ）,当サイト独自の選び方（七十二候にちなむ日本の伝統色。work/knowledge/10_誕生日もの.md）・色の値：https://www.colordic.org/colorsample/2315,True
0816,誕生日石,スピネル,8月の誕生石。長くルビーと間違われてきた石で、内に秘めた力を表に出す後押しをすると言われる。,当サイト独自の選び方（誕生石・デーカンの支配星・誕生色から、販売されている石。work/knowledge/10_誕生日もの.md）・販売例：https://store.karatz.jp/products/12558534,True
0816,誕生花,トリトマ,花ことば：切実な思い,一般財団法人日本花普及センター「誕生花・花ことば366」（長野県 https://www.pref.nagano.lg.jp/enchiku/sangyo/nogyo/engei-suisan/kaki/documents/hanakotoba.pdf・source/birthday/hanakotoba.pdf を2回読み比べて書き起こし）,True
0816,記念日・できごと（行事）,京都五山送り火,京都を囲む山々に「大」の字などの火がともり、お盆の霊を送る行事,https://news.allabout.co.jp/articles/o/65354/,False
0816,記念日・できごと（記念日）,電子コミックの日,スマホなどで読む電子コミックの楽しさを広めようという記念日,https://news.allabout.co.jp/articles/o/65354/,True
0817,誕生石（月）,サードオニックス・ペリドット・スピネル,,全国宝石卸商協同組合 2021年12月改定（デイリースポーツ https://www.daily.co.jp/society/life/2021/12/20/0014929848.shtml ほか。work/knowledge/10_誕生日もの.md）,True
0817,誕生色,赤香色,あかこういろ／#F6B894／香木で染めた赤みの香色。夕暮れの空気のほのかな温かさ（寒蝉鳴にちなむ）,当サイト独自の選び方（七十二候にちなむ日本の伝統色。work/knowledge/10_誕生日もの.md）・色の値：https://www.colordic.org/w,True
0817,誕生日石,サードオニックス,8月の誕生石・デーカンの支配星・火星の石。赤茶と白の縞模様が重なり、夫婦の幸せや家庭円満を守る石と伝わる。,当サイト独自の選び方（誕生石・デーカンの支配星・誕生色から、販売されている石。work/knowledge/10_誕生日もの.md）・販売例：https://minne.com/items/33043317,True
0817,誕生花,オオケタデ,花ことば：汚れない心,一般財団法人日本花普及センター「誕生花・花ことば366」（長野県 https://www.pref.nagano.lg.jp/enchiku/sangyo/nogyo/engei-suisan/kaki/documents/hanakotoba.pdf・source/birthday/hanakotoba.pdf を2回読み比べて書き起こし）,True
0817,記念日・できごと（記念日）,パイナップルの日,「パ(8)イ(1)ナ(7)ップル」の語呂合わせ。南国の甘酸っぱさを味わう日,https://news.allabout.co.jp/articles/o/65356/,True
0817,記念日・できごと（できごと）,プロ野球ナイター記念日,1948年。横浜で日本初のプロ野球ナイターが行われた日。夜空の下の熱戦が始まった,https://zatsuneta.com/archives/108171.html,True
0818,誕生石（月）,サードオニックス・ペリドット・スピネル,,全国宝石卸商協同組合 2021年12月改定（デイリースポーツ https://www.daily.co.jp/society/life/2021/12/20/0014929848.shtml ほか。work/knowledge/10_誕生日もの.md）,True
0818,誕生色,薄墨色,うすずみいろ／#A3A3A2／薄く溶いた墨の色。霧の向こうにかすむ山影を思わせる（蒙霧升降にちなむ）,当サイト独自の選び方（七十二候にちなむ日本の伝統色。work/knowledge/10_誕生日もの.md）・色の値：https://www.colordic.org/colorsample/2286,True
0818,誕生日石,ダルメシアンジャスパー,誕生色（薄墨色）に近い灰系。ダルメシアン犬のような斑点を持ち、遊び心と明るさを呼ぶ石と言われる。,当サイト独自の選び方（誕生石・デーカンの支配星・誕生色から、販売されている石。work/knowledge/10_誕生日もの.md）・販売例：https://www.creema.jp/item/7772393/detail,True
0818,誕生花,クコ,花ことば：誠実,一般財団法人日本花普及センター「誕生花・花ことば366」（長野県 https://www.pref.nagano.lg.jp/enchiku/sangyo/nogyo/engei-suisan/kaki/documents/hanakotoba.pdf・source/birthday/hanakotoba.pdf を2回読み比べて書き起こし）,True
0818,記念日・できごと（記念日）,米の日,「米」の字を分けると「八十八」になることから。日本人の主食に感謝する日,https://netlab.click/todayis/0818,True
0818,記念日・できごと（できごと）,高校野球記念日,1915年。全国中等学校優勝野球大会の第1回が始まった日。夏の甲子園の原点,https://netlab.click/todayis/0818,True
0819,誕生石（月）,サードオニックス・ペリドット・スピネル,,全国宝石卸商協同組合 2021年12月改定（デイリースポーツ https://www.daily.co.jp/society/life/2021/12/20/0014929848.shtml ほか。work/knowledge/10_誕生日もの.md）,True
0819,誕生色,湊鼠,みなとねず／#80989B／青みを帯びた鼠色。霧の立ちこめる水辺や港の情景（蒙霧升降にちなむ）,当サイト独自の選び方（七十二候にちなむ日本の伝統色。work/knowledge/10_誕生日もの.md）・色の値：https://www.colordic.org/w,True
0819,誕生日石,サードオニックス,8月の誕生石・デーカンの支配星・火星の石。赤茶と白の縞模様が重なり、夫婦の幸せや家庭円満を守る石と伝わる。,当サイト独自の選び方（誕生石・デーカンの支配星・誕生色から、販売されている石。work/knowledge/10_誕生日もの.md）・販売例：https://minne.com/items/33043317,True
0819,誕生花,ノウゼンカズラ,花ことば：華のある人生,一般財団法人日本花普及センター「誕生花・花ことば366」（長野県 https://www.pref.nagano.lg.jp/enchiku/sangyo/nogyo/engei-suisan/kaki/documents/hanakotoba.pdf・source/birthday/hanakotoba.pdf を2回読み比べて書き起こし）,True
0819,記念日・できごと（記念日）,俳句の日,「は(8)い(1)く(9)」の語呂合わせ。五七五で季節を感じる楽しみの日,https://news.allabout.co.jp/articles/o/65477/,True
0819,記念日・できごと（記念日）,バイクの日,「バ(8)イ(1)ク(9)」の語呂合わせ。安全運転を心がけてバイクを楽しむ日,https://news.allabout.co.jp/articles/o/65477/,True
0820,誕生石（月）,サードオニックス・ペリドット・スピネル,,全国宝石卸商協同組合 2021年12月改定（デイリースポーツ https://www.daily.co.jp/society/life/2021/12/20/0014929848.shtml ほか。work/knowledge/10_誕生日もの.md）,True
0820,誕生色,灰色,はいいろ／#7D7D7D／灰の色。すべてを見せない霧の神秘を素直に表す色（蒙霧升降にちなむ）,当サイト独自の選び方（七十二候にちなむ日本の伝統色。work/knowledge/10_誕生日もの.md）・色の値：https://www.colordic.org/colorsample/2290,True
0820,誕生日石,スノーフレークオブシディアン,誕生色（灰色）に近い灰系。黒地に雪の結晶のような白い模様が浮かび、困難の中に光を見つける石と言われる。,当サイト独自の選び方（誕生石・デーカンの支配星・誕生色から、販売されている石。work/knowledge/10_誕生日もの.md）・販売例：https://www.creema.jp/item/18528114/detail,True
0820,誕生花,キョウチクトウ,花ことば：恵まれた人,一般財団法人日本花普及センター「誕生花・花ことば366」（長野県 https://www.pref.nagano.lg.jp/enchiku/sangyo/nogyo/engei-suisan/kaki/documents/hanakotoba.pdf・source/birthday/hanakotoba.pdf を2回読み比べて書き起こし）,True
0820,記念日・できごと（記念日）,交通信号の日,1931年。東京・銀座に日本初の3色の自動信号機が置かれたことにちなむ日,https://netlab.click/todayis/0820,True
0820,記念日・できごと（旬）,ぶどう,房いっぱいに実ったぶどうが出回り始める頃。夏の終わりの甘いごほうび,,False
0821,誕生石（月）,サードオニックス・ペリドット・スピネル,,全国宝石卸商協同組合 2021年12月改定（デイリースポーツ https://www.daily.co.jp/society/life/2021/12/20/0014929848.shtml ほか。work/knowledge/10_誕生日もの.md）,True
0821,誕生色,湊鼠,みなとねず／#80989B／青みを帯びた鼠色。霧の立ちこめる水辺や港の情景（蒙霧升降にちなむ）,当サイト独自の選び方（七十二候にちなむ日本の伝統色。work/knowledge/10_誕生日もの.md）・色の値：https://www.colordic.org/w,True
0821,誕生日石,マホガニーオブシディアン,デーカンの支配星・火星の石。黒と赤茶がまじる黒曜石で、地に足をつけ、内なる強さを支える石と言われる。,当サイト独自の選び方（誕生石・デーカンの支配星・誕生色から、販売されている石。work/knowledge/10_誕生日もの.md）・販売例：https://www.creema.jp/item/17861908/detail,True
0821,誕生花,サボテン,花ことば：秘めた熱意,一般財団法人日本花普及センター「誕生花・花ことば366」（長野県 https://www.pref.nagano.lg.jp/enchiku/sangyo/nogyo/engei-suisan/kaki/documents/hanakotoba.pdf・source/birthday/hanakotoba.pdf を2回読み比べて書き起こし）,True
0821,記念日・できごと（記念日）,献血の日,献血のしくみが整ったことにちなむ日。誰かの命を支える思いやりの日,https://news.allabout.co.jp/articles/o/65484/,True
0821,記念日・できごと（記念日）,噴水の日,日本初の西洋式の噴水にちなむ日。水しぶきが涼を運んでくれる,https://news.allabout.co.jp/articles/o/65484/,True
0822,誕生石（月）,サードオニックス・ペリドット・スピネル,,全国宝石卸商協同組合 2021年12月改定（デイリースポーツ https://www.daily.co.jp/society/life/2021/12/20/0014929848.shtml ほか。work/knowledge/10_誕生日もの.md）,True
0822,誕生色,青鈍,あおにび／#6B7B6E／青みの濃い灰色。夜明け前、霧に沈む森の奥深さ（蒙霧升降にちなむ）,当サイト独自の選び方（七十二候にちなむ日本の伝統色。work/knowledge/10_誕生日もの.md）・色の値：https://www.colordic.org/colorsample/2118,True
0822,誕生日石,ダルメシアンジャスパー,誕生色（青鈍）に近い灰系。ダルメシアン犬のような斑点を持ち、遊び心と明るさを呼ぶ石と言われる。,当サイト独自の選び方（誕生石・デーカンの支配星・誕生色から、販売されている石。work/knowledge/10_誕生日もの.md）・販売例：https://www.creema.jp/item/7772393/detail,True
0822,誕生花,ヒマワリ,花ことば：あなたはすばらしい,一般財団法人日本花普及センター「誕生花・花ことば366」（長野県 https://www.pref.nagano.lg.jp/enchiku/sangyo/nogyo/engei-suisan/kaki/documents/hanakotoba.pdf・source/birthday/hanakotoba.pdf を2回読み比べて書き起こし）,True
0822,記念日・できごと（記念日）,チンチン電車の日,1903年。東京で路面電車が走り始めたことにちなむ日。ベルの音が街に響いた,https://news.allabout.co.jp/articles/o/65488/,True
0822,記念日・できごと（記念日）,パニーニの日,「パ(8)ニーニ(22)」の語呂合わせ。イタリアの温かいサンドを味わう日,https://news.allabout.co.jp/articles/o/65488/,True
0823,誕生石（月）,サードオニックス・ペリドット・スピネル,,全国宝石卸商協同組合 2021年12月改定（デイリースポーツ https://www.daily.co.jp/society/life/2021/12/20/0014929848.shtml ほか。work/knowledge/10_誕生日もの.md）,True
0823,誕生色,生成り色,きなりいろ／#FBFAF5／染める前の綿や布の色。はじけた綿の実のやさしい白（綿柎開にちなむ）,当サイト独自の選び方（七十二候にちなむ日本の伝統色。work/knowledge/10_誕生日もの.md）・色の値：https://www.colordic.org/colorsample/2283,True
0823,誕生日石,カルセドニー,誕生色（生成り色）に近い白系。やわらかな乳白色の青で、人と人とをつなぎ、言葉を穏やかにする石と言われる。,当サイト独自の選び方（誕生石・デーカンの支配星・誕生色から、販売されている石。work/knowledge/10_誕生日もの.md）・販売例：https://store.shopping.yahoo.co.jp/lucky365shop/bbea52a5a5a.html,True
0823,誕生花,ワレモコウ,花ことば：感謝,一般財団法人日本花普及センター「誕生花・花ことば366」（長野県 https://www.pref.nagano.lg.jp/enchiku/sangyo/nogyo/engei-suisan/kaki/documents/hanakotoba.pdf・source/birthday/hanakotoba.pdf を2回読み比べて書き起こし）,True
0823,記念日・できごと（記念日）,油の日,油の神様をまつる神社にゆかりのある日。暮らしを支える油に感謝する,https://news.allabout.co.jp/articles/o/65491/,True
0823,記念日・できごと（旬）,いちじく,とろりと甘いいちじくが出回り始める頃。夏から秋へつなぐ果物,,False
0824,誕生石（月）,サードオニックス・ペリドット・スピネル,,全国宝石卸商協同組合 2021年12月改定（デイリースポーツ https://www.daily.co.jp/society/life/2021/12/20/0014929848.shtml ほか。work/knowledge/10_誕生日もの.md）,True
0824,誕生色,乳白色,にゅうはくしょく／#F3F3F3／乳のような白。人を包みこむ綿のやわらかさを映す色（綿柎開にちなむ）,当サイト独自の選び方（七十二候にちなむ日本の伝統色。work/knowledge/10_誕生日もの.md）・色の値：https://www.colordic.org/colorsample/2285,True
0824,誕生日石,オパール,デーカンの支配星・水星の石・誕生色（乳白色）に近い白系。虹のような遊色を持ち、ローマではあらゆる宝石の美しさを併せ持つ石とたたえられた。希望の石とされる。,当サイト独自の選び方（誕生石・デーカンの支配星・誕生色から、販売されている石。work/knowledge/10_誕生日もの.md）・販売例：https://store.karatz.jp/products/12525814,True
0824,誕生花,トロロアオイ,花ことば：整然とした愛,一般財団法人日本花普及センター「誕生花・花ことば366」（長野県 https://www.pref.nagano.lg.jp/enchiku/sangyo/nogyo/engei-suisan/kaki/documents/hanakotoba.pdf・source/birthday/hanakotoba.pdf を2回読み比べて書き起こし）,True
0824,記念日・できごと（行事）,地蔵盆,子どもを見守るお地蔵さまをまつる関西の夏の行事。子どもたちが主役,,False
0824,記念日・できごと（旬）,かぼちゃ,ほくほくのかぼちゃが実る季節。煮物にすると夏の疲れをいやしてくれる,,False
0824,記念日・できごと（記念日）,ドレッシングの日,夏野菜のサラダをいろいろなドレッシングで、もっとおいしく楽しむ日。,https://netlab.click/todayis/0824,True
0825,誕生石（月）,サードオニックス・ペリドット・スピネル,,全国宝石卸商協同組合 2021年12月改定（デイリースポーツ https://www.daily.co.jp/society/life/2021/12/20/0014929848.shtml ほか。work/knowledge/10_誕生日もの.md）,True
0825,誕生色,象牙色,ぞうげいろ／#F8F4E6／象牙のような温かい白。手に取った綿花のなめらかさ（綿柎開にちなむ）,当サイト独自の選び方（七十二候にちなむ日本の伝統色。work/knowledge/10_誕生日もの.md）・色の値：https://www.colordic.org/colorsample/2161,True
0825,誕生日石,アゲート,デーカンの支配星・水星の石。縞模様の美しい石で、古代から護符に使われ、心身の調和を保つ石とされる。,当サイト独自の選び方（誕生石・デーカンの支配星・誕生色から、販売されている石。work/knowledge/10_誕生日もの.md）・販売例：https://minne.com/items/36978931,True
0825,誕生花,ハイビスカス(赤),花ことば：新しい恋,一般財団法人日本花普及センター「誕生花・花ことば366」（長野県 https://www.pref.nagano.lg.jp/enchiku/sangyo/nogyo/engei-suisan/kaki/documents/hanakotoba.pdf・source/birthday/hanakotoba.pdf を2回読み比べて書き起こし）,True
0825,記念日・できごと（できごと）,即席ラーメン記念日,1958年。お湯をかけるだけで食べられる世界初の即席ラーメンが発売された日,https://netlab.click/todayis/0825,True
0825,記念日・できごと（旬）,オクラ,星形の切り口がかわいいオクラが旬。ねばりが夏バテ対策に役立つ,,False
0825,記念日・できごと（記念日）,川柳発祥の日,五・七・五で暮らしの機微を軽やかに詠む、川柳の始まりにちなむ日。,https://tabi-mag.jp/day0825/,True
0826,誕生石（月）,サードオニックス・ペリドット・スピネル,,全国宝石卸商協同組合 2021年12月改定（デイリースポーツ https://www.daily.co.jp/society/life/2021/12/20/0014929848.shtml ほか。work/knowledge/10_誕生日もの.md）,True
0826,誕生色,鳥の子色,とりのこいろ／#FFF1CF／卵の殻のような淡い黄。綿にくるまれる安心感の色（綿柎開にちなむ）,当サイト独自の選び方（七十二候にちなむ日本の伝統色。work/knowledge/10_誕生日もの.md）・色の値：https://www.colordic.org/w,True
0826,誕生日石,フローライト,デーカンの支配星・水星の石。『天才の石』とも呼ばれ、考えを整理し、集中を助ける石と言われる。,当サイト独自の選び方（誕生石・デーカンの支配星・誕生色から、販売されている石。work/knowledge/10_誕生日もの.md）・販売例：https://www.creema.jp/item/21087266/detail,True
0826,誕生花,ベニバナ,花ことば：夢中,一般財団法人日本花普及センター「誕生花・花ことば366」（長野県 https://www.pref.nagano.lg.jp/enchiku/sangyo/nogyo/engei-suisan/kaki/documents/hanakotoba.pdf・source/birthday/hanakotoba.pdf を2回読み比べて書き起こし）,True
0826,記念日・できごと（できごと）,レインボーブリッジが開通,1993年。東京湾をまたぐレインボーブリッジが開通し、新しい夜景の名所が生まれた,https://zatsuneta.com/archives/108261.html,True
0826,記念日・できごと（旬）,すだち,徳島名産のすだちが出回る頃。料理にしぼると爽やかな香りが広がる,,False
0826,記念日・できごと（記念日）,世界犬の日,人のそばで暮らす大切な相棒、犬たちへの感謝と愛情を伝える日。,https://netlab.click/todayis/0826,True
0827,誕生石（月）,サードオニックス・ペリドット・スピネル,,全国宝石卸商協同組合 2021年12月改定（デイリースポーツ https://www.daily.co.jp/society/life/2021/12/20/0014929848.shtml ほか。work/knowledge/10_誕生日もの.md）,True
0827,誕生色,胡粉色,ごふんいろ／#FFFFFC／貝殻から作る白い顔料の色。がくから覗く綿の純白（綿柎開にちなむ）,当サイト独自の選び方（七十二候にちなむ日本の伝統色。work/knowledge/10_誕生日もの.md）・色の値：https://www.colordic.org/colorsample/2284,True
0827,誕生日石,アベンチュリン,デーカンの支配星・水星の石。きらめく緑から『幸運の石』と呼ばれ、穏やかさとチャンスを招くと言われる。,当サイト独自の選び方（誕生石・デーカンの支配星・誕生色から、販売されている石。work/knowledge/10_誕生日もの.md）・販売例：https://minne.com/items/16573062,True
0827,誕生花,ザクロ,花ことば：円熟の美,一般財団法人日本花普及センター「誕生花・花ことば366」（長野県 https://www.pref.nagano.lg.jp/enchiku/sangyo/nogyo/engei-suisan/kaki/documents/hanakotoba.pdf・source/birthday/hanakotoba.pdf を2回読み比べて書き起こし）,True
0827,記念日・できごと（できごと）,映画『男はつらいよ』公開,1969年。寅さんでおなじみの映画シリーズ第1作が公開された日。のちに「寅さんの日」に,https://zatsuneta.com/archives/108272.html,True
0827,記念日・できごと（旬）,赤とんぼ,山から下りてきた赤とんぼが田んぼを舞い始める頃。秋の気配の使者,,False
0827,記念日・できごと（記念日）,ジェラートの日,夏の終わりに、なめらかで果物の香るイタリアの氷菓ジェラートを味わう日。,https://netlab.click/todayis/0827,True
0828,誕生石（月）,サードオニックス・ペリドット・スピネル,,全国宝石卸商協同組合 2021年12月改定（デイリースポーツ https://www.daily.co.jp/society/life/2021/12/20/0014929848.shtml ほか。work/knowledge/10_誕生日もの.md）,True
0828,誕生色,灰汁色,あくいろ／#9E9478／灰汁のような黄みの灰。浮ついた夏から地に足つく季節（天地始粛にちなむ）,当サイト独自の選び方（七十二候にちなむ日本の伝統色。work/knowledge/10_誕生日もの.md）・色の値：https://www.colordic.org/w,True
0828,誕生日石,ソーダライト,デーカンの支配星・水星の石。深い青に白い筋が入り、理性的に考え、思いを言葉にするのを助ける石とされる。,当サイト独自の選び方（誕生石・デーカンの支配星・誕生色から、販売されている石。work/knowledge/10_誕生日もの.md）・販売例：https://www.creema.jp/item/7350471/detail,True
0828,誕生花,ゲッカビジン,花ことば：はかない美,一般財団法人日本花普及センター「誕生花・花ことば366」（長野県 https://www.pref.nagano.lg.jp/enchiku/sangyo/nogyo/engei-suisan/kaki/documents/hanakotoba.pdf・source/birthday/hanakotoba.pdf を2回読み比べて書き起こし）,True
0828,記念日・できごと（できごと）,民放テレビの本放送開始,1953年。日本で初めて民間放送のテレビが本放送を始めた日。娯楽の幅が広がった,https://tabi-mag.jp/day0828/,True
0828,記念日・できごと（旬）,かぼす,大分名産のかぼすが旬。焼き魚や鍋にしぼると味がきりっと締まる,,False
0828,記念日・できごと（記念日）,気象予報士の日,毎日の天気を読み解き伝える、気象予報士の仕事に光を当てる日。,https://tabi-mag.jp/day0828/,True
0829,誕生石（月）,サードオニックス・ペリドット・スピネル,,全国宝石卸商協同組合 2021年12月改定（デイリースポーツ https://www.daily.co.jp/society/life/2021/12/20/0014929848.shtml ほか。work/knowledge/10_誕生日もの.md）,True
0829,誕生色,錆浅葱,さびあさぎ／#5C9291／くすんだ浅葱色。暑さが去り澄んでいく空気の落ち着き（天地始粛にちなむ）,当サイト独自の選び方（七十二候にちなむ日本の伝統色。work/knowledge/10_誕生日もの.md）・色の値：https://www.colordic.org/colorsample/2094,True
0829,誕生日石,クリソコラ,誕生色（錆浅葱）に近い青系。青と緑がまじり合う石で、女性らしいやさしさや穏やかな表現を助ける石と言われる。,当サイト独自の選び方（誕生石・デーカンの支配星・誕生色から、販売されている石。work/knowledge/10_誕生日もの.md）・販売例：https://www.creema.jp/item/1747596/detail,True
0829,誕生花,クローバー,花ことば：堅実,一般財団法人日本花普及センター「誕生花・花ことば366」（長野県 https://www.pref.nagano.lg.jp/enchiku/sangyo/nogyo/engei-suisan/kaki/documents/hanakotoba.pdf・source/birthday/hanakotoba.pdf を2回読み比べて書き起こし）,True
0829,記念日・できごと（記念日）,焼肉の日,「や(8)きに(2)く(9)」の語呂合わせ。夏の終わりに焼肉で元気をつける日,https://news.allabout.co.jp/articles/o/65747/,True
0829,記念日・できごと（できごと）,日本初のケーブルカー,1918年。奈良と大阪にまたがる生駒山に日本初のケーブルカーが開業した日,https://news.allabout.co.jp/articles/o/65747/,False
0830,誕生石（月）,サードオニックス・ペリドット・スピネル,,全国宝石卸商協同組合 2021年12月改定（デイリースポーツ https://www.daily.co.jp/society/life/2021/12/20/0014929848.shtml ほか。work/knowledge/10_誕生日もの.md）,True
0830,誕生色,灰汁色,あくいろ／#9E9478／灰汁のような黄みの灰。浮ついた夏から地に足つく季節（天地始粛にちなむ）,当サイト独自の選び方（七十二候にちなむ日本の伝統色。work/knowledge/10_誕生日もの.md）・色の値：https://www.colordic.org/w,True
0830,誕生日石,カーネリアン,デーカンの支配星・水星の石・誕生色（灰汁色）に近い橙系。古代エジプトで勇気の石とされ、行動する力や意欲を高めると言われる。,当サイト独自の選び方（誕生石・デーカンの支配星・誕生色から、販売されている石。work/knowledge/10_誕生日もの.md）・販売例：https://item.rakuten.co.jp/gravel/brac-amtw-or01/,True
0830,誕生花,ツキミソウ,花ことば：自由な心,一般財団法人日本花普及センター「誕生花・花ことば366」（長野県 https://www.pref.nagano.lg.jp/enchiku/sangyo/nogyo/engei-suisan/kaki/documents/hanakotoba.pdf・source/birthday/hanakotoba.pdf を2回読み比べて書き起こし）,True
0830,記念日・できごと（記念日）,冒険家の日,未知の世界に挑む冒険家をたたえ、挑戦する心を大切にしようという日,https://news.allabout.co.jp/articles/o/65750/,True
0830,記念日・できごと（旬）,すすき,穂を出し始めたすすきが風になびく頃。少しずつ秋の景色へ,,False
0831,誕生石（月）,サードオニックス・ペリドット・スピネル,,全国宝石卸商協同組合 2021年12月改定（デイリースポーツ https://www.daily.co.jp/society/life/2021/12/20/0014929848.shtml ほか。work/knowledge/10_誕生日もの.md）,True
0831,誕生色,青朽葉,あおくちば／#ADA250／青みの残る朽葉色。葉が色を変え始める季節の入り口（天地始粛にちなむ）,当サイト独自の選び方（七十二候にちなむ日本の伝統色。work/knowledge/10_誕生日もの.md）・色の値：https://www.colordic.org/colorsample/2450,True
0831,誕生日石,ルチルクォーツ,誕生色（青朽葉）に近い黄系。水晶の中に金色の針が走り、ひらめきや豊かさを呼び込む石と言われる。,当サイト独自の選び方（誕生石・デーカンの支配星・誕生色から、販売されている石。work/knowledge/10_誕生日もの.md）・販売例：https://www.creema.jp/item/6984882/detail,True
0831,誕生花,ハイビスカス(白),花ことば：艶美,一般財団法人日本花普及センター「誕生花・花ことば366」（長野県 https://www.pref.nagano.lg.jp/enchiku/sangyo/nogyo/engei-suisan/kaki/documents/hanakotoba.pdf・source/birthday/hanakotoba.pdf を2回読み比べて書き起こし）,True
0831,記念日・できごと（記念日）,野菜の日,「や(8)さ(3)い(1)」の語呂合わせ。野菜のおいしさと大切さを見直す日,https://news.allabout.co.jp/articles/o/65751/,True
0831,記念日・できごと（旬）,鈴虫の声,夜になるとリーンリーンと鈴虫が鳴き始める頃。夏から秋への合図,,False
0901,誕生石（月）,サファイア・クンツァイト,,全国宝石卸商協同組合 2021年12月改定（デイリースポーツ https://www.daily.co.jp/society/life/2021/12/20/0014929848.shtml ほか。work/knowledge/10_誕生日もの.md）,True
0901,誕生色,老竹色,おいたけいろ／#769164／年を経た竹の渋い緑。成熟した落ち着きを表す色（天地始粛にちなむ）,当サイト独自の選び方（七十二候にちなむ日本の伝統色。work/knowledge/10_誕生日もの.md）・色の値：https://www.colordic.org/w,True
0901,誕生日石,クンツァイト,9月の誕生石。20世紀初めに名づけられた淡い桃紫色の石で、無償の愛や穏やかな心を表すとされる。,当サイト独自の選び方（誕生石・デーカンの支配星・誕生色から、販売されている石。work/knowledge/10_誕生日もの.md）・販売例：https://www.creema.jp/item/21087266/detail,True
0901,誕生花,キキョウ,花ことば：優しい温かさ,一般財団法人日本花普及センター「誕生花・花ことば366」（長野県 https://www.pref.nagano.lg.jp/enchiku/sangyo/nogyo/engei-suisan/kaki/documents/hanakotoba.pdf・source/birthday/hanakotoba.pdf を2回読み比べて書き起こし）,True
0901,記念日・できごと（記念日）,だじゃれの日,9と1で「くだらない」に通じる語呂から生まれた、笑いを楽しむ日,https://zatsuneta.com/archives/10901e5.html,True
0901,記念日・できごと（できごと）,日本初の民間ラジオ放送,1951年。名古屋と大阪の2局が、日本で初めて民間のラジオ放送を始めた日,https://netlab.click/todayis/0901,True
0901,記念日・できごと（できごと）,日本初のレビュー「モン・パリ」初演,1927年。宝塚の舞台で、日本初のレビュー作品が幕を開けた日,https://zatsuneta.com/archives/a0901.html,True
0902,誕生石（月）,サファイア・クンツァイト,,全国宝石卸商協同組合 2021年12月改定（デイリースポーツ https://www.daily.co.jp/society/life/2021/12/20/0014929848.shtml ほか。work/knowledge/10_誕生日もの.md）,True
0902,誕生色,海松色,みるいろ／#726D40／海藻の海松の暗い黄緑。静かで動じない心の深さ（天地始粛にちなむ）,当サイト独自の選び方（七十二候にちなむ日本の伝統色。work/knowledge/10_誕生日もの.md）・色の値：https://www.colordic.org/colorsample/2148,True
0902,誕生日石,ヘリオドール,誕生色（海松色）に近い黄系。ギリシャ語で『太陽の贈り物』を意味し、明るさと希望をもたらす石と言われる。,当サイト独自の選び方（誕生石・デーカンの支配星・誕生色から、販売されている石。work/knowledge/10_誕生日もの.md）・販売例：https://www.creema.jp/item/9457477/detail,True
0902,誕生花,マリーゴールド(黄),花ことば：可憐な愛情,一般財団法人日本花普及センター「誕生花・花ことば366」（長野県 https://www.pref.nagano.lg.jp/enchiku/sangyo/nogyo/engei-suisan/kaki/documents/hanakotoba.pdf・source/birthday/hanakotoba.pdf を2回読み比べて書き起こし）,True
0902,記念日・できごと（記念日）,宝くじの日,「く(9)じ(2)」の語呂合わせ。夢を買う楽しみに思いをはせる日,https://netlab.click/todayis/0902,True
0902,記念日・できごと（記念日）,牛乳の日（那須塩原）,酪農が盛んな那須塩原で生まれた、牛乳の魅力を伝える日,https://netlab.click/todayis/0902,True
0903,誕生石（月）,サファイア・クンツァイト,,全国宝石卸商協同組合 2021年12月改定（デイリースポーツ https://www.daily.co.jp/society/life/2021/12/20/0014929848.shtml ほか。work/knowledge/10_誕生日もの.md）,True
0903,誕生色,菜種油色,なたねゆいろ／#A69425／菜種油の深い黄。実りを蓄えた穀物の重みを思わせる（禾乃登にちなむ）,当サイト独自の選び方（七十二候にちなむ日本の伝統色。work/knowledge/10_誕生日もの.md）・色の値：https://www.colordic.org/colorsample/2412,True
0903,誕生日石,イエローカルサイト,デーカンの支配星・土星の石・誕生色（菜種油色）に近い黄系。明るい黄色から、気持ちを前向きにし、学ぶ意欲を高める石と言われる。,当サイト独自の選び方（誕生石・デーカンの支配星・誕生色から、販売されている石。work/knowledge/10_誕生日もの.md）・販売例：https://item.rakuten.co.jp/jewelclimb/1042496/,True
0903,誕生花,カラジューム,花ことば：喜び,一般財団法人日本花普及センター「誕生花・花ことば366」（長野県 https://www.pref.nagano.lg.jp/enchiku/sangyo/nogyo/engei-suisan/kaki/documents/hanakotoba.pdf・source/birthday/hanakotoba.pdf を2回読み比べて書き起こし）,True
0903,記念日・できごと（できごと）,ホームラン記念日,1977年。王貞治選手が通算756本目の本塁打を放ち、当時の世界記録を塗り替えた日,https://netlab.click/todayis/0903,True
0903,記念日・できごと（記念日）,グミの日,「グ(9)ミ(3)」の語呂合わせ。弾む食感のお菓子を楽しむ日,https://www.rakuten-card.co.jp/minna-money/topic/article_2208_00168/,True
0903,記念日・できごと（記念日）,ベッドの日,9と3を「ぐっすり」に重ね、心地よい眠りを見直す日,https://www.rakuten-card.co.jp/minna-money/topic/article_2208_00168/,True
0904,誕生石（月）,サファイア・クンツァイト,,全国宝石卸商協同組合 2021年12月改定（デイリースポーツ https://www.daily.co.jp/society/life/2021/12/20/0014929848.shtml ほか。work/knowledge/10_誕生日もの.md）,True
0904,誕生色,鬱金色,うこんいろ／#FABF14／鬱金で染める鮮やかな黄。豊作を祝う晴れやかな色（禾乃登にちなむ）,当サイト独自の選び方（七十二候にちなむ日本の伝統色。work/knowledge/10_誕生日もの.md）・色の値：https://www.colordic.org/colorsample/2169,True
0904,誕生日石,サファイア,9月の誕生石・デーカンの支配星・土星の石。天の青を映す石とされ、誠実さと慈愛の象徴。中世の聖職者が身につけたと伝わる。,当サイト独自の選び方（誕生石・デーカンの支配星・誕生色から、販売されている石。work/knowledge/10_誕生日もの.md）・販売例：https://www.creema.jp/item/3016761/detail,True
0904,誕生花,ナデシコ,花ことば：思慕,一般財団法人日本花普及センター「誕生花・花ことば366」（長野県 https://www.pref.nagano.lg.jp/enchiku/sangyo/nogyo/engei-suisan/kaki/documents/hanakotoba.pdf・source/birthday/hanakotoba.pdf を2回読み比べて書き起こし）,True
0904,記念日・できごと（記念日）,クラシック音楽の日,「ク(9)ラシ(4)ック」の語呂。名曲に耳を傾け、音楽に親しむ日,https://netlab.click/todayis/0904,True
0904,記念日・できごと（記念日）,くしの日,「く(9)し(4)」の語呂から。髪をとかす道具を大切にし、身だしなみを整える日,https://netlab.click/todayis/0904,True
0904,記念日・できごと（できごと）,関西国際空港が開港,1994年。海を埋め立てた人工島に、24時間使える関西の空の玄関口が開いた日,https://netlab.click/todayis/0904,True
0905,誕生石（月）,サファイア・クンツァイト,,全国宝石卸商協同組合 2021年12月改定（デイリースポーツ https://www.daily.co.jp/society/life/2021/12/20/0014929848.shtml ほか。work/knowledge/10_誕生日もの.md）,True
0905,誕生色,玉蜀黍色,とうもろこしいろ／#EEC362／とうもろこしの実の黄色。秋に実る穀物そのものの色（禾乃登にちなむ）,当サイト独自の選び方（七十二候にちなむ日本の伝統色。work/knowledge/10_誕生日もの.md）・色の値：https://www.colordic.org/colorsample/2370,True
0905,誕生日石,クンツァイト,9月の誕生石。20世紀初めに名づけられた淡い桃紫色の石で、無償の愛や穏やかな心を表すとされる。,当サイト独自の選び方（誕生石・デーカンの支配星・誕生色から、販売されている石。work/knowledge/10_誕生日もの.md）・販売例：https://www.creema.jp/item/21087266/detail,True
0905,誕生花,ケイトウ,花ことば：おしゃれ,一般財団法人日本花普及センター「誕生花・花ことば366」（長野県 https://www.pref.nagano.lg.jp/enchiku/sangyo/nogyo/engei-suisan/kaki/documents/hanakotoba.pdf・source/birthday/hanakotoba.pdf を2回読み比べて書き起こし）,True
0905,記念日・できごと（記念日）,石炭の日（クリーンコールデー）,「ク(9)リーンコ(5)ール」の語呂。エネルギーの使い方を考える日,https://bestcalendar.jp/2026/9/5,True
0905,記念日・できごと（記念日）,球根で求婚記念日,秋植えの球根を贈り、春に咲く花に想いを託そうと呼びかける日,https://bestcalendar.jp/2026/9/5,True
0905,記念日・できごと（できごと）,むかわ竜が「カムイサウルス」と命名,2019年。北海道むかわ町で見つかった恐竜化石が、新しい属・種として名づけられた日,https://bestcalendar.jp/2025/9/5,True
0906,誕生石（月）,サファイア・クンツァイト,,全国宝石卸商協同組合 2021年12月改定（デイリースポーツ https://www.daily.co.jp/society/life/2021/12/20/0014929848.shtml ほか。work/knowledge/10_誕生日もの.md）,True
0906,誕生色,鬱金色,うこんいろ／#FABF14／鬱金で染める鮮やかな黄。豊作を祝う晴れやかな色（禾乃登にちなむ）,当サイト独自の選び方（七十二候にちなむ日本の伝統色。work/knowledge/10_誕生日もの.md）・色の値：https://www.colordic.org/colorsample/2169,True
0906,誕生日石,オニキス,デーカンの支配星・土星の石。深い黒から、悪いものを退け、意志を固める石として古くから用いられた。,当サイト独自の選び方（誕生石・デーカンの支配星・誕生色から、販売されている石。work/knowledge/10_誕生日もの.md）・販売例：https://www.creema.jp/item/16278090/detail,True
0906,誕生花,クルマユリ,花ことば：多才な人,一般財団法人日本花普及センター「誕生花・花ことば366」（長野県 https://www.pref.nagano.lg.jp/enchiku/sangyo/nogyo/engei-suisan/kaki/documents/hanakotoba.pdf・source/birthday/hanakotoba.pdf を2回読み比べて書き起こし）,True
0906,記念日・できごと（記念日）,まがたまの日,9と6を並べた形が勾玉に似ていることから。古代の装身具に親しむ日,https://netlab.click/todayis/0906,True
0906,記念日・できごと（記念日）,クロスワードの日,9と6を「ク」「ロ」と読む語呂から。言葉のパズルで頭を柔らかくする日,https://www.rakuten-card.co.jp/minna-money/topic/article_2208_00168/,True
0907,誕生石（月）,サファイア・クンツァイト,,全国宝石卸商協同組合 2021年12月改定（デイリースポーツ https://www.daily.co.jp/society/life/2021/12/20/0014929848.shtml ほか。work/knowledge/10_誕生日もの.md）,True
0907,誕生色,黄土色,おうどいろ／#C39143／黄土の色。穂を垂れる稲を育てた大地の恵みの色（禾乃登にちなむ）,当サイト独自の選び方（七十二候にちなむ日本の伝統色。work/knowledge/10_誕生日もの.md）・色の値：https://www.colordic.org/colorsample/2195,True
0907,誕生日石,サファイア,9月の誕生石・デーカンの支配星・土星の石。天の青を映す石とされ、誠実さと慈愛の象徴。中世の聖職者が身につけたと伝わる。,当サイト独自の選び方（誕生石・デーカンの支配星・誕生色から、販売されている石。work/knowledge/10_誕生日もの.md）・販売例：https://www.creema.jp/item/3016761/detail,True
0907,誕生花,ヘリアンサス,花ことば：誘惑,一般財団法人日本花普及センター「誕生花・花ことば366」（長野県 https://www.pref.nagano.lg.jp/enchiku/sangyo/nogyo/engei-suisan/kaki/documents/hanakotoba.pdf・source/birthday/hanakotoba.pdf を2回読み比べて書き起こし）,True
0907,記念日・できごと（記念日）,クリーナーの日,「ク(9)リーナ(7)ー」の語呂。メガネやレンズをきれいに磨く日,https://netlab.click/todayis/0907,True
0907,記念日・できごと（記念日）,近江ちゃんぽんの日,野菜たっぷりの滋賀の名物麺を、野菜の日の翌日に味わう日,https://netlab.click/todayis/0907,True
0907,記念日・できごと（できごと）,インスタントラーメン「チャルメラ」発売,1966年。屋台の味をイメージした即席めんが店頭に並び始めた日,https://bestcalendar.jp/2025/9/7,True
0908,誕生石（月）,サファイア・クンツァイト,,全国宝石卸商協同組合 2021年12月改定（デイリースポーツ https://www.daily.co.jp/society/life/2021/12/20/0014929848.shtml ほか。work/knowledge/10_誕生日もの.md）,True
0908,誕生色,月白,げっぱく／#EAF4FC／月の光のような青白さ。夜明けの草に光る露の白さ（草露白にちなむ）,当サイト独自の選び方（七十二候にちなむ日本の伝統色。work/knowledge/10_誕生日もの.md）・色の値：https://www.colordic.org/colorsample/2324,True
0908,誕生日石,クンツァイト,9月の誕生石。20世紀初めに名づけられた淡い桃紫色の石で、無償の愛や穏やかな心を表すとされる。,当サイト独自の選び方（誕生石・デーカンの支配星・誕生色から、販売されている石。work/knowledge/10_誕生日もの.md）・販売例：https://www.creema.jp/item/21087266/detail,True
0908,誕生花,ホウセンカ,花ことば：心を開く,一般財団法人日本花普及センター「誕生花・花ことば366」（長野県 https://www.pref.nagano.lg.jp/enchiku/sangyo/nogyo/engei-suisan/kaki/documents/hanakotoba.pdf・source/birthday/hanakotoba.pdf を2回読み比べて書き起こし）,True
0908,記念日・できごと（できごと）,新聞折込求人広告の日,1969年。複数の会社の求人をまとめた折込広告が、日本で初めて配られた日,https://netlab.click/todayis/0908,True
0908,記念日・できごと（記念日）,桑の日,「く(9)わ(8)」の語呂。養蚕を支えた桑の葉や実に目を向ける日,https://netlab.click/todayis/0908,True
0908,記念日・できごと（記念日）,スペインワインの日,秋の収穫期に合わせ、スペインのワインと食文化を楽しむ日,https://www.rakuten-card.co.jp/minna-money/topic/article_2208_00168/,True
0909,誕生石（月）,サファイア・クンツァイト,,全国宝石卸商協同組合 2021年12月改定（デイリースポーツ https://www.daily.co.jp/society/life/2021/12/20/0014929848.shtml ほか。work/knowledge/10_誕生日もの.md）,True
0909,誕生色,水色,みずいろ／#BCE2E8／澄んだ水の色。小さな露の粒に映る秋空の青（草露白にちなむ）,当サイト独自の選び方（七十二候にちなむ日本の伝統色。work/knowledge/10_誕生日もの.md）・色の値：https://www.colordic.org/colorsample/2091,True
0909,誕生日石,サファイア,9月の誕生石・デーカンの支配星・土星の石・誕生色（水色）に近い青系。天の青を映す石とされ、誠実さと慈愛の象徴。中世の聖職者が身につけたと伝わる。,当サイト独自の選び方（誕生石・デーカンの支配星・誕生色から、販売されている石。work/knowledge/10_誕生日もの.md）・販売例：https://www.creema.jp/item/3016761/detail,True
0909,誕生花,オミナエシ,花ことば：美しさ,一般財団法人日本花普及センター「誕生花・花ことば366」（長野県 https://www.pref.nagano.lg.jp/enchiku/sangyo/nogyo/engei-suisan/kaki/documents/hanakotoba.pdf・source/birthday/hanakotoba.pdf を2回読み比べて書き起こし）,True
0909,記念日・できごと（行事）,重陽の節句（菊の節句）,最大の陽数9が重なるめでたい日。菊を飾り、長寿を願う五節句の一つ,https://bestcalendar.jp/dates/kinenbi/3722,True
0909,記念日・できごと（記念日）,温泉の日,大分県九重町が「九重九湯」にちなんで定めた、湯めぐりを楽しむ日,https://bestcalendar.jp/dates/kinenbi/3727,True
0909,記念日・できごと（記念日）,九九の日,9が二つ並ぶ日付から。かけ算の九九を思い出して楽しむ日,https://www.rakuten-card.co.jp/minna-money/topic/article_2208_00168/,True
0910,誕生石（月）,サファイア・クンツァイト,,全国宝石卸商協同組合 2021年12月改定（デイリースポーツ https://www.daily.co.jp/society/life/2021/12/20/0014929848.shtml ほか。work/knowledge/10_誕生日もの.md）,True
0910,誕生色,錆青磁,さびせいじ／#A6C8B2／くすんだ青磁色。露に冷えた早朝の草むらの色（草露白にちなむ）,当サイト独自の選び方（七十二候にちなむ日本の伝統色。work/knowledge/10_誕生日もの.md）・色の値：https://www.colordic.org/w,True
0910,誕生日石,プレナイト,誕生色（錆青磁）に近い緑系。ぶどうの房のような姿から、穏やかな心で未来を見通す『予言の石』と呼ばれることがある。,当サイト独自の選び方（誕生石・デーカンの支配星・誕生色から、販売されている石。work/knowledge/10_誕生日もの.md）・販売例：https://www.creema.jp/item/8900336/detail,True
0910,誕生花,ダリア(赤),花ことば：華麗,一般財団法人日本花普及センター「誕生花・花ことば366」（長野県 https://www.pref.nagano.lg.jp/enchiku/sangyo/nogyo/engei-suisan/kaki/documents/hanakotoba.pdf・source/birthday/hanakotoba.pdf を2回読み比べて書き起こし）,True
0910,記念日・できごと（できごと）,カラーテレビ本放送の開始,1960年。東京と大阪の5局が、カラーテレビの本放送をいっせいに始めた日,https://gendai.media/articles/-/87077,True
0910,記念日・できごと（記念日）,牛タンの日,仙台の牛たん振興会が語呂合わせで定めた、名物の牛タンを味わう日,https://netlab.click/todayis/0910,True
0910,記念日・できごと（記念日）,下水道の日,暮らしを清潔に保つ下水道の役割を知り、大切さを考える日,https://www.rakuten-card.co.jp/minna-money/topic/article_2208_00168/,True
0911,誕生石（月）,サファイア・クンツァイト,,全国宝石卸商協同組合 2021年12月改定（デイリースポーツ https://www.daily.co.jp/society/life/2021/12/20/0014929848.shtml ほか。work/knowledge/10_誕生日もの.md）,True
0911,誕生色,水色,みずいろ／#BCE2E8／澄んだ水の色。小さな露の粒に映る秋空の青（草露白にちなむ）,当サイト独自の選び方（七十二候にちなむ日本の伝統色。work/knowledge/10_誕生日もの.md）・色の値：https://www.colordic.org/colorsample/2091,True
0911,誕生日石,サファイア,9月の誕生石・デーカンの支配星・土星の石・誕生色（水色）に近い青系。天の青を映す石とされ、誠実さと慈愛の象徴。中世の聖職者が身につけたと伝わる。,当サイト独自の選び方（誕生石・デーカンの支配星・誕生色から、販売されている石。work/knowledge/10_誕生日もの.md）・販売例：https://www.creema.jp/item/3016761/detail,True
0911,誕生花,ブドウ,花ことば：好意,一般財団法人日本花普及センター「誕生花・花ことば366」（長野県 https://www.pref.nagano.lg.jp/enchiku/sangyo/nogyo/engei-suisan/kaki/documents/hanakotoba.pdf・source/birthday/hanakotoba.pdf を2回読み比べて書き起こし）,True
0911,記念日・できごと（できごと）,公衆電話の日,1900年。上野駅と新橋駅に、日本初の自動公衆電話が置かれた日,https://netlab.click/todayis/0911,True
0911,記念日・できごと（旬）,旬：梨,みずみずしい和梨が出そろう時期。しゃりっとした歯ざわりが楽しい,,False
0911,記念日・できごと（記念日）,たんぱく質の日,体をつくるたんぱく質の大切さを知り、毎日の食事を見直す日。,https://netlab.click/todayis/0911,True
0912,誕生石（月）,サファイア・クンツァイト,,全国宝石卸商協同組合 2021年12月改定（デイリースポーツ https://www.daily.co.jp/society/life/2021/12/20/0014929848.shtml ほか。work/knowledge/10_誕生日もの.md）,True
0912,誕生色,薄花色,うすはないろ／#698AAB／淡い縹色。露が光る朝の澄みきった空気を映す（草露白にちなむ）,当サイト独自の選び方（七十二候にちなむ日本の伝統色。work/knowledge/10_誕生日もの.md）・色の値：https://www.colordic.org/w,True
0912,誕生日石,オブシディアン,デーカンの支配星・土星の石。火山から生まれた天然ガラスで、古くは鏡や刃物に使われ、魔よけの石とされてきた。,当サイト独自の選び方（誕生石・デーカンの支配星・誕生色から、販売されている石。work/knowledge/10_誕生日もの.md）・販売例：https://item.rakuten.co.jp/malina/10000968/,True
0912,誕生花,フトイ,花ことば：品位,一般財団法人日本花普及センター「誕生花・花ことば366」（長野県 https://www.pref.nagano.lg.jp/enchiku/sangyo/nogyo/engei-suisan/kaki/documents/hanakotoba.pdf・source/birthday/hanakotoba.pdf を2回読み比べて書き起こし）,True
0912,記念日・できごと（記念日）,宇宙の日,1992年。日本人宇宙飛行士がスペースシャトルで宇宙へ飛び立った日にちなむ,https://netlab.click/todayis/0912,True
0912,記念日・できごと（記念日）,マラソンの日,古代ギリシャの伝令の走りにちなむ、長い道のりに挑む人を応援する日,https://netlab.click/todayis/0912,True
0913,誕生石（月）,サファイア・クンツァイト,,全国宝石卸商協同組合 2021年12月改定（デイリースポーツ https://www.daily.co.jp/society/life/2021/12/20/0014929848.shtml ほか。work/knowledge/10_誕生日もの.md）,True
0913,誕生色,薄鈍,うすにび／#ADADAD／淡い鈍色。せきれいが尾を振る川原の石の色（鶺鴒鳴にちなむ）,当サイト独自の選び方（七十二候にちなむ日本の伝統色。work/knowledge/10_誕生日もの.md）・色の値：https://www.colordic.org/colorsample/2288,True
0913,誕生日石,ローズクォーツ,デーカンの支配星・金星の石。愛と美の女神にゆかりがあるとされ、恋愛や自分を大切にする心を育てる石と言われる。,当サイト独自の選び方（誕生石・デーカンの支配星・誕生色から、販売されている石。work/knowledge/10_誕生日もの.md）・販売例：https://www.creema.jp/item/20881454/detail,True
0913,誕生花,クズ,花ことば：芯の強さ,一般財団法人日本花普及センター「誕生花・花ことば366」（長野県 https://www.pref.nagano.lg.jp/enchiku/sangyo/nogyo/engei-suisan/kaki/documents/hanakotoba.pdf・source/birthday/hanakotoba.pdf を2回読み比べて書き起こし）,True
0913,記念日・できごと（記念日）,世界の法の日,法の力で世界の平和を守ろうと、国際会議で定められた日,https://netlab.click/todayis/0913,True
0913,記念日・できごと（旬）,旬：ぶどう,巨峰やシャインマスカットなど、ぶどうが一番おいしい季節,,False
0914,誕生石（月）,サファイア・クンツァイト,,全国宝石卸商協同組合 2021年12月改定（デイリースポーツ https://www.daily.co.jp/society/life/2021/12/20/0014929848.shtml ほか。work/knowledge/10_誕生日もの.md）,True
0914,誕生色,鉛色,なまりいろ／#7B7C7D／鉛のような青みの灰。水辺を歩くせきれいの羽色（鶺鴒鳴にちなむ）,当サイト独自の選び方（七十二候にちなむ日本の伝統色。work/knowledge/10_誕生日もの.md）・色の値：https://www.colordic.org/w,True
0914,誕生日石,ロードナイト,デーカンの支配星・金星の石。ばら色に黒い模様が入り、人との縁を穏やかに結び直す石と言われる。,当サイト独自の選び方（誕生石・デーカンの支配星・誕生色から、販売されている石。work/knowledge/10_誕生日もの.md）・販売例：https://www.creema.jp/item/4549844/detail,True
0914,誕生花,アザミ,花ことば：独立,一般財団法人日本花普及センター「誕生花・花ことば366」（長野県 https://www.pref.nagano.lg.jp/enchiku/sangyo/nogyo/engei-suisan/kaki/documents/hanakotoba.pdf・source/birthday/hanakotoba.pdf を2回読み比べて書き起こし）,True
0914,記念日・できごと（記念日）,コスモスの日,秋桜の花に気持ちを込めて、大切な人へ思いを伝える日,https://netlab.click/todayis/0914,True
0914,記念日・できごと（旬）,旬：すだち,香り高い青い柑橘が出回るころ。焼き魚や秋の料理に添えて,,False
0914,記念日・できごと（記念日）,食いしん坊の日,おいしいものを味わう喜びを、ちょっと欲張りに楽しもうという日。,https://netlab.click/todayis/0914,True
0915,誕生石（月）,サファイア・クンツァイト,,全国宝石卸商協同組合 2021年12月改定（デイリースポーツ https://www.daily.co.jp/society/life/2021/12/20/0014929848.shtml ほか。work/knowledge/10_誕生日もの.md）,True
0915,誕生色,消炭色,けしずみいろ／#524E4D／消し炭の黒に近い灰。せきれいの胸元の黒い模様（鶺鴒鳴にちなむ）,当サイト独自の選び方（七十二候にちなむ日本の伝統色。work/knowledge/10_誕生日もの.md）・色の値：https://www.colordic.org/w,True
0915,誕生日石,水晶,デーカンの支配星・金星の石。古くから世界中で神聖視され、他の石の力を高め、心身を清めるとされてきた。,当サイト独自の選び方（誕生石・デーカンの支配星・誕生色から、販売されている石。work/knowledge/10_誕生日もの.md）・販売例：https://www.creema.jp/item/16248173/detail,True
0915,誕生花,サネカズラ,花ことば：好機をつかむ,一般財団法人日本花普及センター「誕生花・花ことば366」（長野県 https://www.pref.nagano.lg.jp/enchiku/sangyo/nogyo/engei-suisan/kaki/documents/hanakotoba.pdf・source/birthday/hanakotoba.pdf を2回読み比べて書き起こし）,True
0915,記念日・できごと（記念日）,老人の日,人生の先輩に感謝を伝え、長い歩みをたたえる日,https://netlab.click/todayis/0915,True
0915,記念日・できごと（記念日）,ひじきの日,健康長寿にちなみ、栄養たっぷりのひじきを食べようという日,https://netlab.click/todayis/0915,True
0916,誕生石（月）,サファイア・クンツァイト,,全国宝石卸商協同組合 2021年12月改定（デイリースポーツ https://www.daily.co.jp/society/life/2021/12/20/0014929848.shtml ほか。work/knowledge/10_誕生日もの.md）,True
0916,誕生色,鶸色,ひわいろ／#D7CF3A／鶸の羽の黄緑。黄色い腹をもつ黄せきれいを思わせる（鶺鴒鳴にちなむ）,当サイト独自の選び方（七十二候にちなむ日本の伝統色。work/knowledge/10_誕生日もの.md）・色の値：https://www.colordic.org/w,True
0916,誕生日石,ローズクォーツ,デーカンの支配星・金星の石。愛と美の女神にゆかりがあるとされ、恋愛や自分を大切にする心を育てる石と言われる。,当サイト独自の選び方（誕生石・デーカンの支配星・誕生色から、販売されている石。work/knowledge/10_誕生日もの.md）・販売例：https://www.creema.jp/item/20881454/detail,True
0916,誕生花,ハゲイトウ,花ことば：情愛,一般財団法人日本花普及センター「誕生花・花ことば366」（長野県 https://www.pref.nagano.lg.jp/enchiku/sangyo/nogyo/engei-suisan/kaki/documents/hanakotoba.pdf・source/birthday/hanakotoba.pdf を2回読み比べて書き起こし）,True
0916,記念日・できごと（記念日）,オゾン層保護のための国際デー,地球を包むオゾン層を守る取り決めを記念する、国連の国際デー,https://tabi-mag.jp/day0916/,True
0916,記念日・できごと（旬）,旬：栗,いがから顔を出した新栗が並ぶ季節。栗ご飯がうれしい,,False
0916,記念日・できごと（記念日）,マッチの日,シュッと擦れば火がともる、昔ながらの道具マッチに親しむ日。,https://tabi-mag.jp/day0916/,True
0917,誕生石（月）,サファイア・クンツァイト,,全国宝石卸商協同組合 2021年12月改定（デイリースポーツ https://www.daily.co.jp/society/life/2021/12/20/0014929848.shtml ほか。work/knowledge/10_誕生日もの.md）,True
0917,誕生色,薄鈍,うすにび／#ADADAD／淡い鈍色。せきれいが尾を振る川原の石の色（鶺鴒鳴にちなむ）,当サイト独自の選び方（七十二候にちなむ日本の伝統色。work/knowledge/10_誕生日もの.md）・色の値：https://www.colordic.org/colorsample/2288,True
0917,誕生日石,ロードナイト,デーカンの支配星・金星の石。ばら色に黒い模様が入り、人との縁を穏やかに結び直す石と言われる。,当サイト独自の選び方（誕生石・デーカンの支配星・誕生色から、販売されている石。work/knowledge/10_誕生日もの.md）・販売例：https://www.creema.jp/item/4549844/detail,True
0917,誕生花,シュウカイドウ,花ことば：自然を愛す,一般財団法人日本花普及センター「誕生花・花ことば366」（長野県 https://www.pref.nagano.lg.jp/enchiku/sangyo/nogyo/engei-suisan/kaki/documents/hanakotoba.pdf・source/birthday/hanakotoba.pdf を2回読み比べて書き起こし）,True
0917,記念日・できごと（できごと）,モノレール開業記念日,1964年。浜松町と羽田空港を結ぶ東京モノレールが走り始めた日,https://jafmate.jp/car/car_anniversary_20250917.html,True
0917,記念日・できごと（旬）,旬：さんま,秋の味覚の代表、脂ののったさんまが食卓をにぎわせる時期,,False
0918,誕生石（月）,サファイア・クンツァイト,,全国宝石卸商協同組合 2021年12月改定（デイリースポーツ https://www.daily.co.jp/society/life/2021/12/20/0014929848.shtml ほか。work/knowledge/10_誕生日もの.md）,True
0918,誕生色,留紺,とめこん／#1C305C／これ以上濃くできない紺。つばめの背の深い色（玄鳥去にちなむ）,当サイト独自の選び方（七十二候にちなむ日本の伝統色。work/knowledge/10_誕生日もの.md）・色の値：https://www.colordic.org/colorsample/2060,True
0918,誕生日石,タンザナイト,誕生色（留紺）に近い藍系。1960年代に見つかった新しい宝石で、夕暮れの空の色から、冷静さと決断を表す石と言われる。,当サイト独自の選び方（誕生石・デーカンの支配星・誕生色から、販売されている石。work/knowledge/10_誕生日もの.md）・販売例：https://item.rakuten.co.jp/carat/c/0000000412/,True
0918,誕生花,リンドウ(白),花ことば：貞節,一般財団法人日本花普及センター「誕生花・花ことば366」（長野県 https://www.pref.nagano.lg.jp/enchiku/sangyo/nogyo/engei-suisan/kaki/documents/hanakotoba.pdf・source/birthday/hanakotoba.pdf を2回読み比べて書き起こし）,True
0918,記念日・できごと（記念日）,しまくとぅばの日,沖縄の島ことばを受け継ぎ、話して楽しもうと県が定めた日,https://netlab.click/todayis/0918,True
0918,記念日・できごと（記念日）,かいわれ大根の日,ピリッと辛いかいわれ大根の魅力を伝える日,https://netlab.click/todayis/0918,True
0919,誕生石（月）,サファイア・クンツァイト,,全国宝石卸商協同組合 2021年12月改定（デイリースポーツ https://www.daily.co.jp/society/life/2021/12/20/0014929848.shtml ほか。work/knowledge/10_誕生日もの.md）,True
0919,誕生色,褐色,かちいろ／#4D4C61／黒に近い濃紺。旅立ちを「勝ち」に通じる縁起の色（玄鳥去にちなむ）,当サイト独自の選び方（七十二候にちなむ日本の伝統色。work/knowledge/10_誕生日もの.md）・色の値：https://www.colordic.org/colorsample/2056,True
0919,誕生日石,スノーフレークオブシディアン,誕生色（褐色）に近い灰系。黒地に雪の結晶のような白い模様が浮かび、困難の中に光を見つける石と言われる。,当サイト独自の選び方（誕生石・デーカンの支配星・誕生色から、販売されている石。work/knowledge/10_誕生日もの.md）・販売例：https://www.creema.jp/item/18528114/detail,True
0919,誕生花,サルビア,花ことば：燃ゆる思い,一般財団法人日本花普及センター「誕生花・花ことば366」（長野県 https://www.pref.nagano.lg.jp/enchiku/sangyo/nogyo/engei-suisan/kaki/documents/hanakotoba.pdf・source/birthday/hanakotoba.pdf を2回読み比べて書き起こし）,True
0919,記念日・できごと（できごと）,苗字の日,1870年。一般の人々も苗字を名乗ってよいとする布告が出された日,https://netlab.click/todayis/0919,True
0919,記念日・できごと（旬）,旬：秋鮭,産卵のために川へ戻る鮭がとれる季節。いくらも旬を迎える,,False
0920,誕生石（月）,サファイア・クンツァイト,,全国宝石卸商協同組合 2021年12月改定（デイリースポーツ https://www.daily.co.jp/society/life/2021/12/20/0014929848.shtml ほか。work/knowledge/10_誕生日もの.md）,True
0920,誕生色,臙脂色,えんじいろ／#B94047／深い紅。つばめの喉元にある赤い羽にちなむ色（玄鳥去にちなむ）,当サイト独自の選び方（七十二候にちなむ日本の伝統色。work/knowledge/10_誕生日もの.md）・色の値：https://www.colordic.org/colorsample/2008,True
0920,誕生日石,レッドジャスパー,誕生色（臙脂色）に近い赤系。古くから護符に使われた赤い碧玉で、根気強さと安定をもたらす石と言われる。,当サイト独自の選び方（誕生石・デーカンの支配星・誕生色から、販売されている石。work/knowledge/10_誕生日もの.md）・販売例：https://minne.com/items/31236125,True
0920,誕生花,リンドウ(紫),花ことば：満ちた自信,一般財団法人日本花普及センター「誕生花・花ことば366」（長野県 https://www.pref.nagano.lg.jp/enchiku/sangyo/nogyo/engei-suisan/kaki/documents/hanakotoba.pdf・source/birthday/hanakotoba.pdf を2回読み比べて書き起こし）,True
0920,記念日・できごと（記念日）,空の日,空と飛行機に親しみ、航空の役割を知ってもらうための日,https://netlab.click/todayis/0920,True
0920,記念日・できごと（できごと）,バスの日,1903年。京都で日本初の営業用乗合バスが走った日にちなむ,https://zatsuneta.com/archives/109202.html,True
0921,誕生石（月）,サファイア・クンツァイト,,全国宝石卸商協同組合 2021年12月改定（デイリースポーツ https://www.daily.co.jp/society/life/2021/12/20/0014929848.shtml ほか。work/knowledge/10_誕生日もの.md）,True
0921,誕生色,褐色,かちいろ／#4D4C61／黒に近い濃紺。旅立ちを「勝ち」に通じる縁起の色（玄鳥去にちなむ）,当サイト独自の選び方（七十二候にちなむ日本の伝統色。work/knowledge/10_誕生日もの.md）・色の値：https://www.colordic.org/colorsample/2056,True
0921,誕生日石,クンツァイト,9月の誕生石。20世紀初めに名づけられた淡い桃紫色の石で、無償の愛や穏やかな心を表すとされる。,当サイト独自の選び方（誕生石・デーカンの支配星・誕生色から、販売されている石。work/knowledge/10_誕生日もの.md）・販売例：https://www.creema.jp/item/21087266/detail,True
0921,誕生花,カンナ,花ことば：熱い思い,一般財団法人日本花普及センター「誕生花・花ことば366」（長野県 https://www.pref.nagano.lg.jp/enchiku/sangyo/nogyo/engei-suisan/kaki/documents/hanakotoba.pdf・source/birthday/hanakotoba.pdf を2回読み比べて書き起こし）,True
0921,記念日・できごと（できごと）,ファッションショーの日,1927年。東京の百貨店で、日本初のファッションショーが開かれた日,,False
0921,記念日・できごと（記念日）,国際平和デー,世界中で争いをやめ、平和について考えようと国連が定めた日,https://netlab.click/todayis/0921,True
0922,誕生石（月）,サファイア・クンツァイト,,全国宝石卸商協同組合 2021年12月改定（デイリースポーツ https://www.daily.co.jp/society/life/2021/12/20/0014929848.shtml ほか。work/knowledge/10_誕生日もの.md）,True
0922,誕生色,臙脂色,えんじいろ／#B94047／深い紅。つばめの喉元にある赤い羽にちなむ色（玄鳥去にちなむ）,当サイト独自の選び方（七十二候にちなむ日本の伝統色。work/knowledge/10_誕生日もの.md）・色の値：https://www.colordic.org/colorsample/2008,True
0922,誕生日石,水晶,デーカンの支配星・金星の石。古くから世界中で神聖視され、他の石の力を高め、心身を清めるとされてきた。,当サイト独自の選び方（誕生石・デーカンの支配星・誕生色から、販売されている石。work/knowledge/10_誕生日もの.md）・販売例：https://www.creema.jp/item/16248173/detail,True
0922,誕生花,アカネ,花ことば：私を思って,一般財団法人日本花普及センター「誕生花・花ことば366」（長野県 https://www.pref.nagano.lg.jp/enchiku/sangyo/nogyo/engei-suisan/kaki/documents/hanakotoba.pdf・source/birthday/hanakotoba.pdf を2回読み比べて書き起こし）,True
0922,記念日・できごと（記念日）,カーフリーデー,車を置いて歩きや自転車で街を楽しもうと呼びかける日,https://netlab.click/todayis/0922,True
0922,記念日・できごと（旬）,旬：まつたけ,秋の香りの王様、まつたけが山から届き始める時期,,False
0923,誕生石（月）,サファイア・クンツァイト,,全国宝石卸商協同組合 2021年12月改定（デイリースポーツ https://www.daily.co.jp/society/life/2021/12/20/0014929848.shtml ほか。work/knowledge/10_誕生日もの.md）,True
0923,誕生色,薄色,うすいろ／#A89DAC／淡い紫。稲光のなごりをそっと残す秋の夕空（雷乃収声にちなむ）,当サイト独自の選び方（七十二候にちなむ日本の伝統色。work/knowledge/10_誕生日もの.md）・色の値：https://www.colordic.org/colorsample/2040,True
0923,誕生日石,ローズクォーツ,デーカンの支配星・金星の石。愛と美の女神にゆかりがあるとされ、恋愛や自分を大切にする心を育てる石と言われる。,当サイト独自の選び方（誕生石・デーカンの支配星・誕生色から、販売されている石。work/knowledge/10_誕生日もの.md）・販売例：https://www.creema.jp/item/20881454/detail,True
0923,誕生花,マンジュシャゲ,花ことば：陽気な気分,一般財団法人日本花普及センター「誕生花・花ことば366」（長野県 https://www.pref.nagano.lg.jp/enchiku/sangyo/nogyo/engei-suisan/kaki/documents/hanakotoba.pdf・source/birthday/hanakotoba.pdf を2回読み比べて書き起こし）,True
0923,記念日・できごと（できごと）,万年筆の日,1809年。インクを内蔵したペンの特許がイギリスで認められた日にちなむ,https://zatsuneta.com/archives/109235.html,True
0923,記念日・できごと（できごと）,海王星が見つかった日,1846年。計算で予言された場所に、新しい惑星・海王星が発見された日,,False
0923,記念日・できごと（記念日）,手話言語の国際デー,手話も大切な言語のひとつ。手で語る言葉への理解を広げる国際デー。,https://netlab.click/todayis/0923,True
0924,誕生石（月）,サファイア・クンツァイト,,全国宝石卸商協同組合 2021年12月改定（デイリースポーツ https://www.daily.co.jp/society/life/2021/12/20/0014929848.shtml ほか。work/knowledge/10_誕生日もの.md）,True
0924,誕生色,紅藤,べにふじ／#CCA6BF／赤みの藤色。雷雨のあと晴れ間にさす柔らかな光（雷乃収声にちなむ）,当サイト独自の選び方（七十二候にちなむ日本の伝統色。work/knowledge/10_誕生日もの.md）・色の値：https://www.colordic.org/w,True
0924,誕生日石,ロードナイト,デーカンの支配星・金星の石・誕生色（紅藤）に近い桃系。ばら色に黒い模様が入り、人との縁を穏やかに結び直す石と言われる。,当サイト独自の選び方（誕生石・デーカンの支配星・誕生色から、販売されている石。work/knowledge/10_誕生日もの.md）・販売例：https://www.creema.jp/item/4549844/detail,True
0924,誕生花,ダリア(黄),花ことば：栄華,一般財団法人日本花普及センター「誕生花・花ことば366」（長野県 https://www.pref.nagano.lg.jp/enchiku/sangyo/nogyo/engei-suisan/kaki/documents/hanakotoba.pdf・source/birthday/hanakotoba.pdf を2回読み比べて書き起こし）,True
0924,記念日・できごと（記念日）,清掃の日,ごみの処理と街の清潔を定めた法律の施行にちなむ、きれいを考える日,https://netlab.click/todayis/0924,True
0924,記念日・できごと（旬）,旬：新米,実りの秋。炊きたての新米のつやと甘みを味わう季節,,False
0924,記念日・できごと（記念日）,世界ゴリラの日,森でくらすゴリラと、そのすみかの森を守ることを考える日。,https://netlab.click/todayis/0924,True
0925,誕生石（月）,サファイア・クンツァイト,,全国宝石卸商協同組合 2021年12月改定（デイリースポーツ https://www.daily.co.jp/society/life/2021/12/20/0014929848.shtml ほか。work/knowledge/10_誕生日もの.md）,True
0925,誕生色,半色,はしたいろ／#A69ABD／紫と薄紫の中間の色。激しさを収めた雷雲の名残（雷乃収声にちなむ）,当サイト独自の選び方（七十二候にちなむ日本の伝統色。work/knowledge/10_誕生日もの.md）・色の値：https://www.colordic.org/colorsample/2309,True
0925,誕生日石,スギライト,誕生色（半色）に近い紫系。日本の杉健一博士が発見した石で、癒やしと深い安らぎをもたらす石と言われる。,当サイト独自の選び方（誕生石・デーカンの支配星・誕生色から、販売されている石。work/knowledge/10_誕生日もの.md）・販売例：https://www.creema.jp/item/17256056/detail,True
0925,誕生花,ウラギク,花ことば：追憶,一般財団法人日本花普及センター「誕生花・花ことば366」（長野県 https://www.pref.nagano.lg.jp/enchiku/sangyo/nogyo/engei-suisan/kaki/documents/hanakotoba.pdf・source/birthday/hanakotoba.pdf を2回読み比べて書き起こし）,True
0925,記念日・できごと（記念日）,主婦休みの日,家事を担う人がひと休みし、家族で役割を分け合う日,,False
0925,記念日・できごと（旬）,旬：かぼす,大分特産のかぼすが香る季節。鍋や焼き物に爽やかさを添える,,False
0926,誕生石（月）,サファイア・クンツァイト,,全国宝石卸商協同組合 2021年12月改定（デイリースポーツ https://www.daily.co.jp/society/life/2021/12/20/0014929848.shtml ほか。work/knowledge/10_誕生日もの.md）,True
0926,誕生色,薄色,うすいろ／#A89DAC／淡い紫。稲光のなごりをそっと残す秋の夕空（雷乃収声にちなむ）,当サイト独自の選び方（七十二候にちなむ日本の伝統色。work/knowledge/10_誕生日もの.md）・色の値：https://www.colordic.org/colorsample/2040,True
0926,誕生日石,マラカイト,デーカンの支配星・金星の石。孔雀の羽のような縞を持ち、古代エジプトでは魔よけとして身につけたと伝わる。,当サイト独自の選び方（誕生石・デーカンの支配星・誕生色から、販売されている石。work/knowledge/10_誕生日もの.md）・販売例：https://item.rakuten.co.jp/auc-hinryo/c/0000000182/,True
0926,誕生花,イチイ,花ことば：高尚,一般財団法人日本花普及センター「誕生花・花ことば366」（長野県 https://www.pref.nagano.lg.jp/enchiku/sangyo/nogyo/engei-suisan/kaki/documents/hanakotoba.pdf・source/birthday/hanakotoba.pdf を2回読み比べて書き起こし）,True
0926,記念日・できごと（できごと）,ワープロの日,1978年。日本語ワードプロセッサーが初めて発表された日にちなむ,https://netlab.click/todayis/0926,True
0926,記念日・できごと（旬）,旬：いちじく,やわらかく甘いいちじくが店先に並ぶ、秋口の果物,,False
0926,記念日・できごと（記念日）,くつろぎの日,忙しい毎日の中で、ほっとくつろぐ時間を大切にしようという日。,https://netlab.click/todayis/0926,True
0927,誕生石（月）,サファイア・クンツァイト,,全国宝石卸商協同組合 2021年12月改定（デイリースポーツ https://www.daily.co.jp/society/life/2021/12/20/0014929848.shtml ほか。work/knowledge/10_誕生日もの.md）,True
0927,誕生色,葡萄鼠,ぶどうねずみ／#705B67／赤紫を帯びた鼠色。雷が鳴りをひそめた重い雲（雷乃収声にちなむ）,当サイト独自の選び方（七十二候にちなむ日本の伝統色。work/knowledge/10_誕生日もの.md）・色の値：https://www.colordic.org/colorsample/2032,True
0927,誕生日石,ヘマタイト,誕生色（葡萄鼠）に近い灰系。粉にすると赤くなる鉄の鉱物で、古代の戦士が身を守るお守りにしたと伝わる。,当サイト独自の選び方（誕生石・デーカンの支配星・誕生色から、販売されている石。work/knowledge/10_誕生日もの.md）・販売例：https://www.creema.jp/item/16278090/detail,True
0927,誕生花,トレニア,花ことば：可憐,一般財団法人日本花普及センター「誕生花・花ことば366」（長野県 https://www.pref.nagano.lg.jp/enchiku/sangyo/nogyo/engei-suisan/kaki/documents/hanakotoba.pdf・source/birthday/hanakotoba.pdf を2回読み比べて書き起こし）,True
0927,記念日・できごと（記念日）,世界観光の日,旅と観光が人や文化をつなぐことを広く伝える国際デー,https://netlab.click/todayis/0927,True
0927,記念日・できごと（できごと）,女性ドライバーの日,1917年。日本で初めて女性に自動車の運転免許が交付された日にちなむ,https://netlab.click/todayis/0927,True
0928,誕生石（月）,サファイア・クンツァイト,,全国宝石卸商協同組合 2021年12月改定（デイリースポーツ https://www.daily.co.jp/society/life/2021/12/20/0014929848.shtml ほか。work/knowledge/10_誕生日もの.md）,True
0928,誕生色,丁子茶,ちょうじちゃ／#B4866B／丁子で染めた茶色。冬支度を整える温かな巣の色（蟄虫坏戸にちなむ）,当サイト独自の選び方（七十二候にちなむ日本の伝統色。work/knowledge/10_誕生日もの.md）・色の値：https://www.colordic.org/w,True
0928,誕生日石,オレンジカルサイト,誕生色（丁子茶）に近い橙系。明るい橙色から、元気と創造する喜びを呼び覚ます石と言われる。,当サイト独自の選び方（誕生石・デーカンの支配星・誕生色から、販売されている石。work/knowledge/10_誕生日もの.md）・販売例：https://store.karatz.jp/products/12515372,True
0928,誕生花,フジバカマ,花ことば：あの日を思い出す,一般財団法人日本花普及センター「誕生花・花ことば366」（長野県 https://www.pref.nagano.lg.jp/enchiku/sangyo/nogyo/engei-suisan/kaki/documents/hanakotoba.pdf・source/birthday/hanakotoba.pdf を2回読み比べて書き起こし）,True
0928,記念日・できごと（できごと）,パソコン記念日,1979年。パソコンの普及を後押しした国産機が発売されたことにちなむ日。,https://netlab.click/todayis/0928,True
0928,記念日・できごと（旬）,旬：落花生,掘りたての落花生をゆでて味わえる、収穫の季節,,False
0929,誕生石（月）,サファイア・クンツァイト,,全国宝石卸商協同組合 2021年12月改定（デイリースポーツ https://www.daily.co.jp/society/life/2021/12/20/0014929848.shtml ほか。work/knowledge/10_誕生日もの.md）,True
0929,誕生色,焦茶,こげちゃ／#6F4B3E／焦げたような濃い茶。冬ごもりする土の中の暗さ（蟄虫坏戸にちなむ）,当サイト独自の選び方（七十二候にちなむ日本の伝統色。work/knowledge/10_誕生日もの.md）・色の値：https://www.colordic.org/colorsample/2269,True
0929,誕生日石,ブロンザイト,誕生色（焦茶）に近い茶系。青銅のような光沢を持ち、自信と落ち着きを与える石と言われる。,当サイト独自の選び方（誕生石・デーカンの支配星・誕生色から、販売されている石。work/knowledge/10_誕生日もの.md）・販売例：https://store.shopping.yahoo.co.jp/lucky365shop/2da5a5ade56.html,True
0929,誕生花,ススキ,花ことば：悔いなき青春,一般財団法人日本花普及センター「誕生花・花ことば366」（長野県 https://www.pref.nagano.lg.jp/enchiku/sangyo/nogyo/engei-suisan/kaki/documents/hanakotoba.pdf・source/birthday/hanakotoba.pdf を2回読み比べて書き起こし）,True
0929,記念日・できごと（記念日）,招き猫の日,「く(9)る(2)ふ(9)く」の語呂。福を呼ぶ招き猫に親しむ日,https://zatsuneta.com/archives/109293.html,True
0929,記念日・できごと（記念日）,クリーニングの日,9と29の語呂から。衣替えに合わせて服を手入れする日,,False
0929,記念日・できごと（記念日）,洋菓子の日,フランスで菓子職人の守り神とされる聖人の祝日にちなむ、洋菓子を楽しむ日。,https://zatsuneta.com/archives/109294.html,True
0930,誕生石（月）,サファイア・クンツァイト,,全国宝石卸商協同組合 2021年12月改定（デイリースポーツ https://www.daily.co.jp/society/life/2021/12/20/0014929848.shtml ほか。work/knowledge/10_誕生日もの.md）,True
0930,誕生色,土器色,かわらけいろ／#C37854／素焼きの土器の色。虫がふさぐ土の戸を思わせる（蟄虫坏戸にちなむ）,当サイト独自の選び方（七十二候にちなむ日本の伝統色。work/knowledge/10_誕生日もの.md）・色の値：https://www.colordic.org/colorsample/2209,True
0930,誕生日石,トパーズ,誕生色（土器色）に近い橙系。名は『探し求める』の意とも言われ、希望や友情、誠実さの象徴とされる。,当サイト独自の選び方（誕生石・デーカンの支配星・誕生色から、販売されている石。work/knowledge/10_誕生日もの.md）・販売例：https://item.rakuten.co.jp/tanodiamond/c/0000000596/,True
0930,誕生花,シュウメイギク,花ことば：多感なとき,一般財団法人日本花普及センター「誕生花・花ことば366」（長野県 https://www.pref.nagano.lg.jp/enchiku/sangyo/nogyo/engei-suisan/kaki/documents/hanakotoba.pdf・source/birthday/hanakotoba.pdf を2回読み比べて書き起こし）,True
0930,記念日・できごと（記念日）,世界翻訳の日,言葉の壁をこえて人と文化をつなぐ翻訳者をたたえる国際デー,https://netlab.click/todayis/0930,True
0930,記念日・できごと（記念日）,くるみの日,「く(9)るみ(3)のまる(0)」の語呂から、栄養豊かなくるみを味わう日。,https://netlab.click/todayis/0930,True
1001,誕生石（月）,オパール・トルマリン,,全国宝石卸商協同組合 2021年12月改定（デイリースポーツ https://www.daily.co.jp/society/life/2021/12/20/0014929848.shtml ほか。work/knowledge/10_誕生日もの.md）,True
1001,誕生色,涅色,くりいろ／#554738／川底の黒い泥の色。虫たちの眠る湿った土の色（蟄虫坏戸にちなむ）,当サイト独自の選び方（七十二候にちなむ日本の伝統色。work/knowledge/10_誕生日もの.md）・色の値：https://www.colordic.org/colorsample/2219,True
1001,誕生日石,トルマリン,10月の誕生石。温めると電気を帯びる性質があり、色の豊かさから才能や個性を引き出す石と言われる。,当サイト独自の選び方（誕生石・デーカンの支配星・誕生色から、販売されている石。work/knowledge/10_誕生日もの.md）・販売例：https://store.karatz.jp/en/collections/tourmaline,True
1001,誕生花,ハギ,花ことば：前向きな恋,一般財団法人日本花普及センター「誕生花・花ことば366」（長野県 https://www.pref.nagano.lg.jp/enchiku/sangyo/nogyo/engei-suisan/kaki/documents/hanakotoba.pdf・source/birthday/hanakotoba.pdf を2回読み比べて書き起こし）,True
1001,記念日・できごと（できごと）,東海道新幹線が開業,1964年。東京と新大阪を結ぶ夢の超特急が走り始めた日,,False
1001,記念日・できごと（記念日）,コーヒーの日,コーヒー豆の新年度が始まる日。一杯の香りでひと息つく日,https://netlab.click/todayis/1001,True
1001,記念日・できごと（記念日）,都民の日,東京都の前身・東京市の誕生にちなむ、都民のための日,https://netlab.click/todayis/1001,True
1002,誕生石（月）,オパール・トルマリン,,全国宝石卸商協同組合 2021年12月改定（デイリースポーツ https://www.daily.co.jp/society/life/2021/12/20/0014929848.shtml ほか。work/knowledge/10_誕生日もの.md）,True
1002,誕生色,丁子茶,ちょうじちゃ／#B4866B／丁子で染めた茶色。冬支度を整える温かな巣の色（蟄虫坏戸にちなむ）,当サイト独自の選び方（七十二候にちなむ日本の伝統色。work/knowledge/10_誕生日もの.md）・色の値：https://www.colordic.org/w,True
1002,誕生日石,サンストーン,誕生色（丁子茶）に近い橙系。太陽のきらめきを閉じ込めたような石で、前向きな気持ちや自信を呼ぶと言われる。,当サイト独自の選び方（誕生石・デーカンの支配星・誕生色から、販売されている石。work/knowledge/10_誕生日もの.md）・販売例：https://item.rakuten.co.jp/auc-hinryo/c/0000000145/,True
1002,誕生花,ヘレニウム,花ことば：寛容な心,一般財団法人日本花普及センター「誕生花・花ことば366」（長野県 https://www.pref.nagano.lg.jp/enchiku/sangyo/nogyo/engei-suisan/kaki/documents/hanakotoba.pdf・source/birthday/hanakotoba.pdf を2回読み比べて書き起こし）,True
1002,記念日・できごと（記念日）,豆腐の日,「とう(10)ふ(2)」の語呂。毎日の食卓を支える豆腐を味わう日,https://netlab.click/todayis/1002,True
1002,記念日・できごと（できごと）,望遠鏡の日,1608年。オランダで望遠鏡の特許が申請された日にちなむ,,False
1002,記念日・できごと（記念日）,とんこつラーメンの日,福岡・久留米のラーメン店の会が「とん(10)こつ(2)」の語呂から定めた日。,https://netlab.click/todayis/1002,True
1003,誕生石（月）,オパール・トルマリン,,全国宝石卸商協同組合 2021年12月改定（デイリースポーツ https://www.daily.co.jp/society/life/2021/12/20/0014929848.shtml ほか。work/knowledge/10_誕生日もの.md）,True
1003,誕生色,枯草色,かれくさいろ／#E4DC8A／枯れた草の淡い黄。水を抜いて乾いていく田の色（水始涸にちなむ）,当サイト独自の選び方（七十二候にちなむ日本の伝統色。work/knowledge/10_誕生日もの.md）・色の値：https://www.colordic.org/w,True
1003,誕生日石,トルマリン,10月の誕生石。温めると電気を帯びる性質があり、色の豊かさから才能や個性を引き出す石と言われる。,当サイト独自の選び方（誕生石・デーカンの支配星・誕生色から、販売されている石。work/knowledge/10_誕生日もの.md）・販売例：https://store.karatz.jp/en/collections/tourmaline,True
1003,誕生花,シオン,花ことば：ご機嫌よう,一般財団法人日本花普及センター「誕生花・花ことば366」（長野県 https://www.pref.nagano.lg.jp/enchiku/sangyo/nogyo/engei-suisan/kaki/documents/hanakotoba.pdf・source/birthday/hanakotoba.pdf を2回読み比べて書き起こし）,True
1003,記念日・できごと（記念日）,登山の日,1992年。「と(10)ざん(3)」の語呂。山の魅力と安全な山歩きを考える日,https://zatsuneta.com/archives/110031.html,True
1003,記念日・できごと（旬）,旬：柿,色づいた柿が実る季節。甘くて栄養たっぷりの秋の果物,,False
1004,誕生石（月）,オパール・トルマリン,,全国宝石卸商協同組合 2021年12月改定（デイリースポーツ https://www.daily.co.jp/society/life/2021/12/20/0014929848.shtml ほか。work/knowledge/10_誕生日もの.md）,True
1004,誕生色,砥粉色,とのこいろ／#F4DDA5／砥石の粉のような淡い茶。水が引いた田の土の色（水始涸にちなむ）,当サイト独自の選び方（七十二候にちなむ日本の伝統色。work/knowledge/10_誕生日もの.md）・色の値：https://www.colordic.org/colorsample/2172,True
1004,誕生日石,アマゾナイト,デーカンの支配星・天王星の石。アマゾン川にちなむ名を持ち、希望と自由な発想をもたらす石と言われる。,当サイト独自の選び方（誕生石・デーカンの支配星・誕生色から、販売されている石。work/knowledge/10_誕生日もの.md）・販売例：https://www.creema.jp/item/7350471/detail,True
1004,誕生花,レースフラワー,花ことば：細やかな愛情,一般財団法人日本花普及センター「誕生花・花ことば366」（長野県 https://www.pref.nagano.lg.jp/enchiku/sangyo/nogyo/engei-suisan/kaki/documents/hanakotoba.pdf・source/birthday/hanakotoba.pdf を2回読み比べて書き起こし）,True
1004,記念日・できごと（記念日）,イワシの日,1985年。「い(1)わ(0)し(4)」の語呂。身近な魚の栄養とおいしさを知る日,https://zatsuneta.com/archives/110041.html,True
1004,記念日・できごと（記念日）,天使の日,「テン(10)シ(4)」の語呂から。やさしい心を思い出す日,https://zatsuneta.com/archives/a1004.html,True
1005,誕生石（月）,オパール・トルマリン,,全国宝石卸商協同組合 2021年12月改定（デイリースポーツ https://www.daily.co.jp/society/life/2021/12/20/0014929848.shtml ほか。work/knowledge/10_誕生日もの.md）,True
1005,誕生色,枯野色,かれのいろ／#D3CBC6／枯れ野の灰みの色。水が涸れて静まった田の風景（水始涸にちなむ）,当サイト独自の選び方（七十二候にちなむ日本の伝統色。work/knowledge/10_誕生日もの.md）・色の値：https://www.colordic.org/colorsample/2329,True
1005,誕生日石,ラブラドライト,デーカンの支配星・天王星の石・誕生色（枯野色）に近い灰系。角度で青や金に光り、カナダの先住民にはオーロラが閉じ込められた石と伝わる。直感の石とされる。,当サイト独自の選び方（誕生石・デーカンの支配星・誕生色から、販売されている石。work/knowledge/10_誕生日もの.md）・販売例：https://www.creema.jp/item/16248173/detail,True
1005,誕生花,チョウセンアサガオ,花ことば：愛敬,一般財団法人日本花普及センター「誕生花・花ことば366」（長野県 https://www.pref.nagano.lg.jp/enchiku/sangyo/nogyo/engei-suisan/kaki/documents/hanakotoba.pdf・source/birthday/hanakotoba.pdf を2回読み比べて書き起こし）,True
1005,記念日・できごと（できごと）,時刻表記念日,1894年。日本で初めて本格的な時刻表が発行された日にちなむ,,False
1005,記念日・できごと（旬）,旬：さつまいも,ほくほくのさつまいもが掘られる季節。焼きいもが恋しくなる,,False
1006,誕生石（月）,オパール・トルマリン,,全国宝石卸商協同組合 2021年12月改定（デイリースポーツ https://www.daily.co.jp/society/life/2021/12/20/0014929848.shtml ほか。work/knowledge/10_誕生日もの.md）,True
1006,誕生色,香色,こういろ／#EFCD9A／香木で染めた淡い黄茶。実りを収める前の穏やかさ（水始涸にちなむ）,当サイト独自の選び方（七十二候にちなむ日本の伝統色。work/knowledge/10_誕生日もの.md）・色の値：https://www.colordic.org/colorsample/2178,True
1006,誕生日石,トルマリン,10月の誕生石。温めると電気を帯びる性質があり、色の豊かさから才能や個性を引き出す石と言われる。,当サイト独自の選び方（誕生石・デーカンの支配星・誕生色から、販売されている石。work/knowledge/10_誕生日もの.md）・販売例：https://store.karatz.jp/en/collections/tourmaline,True
1006,誕生花,コスモス(赤),花ことば：調和,一般財団法人日本花普及センター「誕生花・花ことば366」（長野県 https://www.pref.nagano.lg.jp/enchiku/sangyo/nogyo/engei-suisan/kaki/documents/hanakotoba.pdf・source/birthday/hanakotoba.pdf を2回読み比べて書き起こし）,True
1006,記念日・できごと（できごと）,国際協力の日,1954年。日本が途上国支援の枠組みに加わり、国際協力を始めた日,https://zatsuneta.com/archives/a1006.html,True
1006,記念日・できごと（旬）,旬：新そば,秋に収穫したそば粉で打つ新そば。香りが格別の季節,,False
1007,誕生石（月）,オパール・トルマリン,,全国宝石卸商協同組合 2021年12月改定（デイリースポーツ https://www.daily.co.jp/society/life/2021/12/20/0014929848.shtml ほか。work/knowledge/10_誕生日もの.md）,True
1007,誕生色,枯野色,かれのいろ／#D3CBC6／枯れ野の灰みの色。水が涸れて静まった田の風景（水始涸にちなむ）,当サイト独自の選び方（七十二候にちなむ日本の伝統色。work/knowledge/10_誕生日もの.md）・色の値：https://www.colordic.org/colorsample/2329,True
1007,誕生日石,アパタイト,デーカンの支配星・天王星の石。ほかの鉱物と間違われやすいことから『惑わす』の意の名を持ち、目標へ向かう意欲を高める石と言われる。,当サイト独自の選び方（誕生石・デーカンの支配星・誕生色から、販売されている石。work/knowledge/10_誕生日もの.md）・販売例：https://www.creema.jp/item/16207008/detail,True
1007,誕生花,チョロギ,花ことば：楽しい人生,一般財団法人日本花普及センター「誕生花・花ことば366」（長野県 https://www.pref.nagano.lg.jp/enchiku/sangyo/nogyo/engei-suisan/kaki/documents/hanakotoba.pdf・source/birthday/hanakotoba.pdf を2回読み比べて書き起こし）,True
1007,記念日・できごと（行事）,長崎くんち,毎年10月7日から9日に行われる長崎の秋祭り。豪快な奉納踊りが見どころ,,False
1007,記念日・できごと（できごと）,バーコードの日,1952年。バーコードの特許がアメリカで認められた日にちなむ,,False
1008,誕生石（月）,オパール・トルマリン,,全国宝石卸商協同組合 2021年12月改定（デイリースポーツ https://www.daily.co.jp/society/life/2021/12/20/0014929848.shtml ほか。work/knowledge/10_誕生日もの.md）,True
1008,誕生色,空色,そらいろ／#A0D8EF／晴れた空の色。雁が列をなして渡ってくる秋空（鴻雁来にちなむ）,当サイト独自の選び方（七十二候にちなむ日本の伝統色。work/knowledge/10_誕生日もの.md）・色の値：https://www.colordic.org/colorsample/2089,True
1008,誕生日石,アクアマリン,デーカンの支配星・天王星の石・誕生色（空色）に近い青系。海の水の名を持ち、船乗りが航海の無事を祈った石と伝わる。穏やかな心と幸せな結婚の象徴とされる。,当サイト独自の選び方（誕生石・デーカンの支配星・誕生色から、販売されている石。work/knowledge/10_誕生日もの.md）・販売例：https://wowma.jp/item/319959950,True
1008,誕生花,ガーベラ(橙),花ことば：神秘,一般財団法人日本花普及センター「誕生花・花ことば366」（長野県 https://www.pref.nagano.lg.jp/enchiku/sangyo/nogyo/engei-suisan/kaki/documents/hanakotoba.pdf・source/birthday/hanakotoba.pdf を2回読み比べて書き起こし）,True
1008,記念日・できごと（記念日）,木の日,1977年。「十」と「八」を組み合わせると「木」。木と暮らしのつながりを考える日,https://zatsuneta.com/archives/110084.html,True
1008,記念日・できごと（記念日）,骨と関節の日,「骨」の字が十と八に見えることから。体の土台をいたわる日,,False
1008,記念日・できごと（記念日）,足袋の日,着物の足元を引き立てる足袋に親しみ、和装の楽しさを見直す日。,https://netlab.click/todayis/1008,True
1009,誕生石（月）,オパール・トルマリン,,全国宝石卸商協同組合 2021年12月改定（デイリースポーツ https://www.daily.co.jp/society/life/2021/12/20/0014929848.shtml ほか。work/knowledge/10_誕生日もの.md）,True
1009,誕生色,天色,あまいろ／#2CA9E1／澄みわたる天の青。遠くの便りを運ぶ雁が飛ぶ空（鴻雁来にちなむ）,当サイト独自の選び方（七十二候にちなむ日本の伝統色。work/knowledge/10_誕生日もの.md）・色の値：https://www.colordic.org/w,True
1009,誕生日石,アマゾナイト,デーカンの支配星・天王星の石・誕生色（天色）に近い青系。アマゾン川にちなむ名を持ち、希望と自由な発想をもたらす石と言われる。,当サイト独自の選び方（誕生石・デーカンの支配星・誕生色から、販売されている石。work/knowledge/10_誕生日もの.md）・販売例：https://www.creema.jp/item/7350471/detail,True
1009,誕生花,ホトトギス,花ことば：永遠,一般財団法人日本花普及センター「誕生花・花ことば366」（長野県 https://www.pref.nagano.lg.jp/enchiku/sangyo/nogyo/engei-suisan/kaki/documents/hanakotoba.pdf・source/birthday/hanakotoba.pdf を2回読み比べて書き起こし）,True
1009,記念日・できごと（記念日）,世界郵便デー,万国郵便連合の設立を記念し、手紙が世界をつなぐことを伝える日,https://zatsuneta.com/archives/110092.html,True
1009,記念日・できごと（記念日）,トラックの日,1992年。「ト(10)ラック(9)」の語呂。物流を支えるトラックに感謝する日,https://zatsuneta.com/archives/110091.html,True
1009,記念日・できごと（記念日）,道具の日,「どう(10)ぐ(9)」の語呂。使い慣れた道具に感謝し手入れする日,,False
1010,誕生石（月）,オパール・トルマリン,,全国宝石卸商協同組合 2021年12月改定（デイリースポーツ https://www.daily.co.jp/society/life/2021/12/20/0014929848.shtml ほか。work/knowledge/10_誕生日もの.md）,True
1010,誕生色,納戸色,なんどいろ／#008899／深い青緑。雁が越えてくる北の海を思わせる色（鴻雁来にちなむ）,当サイト独自の選び方（七十二候にちなむ日本の伝統色。work/knowledge/10_誕生日もの.md）・色の値：https://www.colordic.org/colorsample/2078,True
1010,誕生日石,アパタイト,デーカンの支配星・天王星の石・誕生色（納戸色）に近い青系。ほかの鉱物と間違われやすいことから『惑わす』の意の名を持ち、目標へ向かう意欲を高める石と言われる。,当サイト独自の選び方（誕生石・デーカンの支配星・誕生色から、販売されている石。work/knowledge/10_誕生日もの.md）・販売例：https://www.creema.jp/item/16207008/detail,True
1010,誕生花,ジュズダマ,花ことば：成し遂げられる思い,一般財団法人日本花普及センター「誕生花・花ことば366」（長野県 https://www.pref.nagano.lg.jp/enchiku/sangyo/nogyo/engei-suisan/kaki/documents/hanakotoba.pdf・source/birthday/hanakotoba.pdf を2回読み比べて書き起こし）,True
1010,記念日・できごと（できごと）,東京オリンピック開会式,1964年。アジア初のオリンピックが東京で開幕した日,,False
1010,記念日・できごと（記念日）,目の愛護デー,10と10を横に倒すと眉と目に見えることから。目を大切にする日,https://zatsuneta.com/archives/110101.html,True
1010,記念日・できごと（記念日）,銭湯の日,「せん(1010)とう」の語呂。広い湯船でゆったり温まる日,https://zatsuneta.com/archives/110104.html,True
1011,誕生石（月）,オパール・トルマリン,,全国宝石卸商協同組合 2021年12月改定（デイリースポーツ https://www.daily.co.jp/society/life/2021/12/20/0014929848.shtml ほか。work/knowledge/10_誕生日もの.md）,True
1011,誕生色,舛花色,ますはないろ／#5B7E91／灰みの青。雁が渡る夕暮れの少し曇った空の色（鴻雁来にちなむ）,当サイト独自の選び方（七十二候にちなむ日本の伝統色。work/knowledge/10_誕生日もの.md）・色の値：https://www.colordic.org/colorsample/2405,True
1011,誕生日石,アクアマリン,デーカンの支配星・天王星の石・誕生色（舛花色）に近い青系。海の水の名を持ち、船乗りが航海の無事を祈った石と伝わる。穏やかな心と幸せな結婚の象徴とされる。,当サイト独自の選び方（誕生石・デーカンの支配星・誕生色から、販売されている石。work/knowledge/10_誕生日もの.md）・販売例：https://wowma.jp/item/319959950,True
1011,誕生花,コリウス,花ことば：恋の望み,一般財団法人日本花普及センター「誕生花・花ことば366」（長野県 https://www.pref.nagano.lg.jp/enchiku/sangyo/nogyo/engei-suisan/kaki/documents/hanakotoba.pdf・source/birthday/hanakotoba.pdf を2回読み比べて書き起こし）,True
1011,記念日・できごと（記念日）,ウインクの日,1011を横から見るとウインクしている顔に見えることから,https://netlab.click/todayis/1011,True
1011,記念日・できごと（旬）,旬：りんご,赤く色づいた秋りんごが出回る時期。甘酸っぱさが魅力,,False
1011,記念日・できごと（記念日）,国際ガールズ・デー,世界の女の子たちが夢を持って学び、生きられるよう応援する国際デー。,https://netlab.click/todayis/1011,True
1012,誕生石（月）,オパール・トルマリン,,全国宝石卸商協同組合 2021年12月改定（デイリースポーツ https://www.daily.co.jp/society/life/2021/12/20/0014929848.shtml ほか。work/knowledge/10_誕生日もの.md）,True
1012,誕生色,灰茶,はいちゃ／#98623C／灰みの茶。雁の羽のくすんだ茶色にちなむ色（鴻雁来にちなむ）,当サイト独自の選び方（七十二候にちなむ日本の伝統色。work/knowledge/10_誕生日もの.md）・色の値：https://www.colordic.org/w,True
1012,誕生日石,トルマリン,10月の誕生石。温めると電気を帯びる性質があり、色の豊かさから才能や個性を引き出す石と言われる。,当サイト独自の選び方（誕生石・デーカンの支配星・誕生色から、販売されている石。work/knowledge/10_誕生日もの.md）・販売例：https://store.karatz.jp/en/collections/tourmaline,True
1012,誕生花,ガーベラ(黄),花ことば：究極美,一般財団法人日本花普及センター「誕生花・花ことば366」（長野県 https://www.pref.nagano.lg.jp/enchiku/sangyo/nogyo/engei-suisan/kaki/documents/hanakotoba.pdf・source/birthday/hanakotoba.pdf を2回読み比べて書き起こし）,True
1012,記念日・できごと（記念日）,豆乳の日,大豆からできる豆乳の良さを伝え、毎日の習慣にしようという日,https://zatsuneta.com/category/anniversary10.html,True
1012,記念日・できごと（旬）,旬：かぶ,やわらかく甘い秋かぶが出始める時期。煮ても漬けてもおいしい,,False
1013,誕生石（月）,オパール・トルマリン,,全国宝石卸商協同組合 2021年12月改定（デイリースポーツ https://www.daily.co.jp/society/life/2021/12/20/0014929848.shtml ほか。work/knowledge/10_誕生日もの.md）,True
1013,誕生色,麹塵,きくじん／#6E7955／天皇の袍の灰緑。気品と格式を備えた菊の葉の色（菊花開にちなむ）,当サイト独自の選び方（七十二候にちなむ日本の伝統色。work/knowledge/10_誕生日もの.md）・色の値：https://www.colordic.org/colorsample/2117,True
1013,誕生日石,モスアゲート,誕生色（麹塵）に近い緑系。苔のような模様を持ち、農夫が豊作を祈って身につけたと伝わる。成長と実りの石とされる。,当サイト独自の選び方（誕生石・デーカンの支配星・誕生色から、販売されている石。work/knowledge/10_誕生日もの.md）・販売例：https://www.creema.jp/item/19291708/detail,True
1013,誕生花,アカンサス,花ことば：巧みさ,一般財団法人日本花普及センター「誕生花・花ことば366」（長野県 https://www.pref.nagano.lg.jp/enchiku/sangyo/nogyo/engei-suisan/kaki/documents/hanakotoba.pdf・source/birthday/hanakotoba.pdf を2回読み比べて書き起こし）,True
1013,記念日・できごと（記念日）,サツマイモの日,「栗(九里)より(四里)うまい十三里」にちなむ、焼きいもを味わう日,https://zatsuneta.com/category/anniversary10.html,True
1013,記念日・できごと（できごと）,麻酔の日,1804年。華岡青洲が全身麻酔による手術に世界で初めて成功した日にちなむ,,False
1014,誕生石（月）,オパール・トルマリン,,全国宝石卸商協同組合 2021年12月改定（デイリースポーツ https://www.daily.co.jp/society/life/2021/12/20/0014929848.shtml ほか。work/knowledge/10_誕生日もの.md）,True
1014,誕生色,古代紫,こだいむらさき／#895B8A／くすんだ紫。高貴の象徴である菊の御紋に通じる色（菊花開にちなむ）,当サイト独自の選び方（七十二候にちなむ日本の伝統色。work/knowledge/10_誕生日もの.md）・色の値：https://www.colordic.org/colorsample/2039,True
1014,誕生日石,オパール,10月の誕生石・デーカンの支配星・水星の石。虹のような遊色を持ち、ローマではあらゆる宝石の美しさを併せ持つ石とたたえられた。希望の石とされる。,当サイト独自の選び方（誕生石・デーカンの支配星・誕生色から、販売されている石。work/knowledge/10_誕生日もの.md）・販売例：https://store.karatz.jp/products/12525814,True
1014,誕生花,コスモス(白),花ことば：美麗,一般財団法人日本花普及センター「誕生花・花ことば366」（長野県 https://www.pref.nagano.lg.jp/enchiku/sangyo/nogyo/engei-suisan/kaki/documents/hanakotoba.pdf・source/birthday/hanakotoba.pdf を2回読み比べて書き起こし）,True
1014,記念日・できごと（できごと）,鉄道の日,1872年。新橋と横浜の間に、日本初の鉄道が開業した日,https://zatsuneta.com/archives/110141.html,True
1014,記念日・できごと（旬）,旬：ぎんなん,黄葉したいちょうの下で実るぎんなん。茶わん蒸しの名脇役,,False
1014,記念日・できごと（記念日）,くまのプーさん原作デビューの日,世界中で愛されるくまのプーさんが、物語の本で初めて世に出たことにちなむ日。,https://zatsuneta.com/archives/110144.html,True
1015,誕生石（月）,オパール・トルマリン,,全国宝石卸商協同組合 2021年12月改定（デイリースポーツ https://www.daily.co.jp/society/life/2021/12/20/0014929848.shtml ほか。work/knowledge/10_誕生日もの.md）,True
1015,誕生色,支子色,くちなしいろ／#FBCA4D／梔子の実で染めた黄。菊の花びらの温かな黄色（菊花開にちなむ）,当サイト独自の選び方（七十二候にちなむ日本の伝統色。work/knowledge/10_誕生日もの.md）・色の値：https://www.colordic.org/colorsample/2170,True
1015,誕生日石,アゲート,デーカンの支配星・水星の石。縞模様の美しい石で、古代から護符に使われ、心身の調和を保つ石とされる。,当サイト独自の選び方（誕生石・デーカンの支配星・誕生色から、販売されている石。work/knowledge/10_誕生日もの.md）・販売例：https://minne.com/items/36978931,True
1015,誕生花,クレオメ,花ことば：小さな愛,一般財団法人日本花普及センター「誕生花・花ことば366」（長野県 https://www.pref.nagano.lg.jp/enchiku/sangyo/nogyo/engei-suisan/kaki/documents/hanakotoba.pdf・source/birthday/hanakotoba.pdf を2回読み比べて書き起こし）,True
1015,記念日・できごと（記念日）,きのこの日,きのこの消費が増える秋に、その魅力と栄養を知ってもらう日,https://netlab.click/todayis/1015,True
1015,記念日・できごと（記念日）,世界手洗いの日,正しい手洗いの大切さを世界に広める国際デー,https://netlab.click/todayis/1015,True
1016,誕生石（月）,オパール・トルマリン,,全国宝石卸商協同組合 2021年12月改定（デイリースポーツ https://www.daily.co.jp/society/life/2021/12/20/0014929848.shtml ほか。work/knowledge/10_誕生日もの.md）,True
1016,誕生色,麹塵,きくじん／#6E7955／天皇の袍の灰緑。気品と格式を備えた菊の葉の色（菊花開にちなむ）,当サイト独自の選び方（七十二候にちなむ日本の伝統色。work/knowledge/10_誕生日もの.md）・色の値：https://www.colordic.org/colorsample/2117,True
1016,誕生日石,ガーデンクォーツ,誕生色（麹塵）に近い緑系。水晶の中に苔や庭のような景色が閉じ込められ、豊かさと繁栄を表す石とされる。,当サイト独自の選び方（誕生石・デーカンの支配星・誕生色から、販売されている石。work/knowledge/10_誕生日もの.md）・販売例：https://item.rakuten.co.jp/tesorocoltd/gs-sp-5924/,True
1016,誕生花,マリーゴールド(橙),花ことば：真心,一般財団法人日本花普及センター「誕生花・花ことば366」（長野県 https://www.pref.nagano.lg.jp/enchiku/sangyo/nogyo/engei-suisan/kaki/documents/hanakotoba.pdf・source/birthday/hanakotoba.pdf を2回読み比べて書き起こし）,True
1016,記念日・できごと（記念日）,世界食料デー,世界の食べものの問題を考え、食の大切さを見直す国際デー,https://netlab.click/todayis/1016,True
1016,記念日・できごと（記念日）,ボスの日,日ごろお世話になっている上司に、感謝の気持ちを伝える日,https://netlab.click/todayis/1016,True
1017,誕生石（月）,オパール・トルマリン,,全国宝石卸商協同組合 2021年12月改定（デイリースポーツ https://www.daily.co.jp/society/life/2021/12/20/0014929848.shtml ほか。work/knowledge/10_誕生日もの.md）,True
1017,誕生色,古代紫,こだいむらさき／#895B8A／くすんだ紫。高貴の象徴である菊の御紋に通じる色（菊花開にちなむ）,当サイト独自の選び方（七十二候にちなむ日本の伝統色。work/knowledge/10_誕生日もの.md）・色の値：https://www.colordic.org/colorsample/2039,True
1017,誕生日石,フローライト,デーカンの支配星・水星の石・誕生色（古代紫）に近い紫系。『天才の石』とも呼ばれ、考えを整理し、集中を助ける石と言われる。,当サイト独自の選び方（誕生石・デーカンの支配星・誕生色から、販売されている石。work/knowledge/10_誕生日もの.md）・販売例：https://www.creema.jp/item/21087266/detail,True
1017,誕生花,フヨウ,花ことば：繊細美,一般財団法人日本花普及センター「誕生花・花ことば366」（長野県 https://www.pref.nagano.lg.jp/enchiku/sangyo/nogyo/engei-suisan/kaki/documents/hanakotoba.pdf・source/birthday/hanakotoba.pdf を2回読み比べて書き起こし）,True
1017,記念日・できごと（できごと）,沖縄そばの日,1978年。「沖縄そば」の名前が正式に認められた日にちなむ,https://netlab.click/todayis/1017,True
1017,記念日・できごと（記念日）,貯蓄の日,実りに感謝する季節に、お金の使い方とためることを考える日,,False
1018,誕生石（月）,オパール・トルマリン,,全国宝石卸商協同組合 2021年12月改定（デイリースポーツ https://www.daily.co.jp/society/life/2021/12/20/0014929848.shtml ほか。work/knowledge/10_誕生日もの.md）,True
1018,誕生色,蒸栗色,むしくりいろ／#EBE1A9／蒸した栗の淡い黄。こおろぎが鳴く夜の灯りの色（蟋蟀在戸にちなむ）,当サイト独自の選び方（七十二候にちなむ日本の伝統色。work/knowledge/10_誕生日もの.md）・色の値：https://www.colordic.org/colorsample/2415,True
1018,誕生日石,オパール,10月の誕生石・デーカンの支配星・水星の石。虹のような遊色を持ち、ローマではあらゆる宝石の美しさを併せ持つ石とたたえられた。希望の石とされる。,当サイト独自の選び方（誕生石・デーカンの支配星・誕生色から、販売されている石。work/knowledge/10_誕生日もの.md）・販売例：https://store.karatz.jp/products/12525814,True
1018,誕生花,ミソハギ,花ことば：純真な愛情,一般財団法人日本花普及センター「誕生花・花ことば366」（長野県 https://www.pref.nagano.lg.jp/enchiku/sangyo/nogyo/engei-suisan/kaki/documents/hanakotoba.pdf・source/birthday/hanakotoba.pdf を2回読み比べて書き起こし）,True
1018,記念日・できごと（記念日）,冷凍食品の日,1986年。冷凍の目安マイナス18度と、冷凍の「とう(10)」から生まれた日,https://zatsuneta.com/archives/110182.html,True
1018,記念日・できごと（記念日）,統計の日,暮らしを支える統計の大切さを知ってもらうための日,https://zatsuneta.com/archives/110181.html,True
1018,記念日・できごと（できごと）,ミニスカートの日,1967年。ミニスカートで人気のモデルが来日し、ブームが一気に広がった日,,False
1019,誕生石（月）,オパール・トルマリン,,全国宝石卸商協同組合 2021年12月改定（デイリースポーツ https://www.daily.co.jp/society/life/2021/12/20/0014929848.shtml ほか。work/knowledge/10_誕生日もの.md）,True
1019,誕生色,狐色,きつねいろ／#C38743／狐の毛の茶色。囲炉裏端のこんがりとした温もり（蟋蟀在戸にちなむ）,当サイト独自の選び方（七十二候にちなむ日本の伝統色。work/knowledge/10_誕生日もの.md）・色の値：https://www.colordic.org/colorsample/2216,True
1019,誕生日石,アベンチュリン,デーカンの支配星・水星の石。きらめく緑から『幸運の石』と呼ばれ、穏やかさとチャンスを招くと言われる。,当サイト独自の選び方（誕生石・デーカンの支配星・誕生色から、販売されている石。work/knowledge/10_誕生日もの.md）・販売例：https://minne.com/items/16573062,True
1019,誕生花,アキノキリンソウ,花ことば：幸せな人生,一般財団法人日本花普及センター「誕生花・花ことば366」（長野県 https://www.pref.nagano.lg.jp/enchiku/sangyo/nogyo/engei-suisan/kaki/documents/hanakotoba.pdf・source/birthday/hanakotoba.pdf を2回読み比べて書き起こし）,True
1019,記念日・できごと（できごと）,バーゲンの日,1895年。大阪の呉服店が、日本で初めて大売り出しを行った日にちなむ,https://netlab.click/todayis/1019,True
1019,記念日・できごと（旬）,旬：鮭いくら,秋の鮭から取れる、粒の大きな生いくらが味わえる季節,,False
1019,記念日・できごと（記念日）,海外旅行の日,見知らぬ国の街並みや食べものに思いをはせ、旅の計画を立てたくなる日。,https://netlab.click/todayis/1019,True
1020,誕生石（月）,オパール・トルマリン,,全国宝石卸商協同組合 2021年12月改定（デイリースポーツ https://www.daily.co.jp/society/life/2021/12/20/0014929848.shtml ほか。work/knowledge/10_誕生日もの.md）,True
1020,誕生色,榛色,はしばみいろ／#BFA46F／榛の実の黄みの茶。戸口の木の柱のような素朴さ（蟋蟀在戸にちなむ）,当サイト独自の選び方（七十二候にちなむ日本の伝統色。work/knowledge/10_誕生日もの.md）・色の値：https://www.colordic.org/colorsample/2342,True
1020,誕生日石,オパール,10月の誕生石・デーカンの支配星・水星の石。虹のような遊色を持ち、ローマではあらゆる宝石の美しさを併せ持つ石とたたえられた。希望の石とされる。,当サイト独自の選び方（誕生石・デーカンの支配星・誕生色から、販売されている石。work/knowledge/10_誕生日もの.md）・販売例：https://store.karatz.jp/products/12525814,True
1020,誕生花,ニシキギ,花ことば：あなたの定め,一般財団法人日本花普及センター「誕生花・花ことば366」（長野県 https://www.pref.nagano.lg.jp/enchiku/sangyo/nogyo/engei-suisan/kaki/documents/hanakotoba.pdf・source/birthday/hanakotoba.pdf を2回読み比べて書き起こし）,True
1020,記念日・できごと（記念日）,頭髪の日,「とう(10)はつ(20)」の語呂。髪と頭皮の健康を見直す日,https://zatsuneta.com/archives/110203.html,True
1020,記念日・できごと（記念日）,新聞広告の日,新聞週間にちなみ、新聞広告の役割を知ってもらう日,https://netlab.click/todayis/1020,True
1021,誕生石（月）,オパール・トルマリン,,全国宝石卸商協同組合 2021年12月改定（デイリースポーツ https://www.daily.co.jp/society/life/2021/12/20/0014929848.shtml ほか。work/knowledge/10_誕生日もの.md）,True
1021,誕生色,狐色,きつねいろ／#C38743／狐の毛の茶色。囲炉裏端のこんがりとした温もり（蟋蟀在戸にちなむ）,当サイト独自の選び方（七十二候にちなむ日本の伝統色。work/knowledge/10_誕生日もの.md）・色の値：https://www.colordic.org/colorsample/2216,True
1021,誕生日石,ソーダライト,デーカンの支配星・水星の石。深い青に白い筋が入り、理性的に考え、思いを言葉にするのを助ける石とされる。,当サイト独自の選び方（誕生石・デーカンの支配星・誕生色から、販売されている石。work/knowledge/10_誕生日もの.md）・販売例：https://www.creema.jp/item/7350471/detail,True
1021,誕生花,チトニア,花ことば：優美な仕種,一般財団法人日本花普及センター「誕生花・花ことば366」（長野県 https://www.pref.nagano.lg.jp/enchiku/sangyo/nogyo/engei-suisan/kaki/documents/hanakotoba.pdf・source/birthday/hanakotoba.pdf を2回読み比べて書き起こし）,True
1021,記念日・できごと（できごと）,あかりの日,1879年。エジソンの白熱電球が長時間ともり続けた日にちなむ,https://zatsuneta.com/archives/110211.html,True
1021,記念日・できごと（旬）,旬：れんこん,秋に掘られるシャキシャキのれんこん。見通しの良さの縁起物,,False
1022,誕生石（月）,オパール・トルマリン,,全国宝石卸商協同組合 2021年12月改定（デイリースポーツ https://www.daily.co.jp/society/life/2021/12/20/0014929848.shtml ほか。work/knowledge/10_誕生日もの.md）,True
1022,誕生色,榛色,はしばみいろ／#BFA46F／榛の実の黄みの茶。戸口の木の柱のような素朴さ（蟋蟀在戸にちなむ）,当サイト独自の選び方（七十二候にちなむ日本の伝統色。work/knowledge/10_誕生日もの.md）・色の値：https://www.colordic.org/colorsample/2342,True
1022,誕生日石,カーネリアン,デーカンの支配星・水星の石・誕生色（榛色）に近い橙系。古代エジプトで勇気の石とされ、行動する力や意欲を高めると言われる。,当サイト独自の選び方（誕生石・デーカンの支配星・誕生色から、販売されている石。work/knowledge/10_誕生日もの.md）・販売例：https://item.rakuten.co.jp/gravel/brac-amtw-or01/,True
1022,誕生花,コスモス(ピンク),花ことば：少女の純潔,一般財団法人日本花普及センター「誕生花・花ことば366」（長野県 https://www.pref.nagano.lg.jp/enchiku/sangyo/nogyo/engei-suisan/kaki/documents/hanakotoba.pdf・source/birthday/hanakotoba.pdf を2回読み比べて書き起こし）,True
1022,記念日・できごと（行事）,時代祭,京都・平安神宮の祭り。各時代の装いをした行列が都大路を進む,https://zatsuneta.com/category/anniversary10.html,True
1022,記念日・できごと（できごと）,パラシュートの日,1797年。フランスで人類初のパラシュート降下に成功した日にちなむ,,False
1022,記念日・できごと（記念日）,アニメの日,世界に愛される日本のアニメーション文化を、あらためて楽しむ日。,https://zatsuneta.com/category/anniversary10.html,True
1023,誕生石（月）,オパール・トルマリン,,全国宝石卸商協同組合 2021年12月改定（デイリースポーツ https://www.daily.co.jp/society/life/2021/12/20/0014929848.shtml ほか。work/knowledge/10_誕生日もの.md）,True
1023,誕生色,檜皮色,ひわだいろ／#965036／檜の樹皮の茶色。虫の声を聞く家の屋根の色（蟋蟀在戸にちなむ）,当サイト独自の選び方（七十二候にちなむ日本の伝統色。work/knowledge/10_誕生日もの.md）・色の値：https://www.colordic.org/colorsample/2256,True
1023,誕生日石,オパール,10月の誕生石・デーカンの支配星・水星の石。虹のような遊色を持ち、ローマではあらゆる宝石の美しさを併せ持つ石とたたえられた。希望の石とされる。,当サイト独自の選び方（誕生石・デーカンの支配星・誕生色から、販売されている石。work/knowledge/10_誕生日もの.md）・販売例：https://store.karatz.jp/products/12525814,True
1023,誕生花,ゼフィランサス,花ことば：純白の愛,一般財団法人日本花普及センター「誕生花・花ことば366」（長野県 https://www.pref.nagano.lg.jp/enchiku/sangyo/nogyo/engei-suisan/kaki/documents/hanakotoba.pdf・source/birthday/hanakotoba.pdf を2回読み比べて書き起こし）,True
1023,記念日・できごと（できごと）,電信電話記念日,1869年。横浜に電信機役所が置かれ、日本の電信の歩みが始まったことにちなむ日。,https://zatsuneta.com/archives/110231.html,True
1023,記念日・できごと（記念日）,津軽弁の日,津軽の言葉の味わいを、詩や語りで楽しむ日,https://netlab.click/todayis/1023,True
1024,誕生石（月）,オパール・トルマリン,,全国宝石卸商協同組合 2021年12月改定（デイリースポーツ https://www.daily.co.jp/society/life/2021/12/20/0014929848.shtml ほか。work/knowledge/10_誕生日もの.md）,True
1024,誕生色,錫色,すずいろ／#9EA1A3／錫のような灰色。霜で冷えきった空気の硬さ（霜始降にちなむ）,当サイト独自の選び方（七十二候にちなむ日本の伝統色。work/knowledge/10_誕生日もの.md）・色の値：https://www.colordic.org/w,True
1024,誕生日石,スモーキークォーツ,デーカンの支配星・冥王星の石・誕生色（錫色）に近い灰系。煙のような茶色の水晶で、心を落ち着かせ、地に足をつける石と言われる。,当サイト独自の選び方（誕生石・デーカンの支配星・誕生色から、販売されている石。work/knowledge/10_誕生日もの.md）・販売例：https://www.creema.jp/item/16278090/detail,True
1024,誕生花,ガーベラ(ピンク),花ことば：崇高美,一般財団法人日本花普及センター「誕生花・花ことば366」（長野県 https://www.pref.nagano.lg.jp/enchiku/sangyo/nogyo/engei-suisan/kaki/documents/hanakotoba.pdf・source/birthday/hanakotoba.pdf を2回読み比べて書き起こし）,True
1024,記念日・できごと（記念日）,文鳥の日,「手(10)に幸せ(4)」の語呂。手乗り文鳥のかわいさを伝える日,https://netlab.click/todayis/1024,True
1024,記念日・できごと（記念日）,国連デー,1945年。国際連合が発足した日。世界の協力について考える国際デー,https://zatsuneta.com/archives/110241.html,True
1025,誕生石（月）,オパール・トルマリン,,全国宝石卸商協同組合 2021年12月改定（デイリースポーツ https://www.daily.co.jp/society/life/2021/12/20/0014929848.shtml ほか。work/knowledge/10_誕生日もの.md）,True
1025,誕生色,藍白,あいじろ／#EBF6F7／藍染の最も淡い色。霜の白にかすかに青みが差す（霜始降にちなむ）,当サイト独自の選び方（七十二候にちなむ日本の伝統色。work/knowledge/10_誕生日もの.md）・色の値：https://www.colordic.org/colorsample/2430,True
1025,誕生日石,ブラックトルマリン,デーカンの支配星・冥王星の石。身を守る石の代表とされ、余計なものを退けて気持ちを整えると言われる。,当サイト独自の選び方（誕生石・デーカンの支配星・誕生色から、販売されている石。work/knowledge/10_誕生日もの.md）・販売例：https://minne.com/items/32530857,True
1025,誕生花,ミセバヤ,花ことば：つつましさ,一般財団法人日本花普及センター「誕生花・花ことば366」（長野県 https://www.pref.nagano.lg.jp/enchiku/sangyo/nogyo/engei-suisan/kaki/documents/hanakotoba.pdf・source/birthday/hanakotoba.pdf を2回読み比べて書き起こし）,True
1025,記念日・できごと（できごと）,民間航空記念日,1951年。戦後初めて、日本の民間航空会社の定期便が飛んだ日,https://zatsuneta.com/archives/110253.html,True
1025,記念日・できごと（記念日）,世界パスタデー,1995年。世界のパスタ関係者が集った会議にちなむ、パスタを楽しむ日,https://netlab.click/todayis/1025,True
1026,誕生石（月）,オパール・トルマリン,,全国宝石卸商協同組合 2021年12月改定（デイリースポーツ https://www.daily.co.jp/society/life/2021/12/20/0014929848.shtml ほか。work/knowledge/10_誕生日もの.md）,True
1026,誕生色,錫色,すずいろ／#9EA1A3／錫のような灰色。霜で冷えきった空気の硬さ（霜始降にちなむ）,当サイト独自の選び方（七十二候にちなむ日本の伝統色。work/knowledge/10_誕生日もの.md）・色の値：https://www.colordic.org/w,True
1026,誕生日石,スモーキークォーツ,デーカンの支配星・冥王星の石・誕生色（錫色）に近い灰系。煙のような茶色の水晶で、心を落ち着かせ、地に足をつける石と言われる。,当サイト独自の選び方（誕生石・デーカンの支配星・誕生色から、販売されている石。work/knowledge/10_誕生日もの.md）・販売例：https://www.creema.jp/item/16278090/detail,True
1026,誕生花,イチョウ,花ことば：しとやか,一般財団法人日本花普及センター「誕生花・花ことば366」（長野県 https://www.pref.nagano.lg.jp/enchiku/sangyo/nogyo/engei-suisan/kaki/documents/hanakotoba.pdf・source/birthday/hanakotoba.pdf を2回読み比べて書き起こし）,True
1026,記念日・できごと（できごと）,柿の日,1895年。正岡子規が「柿くへば」の句を詠む旅に出た日にちなむ,https://tabi-mag.jp/day1026/,True
1026,記念日・できごと（旬）,旬：里いも,ねっとりした里いもがおいしい季節。秋の煮物の主役,,False
1026,記念日・できごと（記念日）,きしめんの日,「つ(2)る(6)」の語呂から、名古屋名物のつるりと平たいきしめんを味わう日。,https://netlab.click/todayis/1026,True
1027,誕生石（月）,オパール・トルマリン,,全国宝石卸商協同組合 2021年12月改定（デイリースポーツ https://www.daily.co.jp/society/life/2021/12/20/0014929848.shtml ほか。work/knowledge/10_誕生日もの.md）,True
1027,誕生色,藍白,あいじろ／#EBF6F7／藍染の最も淡い色。霜の白にかすかに青みが差す（霜始降にちなむ）,当サイト独自の選び方（七十二候にちなむ日本の伝統色。work/knowledge/10_誕生日もの.md）・色の値：https://www.colordic.org/colorsample/2430,True
1027,誕生日石,ポピージャスパー,デーカンの支配星・冥王星の石。ケシの花のような模様を持つ碧玉で、明るい活力と遊び心を呼ぶ石と言われる。,当サイト独自の選び方（誕生石・デーカンの支配星・誕生色から、販売されている石。work/knowledge/10_誕生日もの.md）・販売例：https://minne.com/items/6526995,True
1027,誕生花,ツリフネソウ,花ことば：詩的な愛,一般財団法人日本花普及センター「誕生花・花ことば366」（長野県 https://www.pref.nagano.lg.jp/enchiku/sangyo/nogyo/engei-suisan/kaki/documents/hanakotoba.pdf・source/birthday/hanakotoba.pdf を2回読み比べて書き起こし）,True
1027,記念日・できごと（記念日）,読書週間の始まり（読書の日）,文化の日をはさむ2週間の始まり。秋の夜長に本を開く日,https://netlab.click/todayis/1027,True
1027,記念日・できごと（記念日）,文字・活字文化の日,本や新聞など、文字の文化に親しもうと法律で定められた日,,False
1028,誕生石（月）,オパール・トルマリン,,全国宝石卸商協同組合 2021年12月改定（デイリースポーツ https://www.daily.co.jp/society/life/2021/12/20/0014929848.shtml ほか。work/knowledge/10_誕生日もの.md）,True
1028,誕生色,灰白色,かいはくしょく／#E9E4D4／灰みの白。初霜が降りて白く変わった野原の色（霜始降にちなむ）,当サイト独自の選び方（七十二候にちなむ日本の伝統色。work/knowledge/10_誕生日もの.md）・色の値：https://www.colordic.org/colorsample/2160,True
1028,誕生日石,ルチルクォーツ,誕生色（灰白色）に近い黄系。水晶の中に金色の針が走り、ひらめきや豊かさを呼び込む石と言われる。,当サイト独自の選び方（誕生石・デーカンの支配星・誕生色から、販売されている石。work/knowledge/10_誕生日もの.md）・販売例：https://www.creema.jp/item/6984882/detail,True
1028,誕生花,ホップ,花ことば：信じる心,一般財団法人日本花普及センター「誕生花・花ことば366」（長野県 https://www.pref.nagano.lg.jp/enchiku/sangyo/nogyo/engei-suisan/kaki/documents/hanakotoba.pdf・source/birthday/hanakotoba.pdf を2回読み比べて書き起こし）,True
1028,記念日・できごと（できごと）,速記記念日,1882年。日本式の速記法を教える講習会が初めて開かれた日,https://zatsuneta.com/archives/110281.html,True
1028,記念日・できごと（旬）,旬：菊の花,食用菊が出回る季節。おひたしにすると秋らしい彩り,,False
1028,記念日・できごと（記念日）,群馬県民の日,1871年。廃藩置県で「群馬県」という名前が初めて使われたことにちなむ県の日。,https://netlab.click/todayis/1028,True
1029,誕生石（月）,オパール・トルマリン,,全国宝石卸商協同組合 2021年12月改定（デイリースポーツ https://www.daily.co.jp/society/life/2021/12/20/0014929848.shtml ほか。work/knowledge/10_誕生日もの.md）,True
1029,誕生色,深川鼠,ふかがわねず／#97A791／青緑みの鼠色。時雨に濡れる町並みの粋な色（霎時施にちなむ）,当サイト独自の選び方（七十二候にちなむ日本の伝統色。work/knowledge/10_誕生日もの.md）・色の値：https://www.colordic.org/colorsample/2120,True
1029,誕生日石,スモーキークォーツ,デーカンの支配星・冥王星の石・誕生色（深川鼠）に近い灰系。煙のような茶色の水晶で、心を落ち着かせ、地に足をつける石と言われる。,当サイト独自の選び方（誕生石・デーカンの支配星・誕生色から、販売されている石。work/knowledge/10_誕生日もの.md）・販売例：https://www.creema.jp/item/16278090/detail,True
1029,誕生花,アゲラタム,花ことば：幸せを得る,一般財団法人日本花普及センター「誕生花・花ことば366」（長野県 https://www.pref.nagano.lg.jp/enchiku/sangyo/nogyo/engei-suisan/kaki/documents/hanakotoba.pdf・source/birthday/hanakotoba.pdf を2回読み比べて書き起こし）,True
1029,記念日・できごと（できごと）,インターネットの始まり,1969年。アメリカで、のちのインターネットにつながる最初の通信が行われた日,https://netlab.click/todayis/1029,True
1029,記念日・できごと（記念日）,おしぼりの日,おしぼりのおもてなしの心を伝える、日本らしい記念日,https://netlab.click/todayis/1029,True
1030,誕生石（月）,オパール・トルマリン,,全国宝石卸商協同組合 2021年12月改定（デイリースポーツ https://www.daily.co.jp/society/life/2021/12/20/0014929848.shtml ほか。work/knowledge/10_誕生日もの.md）,True
1030,誕生色,鉄御納戸,てつおなんど／#455765／暗い青灰色。雨雲が流れていく時雨の空模様（霎時施にちなむ）,当サイト独自の選び方（七十二候にちなむ日本の伝統色。work/knowledge/10_誕生日もの.md）・色の値：https://www.colordic.org/colorsample/2057,True
1030,誕生日石,ジルコン,誕生色（鉄御納戸）に近い青系。地球最古級の鉱物として知られ、強い輝きから安らぎと知恵をもたらす石と伝わる。,当サイト独自の選び方（誕生石・デーカンの支配星・誕生色から、販売されている石。work/knowledge/10_誕生日もの.md）・販売例：https://item.rakuten.co.jp/carat/c/0000000412/,True
1030,誕生花,スイレン,花ことば：清純,一般財団法人日本花普及センター「誕生花・花ことば366」（長野県 https://www.pref.nagano.lg.jp/enchiku/sangyo/nogyo/engei-suisan/kaki/documents/hanakotoba.pdf・source/birthday/hanakotoba.pdf を2回読み比べて書き起こし）,True
1030,記念日・できごと（記念日）,たまごの日,栄養豊かなたまごを、もっと食べてもらおうと定められた日,,False
1030,記念日・できごと（できごと）,初恋の日,1896年。島崎藤村の詩「初恋」が雑誌に発表された日にちなむ,https://tabi-mag.jp/day1030/,True
1030,記念日・できごと（記念日）,たまごかけごはんの日,2005年。島根県雲南市で開かれた催しにちなむ日。新米と卵がおいしい季節。,https://zatsuneta.com/archives/110303.html,True
1031,誕生石（月）,オパール・トルマリン,,全国宝石卸商協同組合 2021年12月改定（デイリースポーツ https://www.daily.co.jp/society/life/2021/12/20/0014929848.shtml ほか。work/knowledge/10_誕生日もの.md）,True
1031,誕生色,錆鼠,さびねず／#47585C／暗い青緑の鼠色。しとしと降る小雨の湿った重み（霎時施にちなむ）,当サイト独自の選び方（七十二候にちなむ日本の伝統色。work/knowledge/10_誕生日もの.md）・色の値：https://www.colordic.org/colorsample/2097,True
1031,誕生日石,ガーネット,デーカンの支配星・冥王星の石。実りの象徴とされ、旅人が身を守るお守りにしたと伝わる。変わらぬ友情や努力を支える石と言われる。,当サイト独自の選び方（誕生石・デーカンの支配星・誕生色から、販売されている石。work/knowledge/10_誕生日もの.md）・販売例：https://store.karatz.jp/en/products/12560127,True
1031,誕生花,モミジ,花ことば：大切な思い出,一般財団法人日本花普及センター「誕生花・花ことば366」（長野県 https://www.pref.nagano.lg.jp/enchiku/sangyo/nogyo/engei-suisan/kaki/documents/hanakotoba.pdf・source/birthday/hanakotoba.pdf を2回読み比べて書き起こし）,True
1031,記念日・できごと（行事）,ハロウィン,秋の実りを祝う欧米由来の行事。仮装やかぼちゃの飾りを楽しむ,https://zatsuneta.com/archives/110311.html,True
1031,記念日・できごと（できごと）,日本茶の日,1191年。栄西が中国から茶の種を持ち帰ったと伝わる日にちなむ,https://zatsuneta.com/archives/110314.html,True
1031,記念日・できごと（できごと）,ガス記念日,1872年。横浜の街に日本初のガス灯がともった日にちなむ,https://netlab.click/todayis/1031,True
1101,誕生石（月）,トパーズ・シトリン,,全国宝石卸商協同組合 2021年12月改定（デイリースポーツ https://www.daily.co.jp/society/life/2021/12/20/0014929848.shtml ほか。work/knowledge/10_誕生日もの.md）,True
1101,誕生色,藍鼠,あいねず／#6C848D／藍みの鼠色。さっと降ってはやむ時雨の空の色（霎時施にちなむ）,当サイト独自の選び方（七十二候にちなむ日本の伝統色。work/knowledge/10_誕生日もの.md）・色の値：https://www.colordic.org/colorsample/2095,True
1101,誕生日石,トパーズ,11月の誕生石。名は『探し求める』の意とも言われ、希望や友情、誠実さの象徴とされる。,当サイト独自の選び方（誕生石・デーカンの支配星・誕生色から、販売されている石。work/knowledge/10_誕生日もの.md）・販売例：https://item.rakuten.co.jp/tanodiamond/c/0000000596/,True
1101,誕生花,アケビ,花ことば：唯一の恋,一般財団法人日本花普及センター「誕生花・花ことば366」（長野県 https://www.pref.nagano.lg.jp/enchiku/sangyo/nogyo/engei-suisan/kaki/documents/hanakotoba.pdf・source/birthday/hanakotoba.pdf を2回読み比べて書き起こし）,True
1101,記念日・できごと（記念日）,紅茶の日,江戸時代に日本人が初めて本格的な紅茶を味わった故事にちなむ、紅茶を楽しむ日,https://bestcalendar.jp/dates/kinenbi/4470,True
1101,記念日・できごと（記念日）,すしの日,新米と脂ののった魚介がそろう時期に、すしを味わおうと定められた日,https://bestcalendar.jp/dates/kinenbi/4471,True
1101,記念日・できごと（できごと）,観音埼灯台が着工（灯台記念日）,1868年。横須賀の観音埼で日本初の洋式灯台の工事が始まった日,https://bestcalendar.jp/dates/kinenbi/4466,True
1102,誕生石（月）,トパーズ・シトリン,,全国宝石卸商協同組合 2021年12月改定（デイリースポーツ https://www.daily.co.jp/society/life/2021/12/20/0014929848.shtml ほか。work/knowledge/10_誕生日もの.md）,True
1102,誕生色,鉄御納戸,てつおなんど／#455765／暗い青灰色。雨雲が流れていく時雨の空模様（霎時施にちなむ）,当サイト独自の選び方（七十二候にちなむ日本の伝統色。work/knowledge/10_誕生日もの.md）・色の値：https://www.colordic.org/colorsample/2057,True
1102,誕生日石,ブルーレースアゲート,誕生色（鉄御納戸）に近い青系。レースのような淡い縞を持ち、言葉をやわらげ、穏やかな対話を助ける石と言われる。,当サイト独自の選び方（誕生石・デーカンの支配星・誕生色から、販売されている石。work/knowledge/10_誕生日もの.md）・販売例：https://www.creema.jp/item/12880180/detail,True
1102,誕生花,キンモクセイ,花ことば：真実,一般財団法人日本花普及センター「誕生花・花ことば366」（長野県 https://www.pref.nagano.lg.jp/enchiku/sangyo/nogyo/engei-suisan/kaki/documents/hanakotoba.pdf・source/birthday/hanakotoba.pdf を2回読み比べて書き起こし）,True
1102,記念日・できごと（記念日）,書道の日,「いい文字」の語呂合わせから、書く文化に親しむ日とされる,https://netlab.click/todayis/1102,True
1102,記念日・できごと（記念日）,キッチン・バスの日,キッチンのKとバスのBを数字の順番に見立て、住まいの水回りを見直す日,https://netlab.click/todayis/1102,True
1103,誕生石（月）,トパーズ・シトリン,,全国宝石卸商協同組合 2021年12月改定（デイリースポーツ https://www.daily.co.jp/society/life/2021/12/20/0014929848.shtml ほか。work/knowledge/10_誕生日もの.md）,True
1103,誕生色,朽葉色,くちばいろ／#917347／朽ちた落ち葉の色。色を変えて散る秋の葉そのもの（楓蔦黄にちなむ）,当サイト独自の選び方（七十二候にちなむ日本の伝統色。work/knowledge/10_誕生日もの.md）・色の値：https://www.colordic.org/colorsample/2193,True
1103,誕生日石,トパーズ,11月の誕生石・誕生色（朽葉色）に近い橙系。名は『探し求める』の意とも言われ、希望や友情、誠実さの象徴とされる。,当サイト独自の選び方（誕生石・デーカンの支配星・誕生色から、販売されている石。work/knowledge/10_誕生日もの.md）・販売例：https://item.rakuten.co.jp/tanodiamond/c/0000000596/,True
1103,誕生花,キク(黄),花ことば：高潔,一般財団法人日本花普及センター「誕生花・花ことば366」（長野県 https://www.pref.nagano.lg.jp/enchiku/sangyo/nogyo/engei-suisan/kaki/documents/hanakotoba.pdf・source/birthday/hanakotoba.pdf を2回読み比べて書き起こし）,True
1103,記念日・できごと（行事）,文化の日,自由と平和を愛し文化をすすめる趣旨の祝日。各地で文化行事が開かれる,https://tabi-mag.jp/day1103/,True
1103,記念日・できごと（記念日）,まんがの日,まんがを日本の文化として広めたいという願いから設けられた日,https://bestcalendar.jp/dates/kinenbi/4528,True
1103,記念日・できごと（記念日）,文具の日,文化の日にちなみ、文房具の大切さを見直そうと定められた日,https://bestcalendar.jp/dates/kinenbi/4527,True
1104,誕生石（月）,トパーズ・シトリン,,全国宝石卸商協同組合 2021年12月改定（デイリースポーツ https://www.daily.co.jp/society/life/2021/12/20/0014929848.shtml ほか。work/knowledge/10_誕生日もの.md）,True
1104,誕生色,赤朽葉色,あかくちばいろ／#DB8449／赤みの朽葉色。紅葉した楓が散り敷く山道の色（楓蔦黄にちなむ）,当サイト独自の選び方（七十二候にちなむ日本の伝統色。work/knowledge/10_誕生日もの.md）・色の値：https://www.colordic.org/colorsample/2204,True
1104,誕生日石,シトリン,11月の誕生石。太陽のような黄色から、明るさや豊かさを招く『商人の石』と呼ばれることがある。,当サイト独自の選び方（誕生石・デーカンの支配星・誕生色から、販売されている石。work/knowledge/10_誕生日もの.md）・販売例：https://www.creema.jp/item/16248173/detail,True
1104,誕生花,ムラサキシキブ,花ことば：愛され上手,一般財団法人日本花普及センター「誕生花・花ことば366」（長野県 https://www.pref.nagano.lg.jp/enchiku/sangyo/nogyo/engei-suisan/kaki/documents/hanakotoba.pdf・source/birthday/hanakotoba.pdf を2回読み比べて書き起こし）,True
1104,記念日・できごと（記念日）,ユネスコ憲章記念日,1946年。教育・科学・文化で平和を築くユネスコが正式に発足した日,https://netlab.click/todayis/1104,True
1104,記念日・できごと（記念日）,いい推しの日,「いい推し」の語呂合わせで、好きなものを応援する気持ちを大切にする日,https://netlab.click/todayis/1104,True
1105,誕生石（月）,トパーズ・シトリン,,全国宝石卸商協同組合 2021年12月改定（デイリースポーツ https://www.daily.co.jp/society/life/2021/12/20/0014929848.shtml ほか。work/knowledge/10_誕生日もの.md）,True
1105,誕生色,黄朽葉色,きくちばいろ／#D3A243／黄みの朽葉色。黄色く色づいた蔦の葉を思わせる（楓蔦黄にちなむ）,当サイト独自の選び方（七十二候にちなむ日本の伝統色。work/knowledge/10_誕生日もの.md）・色の値：https://www.colordic.org/colorsample/2174,True
1105,誕生日石,セレスタイト,デーカンの支配星・海王星の石。『天空』を意味する名を持ち、空色の結晶が心を穏やかにし、安らぎを与えると言われる。,当サイト独自の選び方（誕生石・デーカンの支配星・誕生色から、販売されている石。work/knowledge/10_誕生日もの.md）・販売例：https://item.rakuten.co.jp/tesorocoltd/gs-sp-3690/,True
1105,誕生花,サザンカ(白),花ことば：無垢,一般財団法人日本花普及センター「誕生花・花ことば366」（長野県 https://www.pref.nagano.lg.jp/enchiku/sangyo/nogyo/engei-suisan/kaki/documents/hanakotoba.pdf・source/birthday/hanakotoba.pdf を2回読み比べて書き起こし）,True
1105,記念日・できごと（記念日）,いいりんごの日,りんご生産量日本一の青森県が定めた、旬のりんごを味わう日,https://netlab.click/todayis/1105,True
1105,記念日・できごと（記念日）,縁結びの日,「いいご縁」の語呂合わせから、人とのつながりを大切にする日,https://netlab.click/todayis/1105,True
1106,誕生石（月）,トパーズ・シトリン,,全国宝石卸商協同組合 2021年12月改定（デイリースポーツ https://www.daily.co.jp/society/life/2021/12/20/0014929848.shtml ほか。work/knowledge/10_誕生日もの.md）,True
1106,誕生色,紅樺色,べにかばいろ／#BB5548／赤みの樺色。深く色づいた蔦が壁を彩る情景（楓蔦黄にちなむ）,当サイト独自の選び方（七十二候にちなむ日本の伝統色。work/knowledge/10_誕生日もの.md）・色の値：https://www.colordic.org/colorsample/2277,True
1106,誕生日石,ラリマー,デーカンの支配星・海王星の石。カリブ海のドミニカで見つかった石で、海と空の色から『愛と平和の石』と呼ばれる。,当サイト独自の選び方（誕生石・デーカンの支配星・誕生色から、販売されている石。work/knowledge/10_誕生日もの.md）・販売例：https://www.rakuten.co.jp/sistina/contents/larimar/,True
1106,誕生花,センノウ,花ことば：恋のときめき,一般財団法人日本花普及センター「誕生花・花ことば366」（長野県 https://www.pref.nagano.lg.jp/enchiku/sangyo/nogyo/engei-suisan/kaki/documents/hanakotoba.pdf・source/birthday/hanakotoba.pdf を2回読み比べて書き起こし）,True
1106,記念日・できごと（できごと）,アパート記念日,1910年。上野に5階建ての木造アパートが完成し、新しい住まい方が話題になった日,https://netlab.click/todayis/1106,True
1106,記念日・できごと（できごと）,お見合い記念日,1947年。多摩川の河原で大規模な集団お見合いが開かれ、新しい出会いが生まれた日,https://bestcalendar.jp/dates/kinenbi/4573,True
1107,誕生石（月）,トパーズ・シトリン,,全国宝石卸商協同組合 2021年12月改定（デイリースポーツ https://www.daily.co.jp/society/life/2021/12/20/0014929848.shtml ほか。work/knowledge/10_誕生日もの.md）,True
1107,誕生色,柿色,かきいろ／#ED6D3D／熟した柿の実の色。紅葉と同じ頃に色づく秋の色（楓蔦黄にちなむ）,当サイト独自の選び方（七十二候にちなむ日本の伝統色。work/knowledge/10_誕生日もの.md）・色の値：https://www.colordic.org/colorsample/2252,True
1107,誕生日石,トパーズ,11月の誕生石・誕生色（柿色）に近い橙系。名は『探し求める』の意とも言われ、希望や友情、誠実さの象徴とされる。,当サイト独自の選び方（誕生石・デーカンの支配星・誕生色から、販売されている石。work/knowledge/10_誕生日もの.md）・販売例：https://item.rakuten.co.jp/tanodiamond/c/0000000596/,True
1107,誕生花,ユーカリ,花ことば：思い出,一般財団法人日本花普及センター「誕生花・花ことば366」（長野県 https://www.pref.nagano.lg.jp/enchiku/sangyo/nogyo/engei-suisan/kaki/documents/hanakotoba.pdf・source/birthday/hanakotoba.pdf を2回読み比べて書き起こし）,True
1107,記念日・できごと（記念日）,鍋の日,立冬のころで冬の訪れを感じる時期。家族で鍋を囲もうと定められた日,https://bestcalendar.jp/dates/kinenbi/4586,True
1107,記念日・できごと（旬）,新そば,秋に収穫したそば粉で打つ新そば。香りが高く、この時期ならではの味,,False
1107,記念日・できごと（記念日）,ソースの日,揚げ物やお好み焼きに欠かせない、香り豊かなソースを味わう日。,https://zatsuneta.com/archives/11107a.html,True
1108,誕生石（月）,トパーズ・シトリン,,全国宝石卸商協同組合 2021年12月改定（デイリースポーツ https://www.daily.co.jp/society/life/2021/12/20/0014929848.shtml ほか。work/knowledge/10_誕生日もの.md）,True
1108,誕生色,韓紅,からくれない／#E95464／濃く美しい紅。冬枯れの庭に映える山茶花の赤（山茶始開にちなむ）,当サイト独自の選び方（七十二候にちなむ日本の伝統色。work/knowledge/10_誕生日もの.md）・色の値：https://www.colordic.org/colorsample/2015,True
1108,誕生日石,レッドジャスパー,誕生色（韓紅）に近い赤系。古くから護符に使われた赤い碧玉で、根気強さと安定をもたらす石と言われる。,当サイト独自の選び方（誕生石・デーカンの支配星・誕生色から、販売されている石。work/knowledge/10_誕生日もの.md）・販売例：https://minne.com/items/31236125,True
1108,誕生花,ヒイラギ,花ことば：機智,一般財団法人日本花普及センター「誕生花・花ことば366」（長野県 https://www.pref.nagano.lg.jp/enchiku/sangyo/nogyo/engei-suisan/kaki/documents/hanakotoba.pdf・source/birthday/hanakotoba.pdf を2回読み比べて書き起こし）,True
1108,記念日・できごと（記念日）,いい歯の日,「いい歯」の語呂合わせで、歯の健康を一生守る大切さを呼びかける日,https://bestcalendar.jp/dates/kinenbi/4600,True
1108,記念日・できごと（できごと）,レントゲンの日,1895年。X線が発見された日。体の中を見る技術は医療を大きく進歩させた,https://precious.jp/articles/-/57542,True
1109,誕生石（月）,トパーズ・シトリン,,全国宝石卸商協同組合 2021年12月改定（デイリースポーツ https://www.daily.co.jp/society/life/2021/12/20/0014929848.shtml ほか。work/knowledge/10_誕生日もの.md）,True
1109,誕生色,薄紅,うすくれない／#F0908D／淡い紅色。山茶花の淡い桃色の花びらにちなむ（山茶始開にちなむ）,当サイト独自の選び方（七十二候にちなむ日本の伝統色。work/knowledge/10_誕生日もの.md）・色の値：https://www.colordic.org/colorsample/2279,True
1109,誕生日石,インカローズ,誕生色（薄紅）に近い桃系。アンデスで産出し、インカの人々に愛されたと伝わる。情熱的な愛と自分を好きになる心の石とされる。,当サイト独自の選び方（誕生石・デーカンの支配星・誕生色から、販売されている石。work/knowledge/10_誕生日もの.md）・販売例：https://store.shopping.yahoo.co.jp/tosho-stones/712-80.html,True
1109,誕生花,ルピナス,花ことば：母性愛,一般財団法人日本花普及センター「誕生花・花ことば366」（長野県 https://www.pref.nagano.lg.jp/enchiku/sangyo/nogyo/engei-suisan/kaki/documents/hanakotoba.pdf・source/birthday/hanakotoba.pdf を2回読み比べて書き起こし）,True
1109,記念日・できごと（記念日）,換気の日,「いい空気」の語呂合わせで、換気扇の上手な使い方を広める日,https://bestcalendar.jp/dates/kinenbi/4624,True
1109,記念日・できごと（記念日）,119番の日,電話番号にちなみ、火の用心と地域の防災意識を高める日,https://www.pref.chiba.lg.jp/shoubou/kaji/kyuukyuu/119ban.html,True
1110,誕生石（月）,トパーズ・シトリン,,全国宝石卸商協同組合 2021年12月改定（デイリースポーツ https://www.daily.co.jp/society/life/2021/12/20/0014929848.shtml ほか。work/knowledge/10_誕生日もの.md）,True
1110,誕生色,長春色,ちょうしゅんいろ／#C97586／くすんだ紅。冬にも花を咲かせる強さを映す色（山茶始開にちなむ）,当サイト独自の選び方（七十二候にちなむ日本の伝統色。work/knowledge/10_誕生日もの.md）・色の値：https://www.colordic.org/colorsample/2020,True
1110,誕生日石,アメシスト,デーカンの支配星・海王星の石。古代ギリシャでは酔いから守る石とされた。心を静め、誠実な愛を守る石と言い伝えられる。,当サイト独自の選び方（誕生石・デーカンの支配星・誕生色から、販売されている石。work/knowledge/10_誕生日もの.md）・販売例：https://item.rakuten.co.jp/powerstone-lulu/c/0000000239/,True
1110,誕生花,ブバリア(ピンク),花ことば：知性的な魅力,一般財団法人日本花普及センター「誕生花・花ことば366」（長野県 https://www.pref.nagano.lg.jp/enchiku/sangyo/nogyo/engei-suisan/kaki/documents/hanakotoba.pdf・source/birthday/hanakotoba.pdf を2回読み比べて書き起こし）,True
1110,記念日・できごと（記念日）,トイレの日,「いいトイレ」の語呂合わせで、快適なトイレについて考える日,https://bestcalendar.jp/articles/4640,True
1110,記念日・できごと（できごと）,エレベーターの日,1890年。浅草の凌雲閣に日本初の電動エレベーターが設置された日,https://tabi-mag.jp/day1110,True
1111,誕生石（月）,トパーズ・シトリン,,全国宝石卸商協同組合 2021年12月改定（デイリースポーツ https://www.daily.co.jp/society/life/2021/12/20/0014929848.shtml ほか。work/knowledge/10_誕生日もの.md）,True
1111,誕生色,今様色,いまよういろ／#D0576B／当世風の紅色。逆境でも明るさを失わない花の色（山茶始開にちなむ）,当サイト独自の選び方（七十二候にちなむ日本の伝統色。work/knowledge/10_誕生日もの.md）・色の値：https://www.colordic.org/colorsample/2017,True
1111,誕生日石,シトリン,11月の誕生石。太陽のような黄色から、明るさや豊かさを招く『商人の石』と呼ばれることがある。,当サイト独自の選び方（誕生石・デーカンの支配星・誕生色から、販売されている石。work/knowledge/10_誕生日もの.md）・販売例：https://www.creema.jp/item/16248173/detail,True
1111,誕生花,マユミ,花ことば：艶めき,一般財団法人日本花普及センター「誕生花・花ことば366」（長野県 https://www.pref.nagano.lg.jp/enchiku/sangyo/nogyo/engei-suisan/kaki/documents/hanakotoba.pdf・source/birthday/hanakotoba.pdf を2回読み比べて書き起こし）,True
1111,記念日・できごと（記念日）,電池の日,電池のプラスとマイナスを縦に並べると「十一」に見えることから,https://bestcalendar.jp/dates/kinenbi/4661,True
1111,記念日・できごと（記念日）,きりたんぽの日,囲炉裏に立てたきりたんぽが「1111」に見えることから定められた日,https://bestcalendar.jp/dates/kinenbi/4671,True
1111,記念日・できごと（記念日）,ポッキー&プリッツの日,1999年。細長いお菓子を数字の1に見立てた、1が並ぶ日ならではの記念日,https://bestcalendar.jp/dates/kinenbi/4678,True
1112,誕生石（月）,トパーズ・シトリン,,全国宝石卸商協同組合 2021年12月改定（デイリースポーツ https://www.daily.co.jp/society/life/2021/12/20/0014929848.shtml ほか。work/knowledge/10_誕生日もの.md）,True
1112,誕生色,長春色,ちょうしゅんいろ／#C97586／くすんだ紅。冬にも花を咲かせる強さを映す色（山茶始開にちなむ）,当サイト独自の選び方（七十二候にちなむ日本の伝統色。work/knowledge/10_誕生日もの.md）・色の値：https://www.colordic.org/colorsample/2020,True
1112,誕生日石,セレスタイト,デーカンの支配星・海王星の石。『天空』を意味する名を持ち、空色の結晶が心を穏やかにし、安らぎを与えると言われる。,当サイト独自の選び方（誕生石・デーカンの支配星・誕生色から、販売されている石。work/knowledge/10_誕生日もの.md）・販売例：https://item.rakuten.co.jp/tesorocoltd/gs-sp-3690/,True
1112,誕生花,ワックスフラワー,花ことば：可愛らしさ,一般財団法人日本花普及センター「誕生花・花ことば366」（長野県 https://www.pref.nagano.lg.jp/enchiku/sangyo/nogyo/engei-suisan/kaki/documents/hanakotoba.pdf・source/birthday/hanakotoba.pdf を2回読み比べて書き起こし）,True
1112,記念日・できごと（できごと）,洋服記念日,1872年。礼服に洋服を採用するお触れが出て、装いの近代化が始まった日,https://zatsuneta.com/archives/111121.html,True
1112,記念日・できごと（記念日）,皮膚の日,「いい皮膚」の語呂合わせで、肌の健康を考えるきっかけの日,https://bestcalendar.jp/dates/kinenbi/4727,True
1113,誕生石（月）,トパーズ・シトリン,,全国宝石卸商協同組合 2021年12月改定（デイリースポーツ https://www.daily.co.jp/society/life/2021/12/20/0014929848.shtml ほか。work/knowledge/10_誕生日もの.md）,True
1113,誕生色,黒鳶,くろとび／#432F2F／黒みの鳶色。霜柱が立つ朝の冷えきった土の色（地始凍にちなむ）,当サイト独自の選び方（七十二候にちなむ日本の伝統色。work/knowledge/10_誕生日もの.md）・色の値：https://www.colordic.org/colorsample/2464,True
1113,誕生日石,セレナイト,デーカンの支配星・月の石。月の女神セレネにちなむ名を持ち、心を澄ませ落ち着かせる石とされる。,当サイト独自の選び方（誕生石・デーカンの支配星・誕生色から、販売されている石。work/knowledge/10_誕生日もの.md）・販売例：https://item.rakuten.co.jp/ojicopet/na-s04-selpam/,True
1113,誕生花,ハシバミ,花ことば：仲直り,一般財団法人日本花普及センター「誕生花・花ことば366」（長野県 https://www.pref.nagano.lg.jp/enchiku/sangyo/nogyo/engei-suisan/kaki/documents/hanakotoba.pdf・source/birthday/hanakotoba.pdf を2回読み比べて書き起こし）,True
1113,記念日・できごと（記念日）,うるしの日,漆の製法が伝わったという言い伝えにちなみ、漆器の美しさを伝える日,https://bestcalendar.jp/dates/kinenbi/4737,True
1113,記念日・できごと（旬）,柿,秋の果物の代表。甘柿は生で、渋柿は干し柿にして冬の保存食に,,False
1113,記念日・できごと（記念日）,茨城県民の日,1871年。「茨城」という県の名前が生まれた日にちなむ、県の誕生日。,https://netlab.click/todayis/1113,True
1114,誕生石（月）,トパーズ・シトリン,,全国宝石卸商協同組合 2021年12月改定（デイリースポーツ https://www.daily.co.jp/society/life/2021/12/20/0014929848.shtml ほか。work/knowledge/10_誕生日もの.md）,True
1114,誕生色,黒茶,くろちゃ／#583822／黒に近い茶。凍てついた畑の土の色にちなむ（地始凍にちなむ）,当サイト独自の選び方（七十二候にちなむ日本の伝統色。work/knowledge/10_誕生日もの.md）・色の値：https://www.colordic.org/colorsample/2221,True
1114,誕生日石,ブロンザイト,誕生色（黒茶）に近い茶系。青銅のような光沢を持ち、自信と落ち着きを与える石と言われる。,当サイト独自の選び方（誕生石・デーカンの支配星・誕生色から、販売されている石。work/knowledge/10_誕生日もの.md）・販売例：https://store.shopping.yahoo.co.jp/lucky365shop/2da5a5ade56.html,True
1114,誕生花,アジアンタム,花ことば：上機嫌,一般財団法人日本花普及センター「誕生花・花ことば366」（長野県 https://www.pref.nagano.lg.jp/enchiku/sangyo/nogyo/engei-suisan/kaki/documents/hanakotoba.pdf・source/birthday/hanakotoba.pdf を2回読み比べて書き起こし）,True
1114,記念日・できごと（旬）,銀杏並木,街路のイチョウが黄金色に色づき、落ち葉のじゅうたんが広がる季節,,False
1114,記念日・できごと（旬）,ぎんなん,イチョウの実。炒ったり茶碗蒸しに入れたりして秋の味覚を楽しむ,,False
1114,記念日・できごと（記念日）,世界糖尿病デー,毎日の食事と運動を見直し、体の健康を守ろうと呼びかける国連の国際デー。,https://netlab.click/todayis/1114,True
1114,記念日・できごと（記念日）,埼玉県民の日,1871年。埼玉県が誕生した日にちなみ、ふるさとの良さを見つめ直す県の日。,https://netlab.click/todayis/1114,True
1115,誕生石（月）,トパーズ・シトリン,,全国宝石卸商協同組合 2021年12月改定（デイリースポーツ https://www.daily.co.jp/society/life/2021/12/20/0014929848.shtml ほか。work/knowledge/10_誕生日もの.md）,True
1115,誕生色,檳榔子染,びんろうじぞめ／#433D3C／檳榔子で染めた黒。ぶれない芯の強さを表す色（地始凍にちなむ）,当サイト独自の選び方（七十二候にちなむ日本の伝統色。work/knowledge/10_誕生日もの.md）・色の値：https://www.colordic.org/colorsample/2343,True
1115,誕生日石,セレナイト,デーカンの支配星・月の石。月の女神セレネにちなむ名を持ち、心を澄ませ落ち着かせる石とされる。,当サイト独自の選び方（誕生石・デーカンの支配星・誕生色から、販売されている石。work/knowledge/10_誕生日もの.md）・販売例：https://item.rakuten.co.jp/ojicopet/na-s04-selpam/,True
1115,誕生花,ヤマユリ,花ことば：人生の楽しみ,一般財団法人日本花普及センター「誕生花・花ことば366」（長野県 https://www.pref.nagano.lg.jp/enchiku/sangyo/nogyo/engei-suisan/kaki/documents/hanakotoba.pdf・source/birthday/hanakotoba.pdf を2回読み比べて書き起こし）,True
1115,記念日・できごと（行事）,七五三,子どもの成長を祝い、晴れ着で神社にお参りする家族の行事,https://web.mit.edu/course/other/jpnet/holidays/Nov/7-5-3-j2.shtml,True
1115,記念日・できごと（記念日）,こんぶの日,子どもに昆布を食べて元気に育ってほしいと、七五三に合わせて定めた日,https://bestcalendar.jp/dates/kinenbi/4760,True
1116,誕生石（月）,トパーズ・シトリン,,全国宝石卸商協同組合 2021年12月改定（デイリースポーツ https://www.daily.co.jp/society/life/2021/12/20/0014929848.shtml ほか。work/knowledge/10_誕生日もの.md）,True
1116,誕生色,藍墨茶,あいすみちゃ／#474A4D／藍みの墨茶。朝の厳しい冷え込みに沈む大地の色（地始凍にちなむ）,当サイト独自の選び方（七十二候にちなむ日本の伝統色。work/knowledge/10_誕生日もの.md）・色の値：https://www.colordic.org/colorsample/2428,True
1116,誕生日石,ダルメシアンジャスパー,誕生色（藍墨茶）に近い灰系。ダルメシアン犬のような斑点を持ち、遊び心と明るさを呼ぶ石と言われる。,当サイト独自の選び方（誕生石・デーカンの支配星・誕生色から、販売されている石。work/knowledge/10_誕生日もの.md）・販売例：https://www.creema.jp/item/7772393/detail,True
1116,誕生花,サザンカ(赤),花ことば：無垢,一般財団法人日本花普及センター「誕生花・花ことば366」（長野県 https://www.pref.nagano.lg.jp/enchiku/sangyo/nogyo/engei-suisan/kaki/documents/hanakotoba.pdf・source/birthday/hanakotoba.pdf を2回読み比べて書き起こし）,True
1116,記念日・できごと（できごと）,録音文化の日,1878年。東京大学で日本初の録音と再生の実験が行われたことにちなむ日,https://bestcalendar.jp/dates/kinenbi/4776,True
1116,記念日・できごと（できごと）,幼稚園開園の日,1876年。日本初の官立幼稚園が東京・神田で開園した日,https://bestcalendar.jp/dates/kinenbi/4774,True
1117,誕生石（月）,トパーズ・シトリン,,全国宝石卸商協同組合 2021年12月改定（デイリースポーツ https://www.daily.co.jp/society/life/2021/12/20/0014929848.shtml ほか。work/knowledge/10_誕生日もの.md）,True
1117,誕生色,黄色,きいろ／#FFD900／明るい黄。寒さの中で凛と咲く水仙の副花冠（金盞香にちなむ）,当サイト独自の選び方（七十二候にちなむ日本の伝統色。work/knowledge/10_誕生日もの.md）・色の値：https://www.colordic.org/colorsample/2166,True
1117,誕生日石,ヘリオドール,誕生色（黄色）に近い黄系。ギリシャ語で『太陽の贈り物』を意味し、明るさと希望をもたらす石と言われる。,当サイト独自の選び方（誕生石・デーカンの支配星・誕生色から、販売されている石。work/knowledge/10_誕生日もの.md）・販売例：https://www.creema.jp/item/9457477/detail,True
1117,誕生花,ベゴニア(赤),花ことば：公平,一般財団法人日本花普及センター「誕生花・花ことば366」（長野県 https://www.pref.nagano.lg.jp/enchiku/sangyo/nogyo/engei-suisan/kaki/documents/hanakotoba.pdf・source/birthday/hanakotoba.pdf を2回読み比べて書き起こし）,True
1117,記念日・できごと（記念日）,将棋の日,江戸時代に将軍の前で将棋を指す「御城将棋」が行われた日にちなむ,https://bestcalendar.jp/dates/kinenbi/4787,True
1117,記念日・できごと（できごと）,ドラフト記念日,1965年。プロ野球で初めて新人選手のドラフト会議が開かれた日,https://netlab.click/todayis/1117,True
1118,誕生石（月）,トパーズ・シトリン,,全国宝石卸商協同組合 2021年12月改定（デイリースポーツ https://www.daily.co.jp/society/life/2021/12/20/0014929848.shtml ほか。work/knowledge/10_誕生日もの.md）,True
1118,誕生色,女郎花,おみなえし／#F2F2B0／女郎花の淡い黄。水仙の花芯のやさしい黄色（金盞香にちなむ）,当サイト独自の選び方（七十二候にちなむ日本の伝統色。work/knowledge/10_誕生日もの.md）・色の値：https://www.colordic.org/w,True
1118,誕生日石,セレナイト,デーカンの支配星・月の石。月の女神セレネにちなむ名を持ち、心を澄ませ落ち着かせる石とされる。,当サイト独自の選び方（誕生石・デーカンの支配星・誕生色から、販売されている石。work/knowledge/10_誕生日もの.md）・販売例：https://item.rakuten.co.jp/ojicopet/na-s04-selpam/,True
1118,誕生花,ナナカマド,花ことば：怠りない心,一般財団法人日本花普及センター「誕生花・花ことば366」（長野県 https://www.pref.nagano.lg.jp/enchiku/sangyo/nogyo/engei-suisan/kaki/documents/hanakotoba.pdf・source/birthday/hanakotoba.pdf を2回読み比べて書き起こし）,True
1118,記念日・できごと（記念日）,土木の日,「土」と「木」の字を分けると十一と十八になることから。道や橋に感謝する日,https://bestcalendar.jp/dates/kinenbi/4792,True
1118,記念日・できごと（記念日）,いい家の日,「いい家」の語呂合わせで、住まいについて考えるきっかけの日,https://netlab.click/todayis/1118,True
1119,誕生石（月）,トパーズ・シトリン,,全国宝石卸商協同組合 2021年12月改定（デイリースポーツ https://www.daily.co.jp/society/life/2021/12/20/0014929848.shtml ほか。work/knowledge/10_誕生日もの.md）,True
1119,誕生色,卯の花色,うのはないろ／#F7FCFE／卯の花の白。水仙の白い花びらの凛とした清らかさ（金盞香にちなむ）,当サイト独自の選び方（七十二候にちなむ日本の伝統色。work/knowledge/10_誕生日もの.md）・色の値：https://www.colordic.org/w,True
1119,誕生日石,ハウライト,誕生色（卯の花色）に近い白系。白地に灰色の網目模様が入り、高ぶった気持ちを静め、穏やかな眠りを助ける石と言われる。,当サイト独自の選び方（誕生石・デーカンの支配星・誕生色から、販売されている石。work/knowledge/10_誕生日もの.md）・販売例：https://www.creema.jp/item/15178760/detail,True
1119,誕生花,オトギリソウ,花ことば：秘密,一般財団法人日本花普及センター「誕生花・花ことば366」（長野県 https://www.pref.nagano.lg.jp/enchiku/sangyo/nogyo/engei-suisan/kaki/documents/hanakotoba.pdf・source/birthday/hanakotoba.pdf を2回読み比べて書き起こし）,True
1119,記念日・できごと（できごと）,鉄道電化の日,1956年。東海道本線が東京から神戸まで全線電化された日,https://bestcalendar.jp/dates/kinenbi/4809,True
1119,記念日・できごと（記念日）,農協記念日,1947年。農業協同組合法が公布された日。農業と暮らしを支える仕組みの出発点,https://bestcalendar.jp/dates/kinenbi/4808,True
1120,誕生石（月）,トパーズ・シトリン,,全国宝石卸商協同組合 2021年12月改定（デイリースポーツ https://www.daily.co.jp/society/life/2021/12/20/0014929848.shtml ほか。work/knowledge/10_誕生日もの.md）,True
1120,誕生色,金茶,きんちゃ／#F39800／金色を帯びた茶。香りを放つ水仙の静かな気高さ（金盞香にちなむ）,当サイト独自の選び方（七十二候にちなむ日本の伝統色。work/knowledge/10_誕生日もの.md）・色の値：https://www.colordic.org/w,True
1120,誕生日石,琥珀,誕生色（金茶）に近い橙系。太古の樹脂が固まったもので、太陽のかけらとたとえられ、長寿や繁栄の象徴とされる。,当サイト独自の選び方（誕生石・デーカンの支配星・誕生色から、販売されている石。work/knowledge/10_誕生日もの.md）・販売例：https://item.rakuten.co.jp/mjade/c/0000001973/,True
1120,誕生花,カラスウリ,花ことば：誠実,一般財団法人日本花普及センター「誕生花・花ことば366」（長野県 https://www.pref.nagano.lg.jp/enchiku/sangyo/nogyo/engei-suisan/kaki/documents/hanakotoba.pdf・source/birthday/hanakotoba.pdf を2回読み比べて書き起こし）,True
1120,記念日・できごと（記念日）,ピザの日,マルゲリータの名の由来になった王妃にちなみ、ピザを楽しむ日,https://bestcalendar.jp/dates/kinenbi/4820,True
1120,記念日・できごと（記念日）,毛布の日,寒さが増すころ、ぬくぬくの毛布を出して冬支度をしようという日,https://resemom.jp/release/prtimes/20181116/49234.html,True
1121,誕生石（月）,トパーズ・シトリン,,全国宝石卸商協同組合 2021年12月改定（デイリースポーツ https://www.daily.co.jp/society/life/2021/12/20/0014929848.shtml ほか。work/knowledge/10_誕生日もの.md）,True
1121,誕生色,山吹茶,やまぶきちゃ／#C89932／くすんだ山吹色。冬の日差しに映える水仙の色（金盞香にちなむ）,当サイト独自の選び方（七十二候にちなむ日本の伝統色。work/knowledge/10_誕生日もの.md）・色の値：https://www.colordic.org/colorsample/2317,True
1121,誕生日石,オレンジカルサイト,誕生色（山吹茶）に近い橙系。明るい橙色から、元気と創造する喜びを呼び覚ます石と言われる。,当サイト独自の選び方（誕生石・デーカンの支配星・誕生色から、販売されている石。work/knowledge/10_誕生日もの.md）・販売例：https://store.karatz.jp/products/12515372,True
1121,誕生花,オキザリス,花ことば：輝く心,一般財団法人日本花普及センター「誕生花・花ことば366」（長野県 https://www.pref.nagano.lg.jp/enchiku/sangyo/nogyo/engei-suisan/kaki/documents/hanakotoba.pdf・source/birthday/hanakotoba.pdf を2回読み比べて書き起こし）,True
1121,記念日・できごと（できごと）,フライドチキンの日,1970年。フライドチキン専門店の日本1号店が名古屋に開店した日,https://bestcalendar.jp/articles/4837,True
1121,記念日・できごと（旬）,白菜,寒さで甘みが増す冬野菜。鍋や漬物に欠かせない食卓の主役,,False
1121,記念日・できごと（記念日）,かきフライの日,牡蠣がおいしくなる季節に、さくっと揚げたかきフライを味わう日。,https://netlab.click/todayis/1121,True
1122,誕生石（月）,トパーズ・シトリン,,全国宝石卸商協同組合 2021年12月改定（デイリースポーツ https://www.daily.co.jp/society/life/2021/12/20/0014929848.shtml ほか。work/knowledge/10_誕生日もの.md）,True
1122,誕生色,紅消鼠,べにけしねずみ／#524748／紅を消したような暗い鼠色。派手さを秘める色（虹蔵不見にちなむ）,当サイト独自の選び方（七十二候にちなむ日本の伝統色。work/knowledge/10_誕生日もの.md）・色の値：https://www.colordic.org/w,True
1122,誕生日石,スノーフレークオブシディアン,誕生色（紅消鼠）に近い灰系。黒地に雪の結晶のような白い模様が浮かび、困難の中に光を見つける石と言われる。,当サイト独自の選び方（誕生石・デーカンの支配星・誕生色から、販売されている石。work/knowledge/10_誕生日もの.md）・販売例：https://www.creema.jp/item/18528114/detail,True
1122,誕生花,アロエ,花ことば：健やか,一般財団法人日本花普及センター「誕生花・花ことば366」（長野県 https://www.pref.nagano.lg.jp/enchiku/sangyo/nogyo/engei-suisan/kaki/documents/hanakotoba.pdf・source/birthday/hanakotoba.pdf を2回読み比べて書き起こし）,True
1122,記念日・できごと（記念日）,いい夫婦の日,「いいふうふ」の語呂合わせで、夫婦でゆとりある時間を楽しもうという日,https://bestcalendar.jp/articles/4844,True
1122,記念日・できごと（旬）,紅葉狩り,山や庭園が赤や黄に染まる晩秋。景色を眺めて歩く昔からの楽しみ,,False
1122,記念日・できごと（記念日）,回転寿司記念日,お皿が目の前を回る、日本生まれの楽しい回転寿司にちなむ日。,https://netlab.click/todayis/1122,True
1123,誕生石（月）,トパーズ・シトリン,,全国宝石卸商協同組合 2021年12月改定（デイリースポーツ https://www.daily.co.jp/society/life/2021/12/20/0014929848.shtml ほか。work/knowledge/10_誕生日もの.md）,True
1123,誕生色,梅鼠,うめねず／#C099A0／赤みの鼠色。華やかさを内に秘めた奥ゆかしい色（虹蔵不見にちなむ）,当サイト独自の選び方（七十二候にちなむ日本の伝統色。work/knowledge/10_誕生日もの.md）・色の値：https://www.colordic.org/colorsample/2022,True
1123,誕生日石,タイガーアイ,デーカンの支配星・木星の石。虎の目のような光の筋から、物事を見通す力と決断力を授ける石と言われる。,当サイト独自の選び方（誕生石・デーカンの支配星・誕生色から、販売されている石。work/knowledge/10_誕生日もの.md）・販売例：https://item.rakuten.co.jp/holonshop/c/0000000423/,True
1123,誕生花,キク(白),花ことば：真実,一般財団法人日本花普及センター「誕生花・花ことば366」（長野県 https://www.pref.nagano.lg.jp/enchiku/sangyo/nogyo/engei-suisan/kaki/documents/hanakotoba.pdf・source/birthday/hanakotoba.pdf を2回読み比べて書き起こし）,True
1123,記念日・できごと（行事）,勤労感謝の日,1948年。働くことを尊び、互いに感謝し合う祝日。もとは収穫に感謝する日,https://hugkum.sho.jp/170165,True
1123,記念日・できごと（旬）,新米,その年に収穫した新しいお米。つやと香りがよく、秋の実りを実感できる,,False
1123,記念日・できごと（記念日）,お赤飯の日,収穫に感謝する季節に、お祝いの席を彩るお赤飯をいただく日。,https://zatsuneta.com/archives/11123e.html,True
1124,誕生石（月）,トパーズ・シトリン,,全国宝石卸商協同組合 2021年12月改定（デイリースポーツ https://www.daily.co.jp/society/life/2021/12/20/0014929848.shtml ほか。work/knowledge/10_誕生日もの.md）,True
1124,誕生色,桜鼠,さくらねず／#E9DFE5／ほのかに桜色を帯びた灰。隠れた虹の名残の色（虹蔵不見にちなむ）,当サイト独自の選び方（七十二候にちなむ日本の伝統色。work/knowledge/10_誕生日もの.md）・色の値：https://www.colordic.org/colorsample/2340,True
1124,誕生日石,カルセドニー,誕生色（桜鼠）に近い白系。やわらかな乳白色の青で、人と人とをつなぎ、言葉を穏やかにする石と言われる。,当サイト独自の選び方（誕生石・デーカンの支配星・誕生色から、販売されている石。work/knowledge/10_誕生日もの.md）・販売例：https://store.shopping.yahoo.co.jp/lucky365shop/bbea52a5a5a.html,True
1124,誕生花,ペペロミア,花ことば：片思い,一般財団法人日本花普及センター「誕生花・花ことば366」（長野県 https://www.pref.nagano.lg.jp/enchiku/sangyo/nogyo/engei-suisan/kaki/documents/hanakotoba.pdf・source/birthday/hanakotoba.pdf を2回読み比べて書き起こし）,True
1124,記念日・できごと（記念日）,和食の日,「いいにほんしょく」の語呂合わせ。和食文化を大切に受け継ぐ日,https://zatsuneta.com/archives/111246.html,True
1124,記念日・できごと（記念日）,鰹節の日,「いいふし」の語呂合わせで、だしの文化と鰹節に親しむ日,https://news.nissyoku.co.jp/today/600050,True
1124,記念日・できごと（できごと）,日本初のオペラ上演,1894年。東京音楽学校で『ファウスト』の一場面が演じられた日（オペラ記念日）,https://tabi-mag.jp/day1124/,True
1125,誕生石（月）,トパーズ・シトリン,,全国宝石卸商協同組合 2021年12月改定（デイリースポーツ https://www.daily.co.jp/society/life/2021/12/20/0014929848.shtml ほか。work/knowledge/10_誕生日もの.md）,True
1125,誕生色,紅消鼠,べにけしねずみ／#524748／紅を消したような暗い鼠色。派手さを秘める色（虹蔵不見にちなむ）,当サイト独自の選び方（七十二候にちなむ日本の伝統色。work/knowledge/10_誕生日もの.md）・色の値：https://www.colordic.org/w,True
1125,誕生日石,ラピスラズリ,デーカンの支配星・木星の石。古代エジプトで聖なる石とされ、日本でも仏教の七宝の一つ『瑠璃』として尊ばれた。,当サイト独自の選び方（誕生石・デーカンの支配星・誕生色から、販売されている石。work/knowledge/10_誕生日もの.md）・販売例：https://item.rakuten.co.jp/carat/c/0000000412/,True
1125,誕生花,セントポーリア,花ことば：小さな愛,一般財団法人日本花普及センター「誕生花・花ことば366」（長野県 https://www.pref.nagano.lg.jp/enchiku/sangyo/nogyo/engei-suisan/kaki/documents/hanakotoba.pdf・source/birthday/hanakotoba.pdf を2回読み比べて書き起こし）,True
1125,記念日・できごと（記念日）,ハイビジョンの日,1987年。ハイビジョンの走査線1125本にちなむ、高画質テレビの記念日,https://bestcalendar.jp/dates/kinenbi/135236,True
1125,記念日・できごと（旬）,ゆず,香り高い冬の柑橘。皮を料理に散らしたり、お風呂に浮かべたりして楽しむ,,False
1125,記念日・できごと（記念日）,金型の日,身の回りの製品の形をつくる「金型」の技術に光を当てる、ものづくりの日。,https://netlab.click/todayis/1125,True
1126,誕生石（月）,トパーズ・シトリン,,全国宝石卸商協同組合 2021年12月改定（デイリースポーツ https://www.daily.co.jp/society/life/2021/12/20/0014929848.shtml ほか。work/knowledge/10_誕生日もの.md）,True
1126,誕生色,茶鼠,ちゃねずみ／#A99E93／茶みの鼠色。華やぎが去った初冬の静かな景色（虹蔵不見にちなむ）,当サイト独自の選び方（七十二候にちなむ日本の伝統色。work/knowledge/10_誕生日もの.md）・色の値：https://www.colordic.org/colorsample/2182,True
1126,誕生日石,タイガーアイ,デーカンの支配星・木星の石。虎の目のような光の筋から、物事を見通す力と決断力を授ける石と言われる。,当サイト独自の選び方（誕生石・デーカンの支配星・誕生色から、販売されている石。work/knowledge/10_誕生日もの.md）・販売例：https://item.rakuten.co.jp/holonshop/c/0000000423/,True
1126,誕生花,ラケナリア,花ことば：好奇心,一般財団法人日本花普及センター「誕生花・花ことば366」（長野県 https://www.pref.nagano.lg.jp/enchiku/sangyo/nogyo/engei-suisan/kaki/documents/hanakotoba.pdf・source/birthday/hanakotoba.pdf を2回読み比べて書き起こし）,True
1126,記念日・できごと（記念日）,いい風呂の日,「いいふろ」の語呂合わせで、入浴でゆっくり温まろうという日,https://zatsuneta.com/archives/111262.html,True
1126,記念日・できごと（記念日）,ペンの日,1935年。日本ペンクラブの創立にちなみ、書くことと言葉の力を見つめる日。,https://netlab.click/todayis/1126,True
1127,誕生石（月）,トパーズ・シトリン,,全国宝石卸商協同組合 2021年12月改定（デイリースポーツ https://www.daily.co.jp/society/life/2021/12/20/0014929848.shtml ほか。work/knowledge/10_誕生日もの.md）,True
1127,誕生色,柴色,ふしいろ／#B28C6E／柴を染めた灰みの茶。葉を落とした小枝の色（朔風払葉にちなむ）,当サイト独自の選び方（七十二候にちなむ日本の伝統色。work/knowledge/10_誕生日もの.md）・色の値：https://www.colordic.org/w,True
1127,誕生日石,ターコイズ,デーカンの支配星・木星の石。世界で最も古くから使われた宝石の一つで、旅の安全や身を守るお守りとされてきた。,当サイト独自の選び方（誕生石・デーカンの支配星・誕生色から、販売されている石。work/knowledge/10_誕生日もの.md）・販売例：https://store.shopping.yahoo.co.jp/beadsner/turcno11b.html,True
1127,誕生花,キク(赤),花ことば：真の愛,一般財団法人日本花普及センター「誕生花・花ことば366」（長野県 https://www.pref.nagano.lg.jp/enchiku/sangyo/nogyo/engei-suisan/kaki/documents/hanakotoba.pdf・source/birthday/hanakotoba.pdf を2回読み比べて書き起こし）,True
1127,記念日・できごと（できごと）,ノーベル賞制定記念日,1895年。人類に貢献した人をたたえる賞を設けるとした遺言が書かれた日,https://bestcalendar.jp/dates/kinenbi/4919,True
1127,記念日・できごと（旬）,里芋,ねっとりした食感の秋冬の芋。煮っころがしや芋煮で体が温まる,,False
1127,記念日・できごと（記念日）,組立家具の日,自分の手で組み立てる家具の楽しさと、暮らしの工夫を味わう日。,https://netlab.click/todayis/1127,True
1128,誕生石（月）,トパーズ・シトリン,,全国宝石卸商協同組合 2021年12月改定（デイリースポーツ https://www.daily.co.jp/society/life/2021/12/20/0014929848.shtml ほか。work/knowledge/10_誕生日もの.md）,True
1128,誕生色,煤竹色,すすたけいろ／#6F514C／煤けた竹の茶。木枯らしが吹く冬の家の柱の色（朔風払葉にちなむ）,当サイト独自の選び方（七十二候にちなむ日本の伝統色。work/knowledge/10_誕生日もの.md）・色の値：https://www.colordic.org/colorsample/2273,True
1128,誕生日石,ラピスラズリ,デーカンの支配星・木星の石。古代エジプトで聖なる石とされ、日本でも仏教の七宝の一つ『瑠璃』として尊ばれた。,当サイト独自の選び方（誕生石・デーカンの支配星・誕生色から、販売されている石。work/knowledge/10_誕生日もの.md）・販売例：https://item.rakuten.co.jp/carat/c/0000000412/,True
1128,誕生花,オンシジューム,花ことば：気だての良さ,一般財団法人日本花普及センター「誕生花・花ことば366」（長野県 https://www.pref.nagano.lg.jp/enchiku/sangyo/nogyo/engei-suisan/kaki/documents/hanakotoba.pdf・source/birthday/hanakotoba.pdf を2回読み比べて書き起こし）,True
1128,記念日・できごと（記念日）,フランスパンの日,「いいフランスパン」の語呂合わせで、パンの魅力を広める日,https://bestcalendar.jp/dates/kinenbi/4924,True
1128,記念日・できごと（記念日）,税関記念日,1872年。港の「運上所」が「税関」という名前になったことにちなむ日,https://www.kaitori-daikichi.jp/blog/archives/date/2024/11?shop=451,True
1129,誕生石（月）,トパーズ・シトリン,,全国宝石卸商協同組合 2021年12月改定（デイリースポーツ https://www.daily.co.jp/society/life/2021/12/20/0014929848.shtml ほか。work/knowledge/10_誕生日もの.md）,True
1129,誕生色,柴色,ふしいろ／#B28C6E／柴を染めた灰みの茶。葉を落とした小枝の色（朔風払葉にちなむ）,当サイト独自の選び方（七十二候にちなむ日本の伝統色。work/knowledge/10_誕生日もの.md）・色の値：https://www.colordic.org/w,True
1129,誕生日石,タイガーアイ,デーカンの支配星・木星の石。虎の目のような光の筋から、物事を見通す力と決断力を授ける石と言われる。,当サイト独自の選び方（誕生石・デーカンの支配星・誕生色から、販売されている石。work/knowledge/10_誕生日もの.md）・販売例：https://item.rakuten.co.jp/holonshop/c/0000000423/,True
1129,誕生花,ベゴニア(白),花ことば：親切,一般財団法人日本花普及センター「誕生花・花ことば366」（長野県 https://www.pref.nagano.lg.jp/enchiku/sangyo/nogyo/engei-suisan/kaki/documents/hanakotoba.pdf・source/birthday/hanakotoba.pdf を2回読み比べて書き起こし）,True
1129,記念日・できごと（記念日）,いい肉の日,「いいにく」の語呂合わせで、おいしいお肉を味わおうという日,https://bestcalendar.jp/dates/kinenbi/4934,True
1129,記念日・できごと（旬）,山茶花,冬の始まりに咲く花。生け垣を彩り、寒い時期に明るさを添える,,False
1130,誕生石（月）,トパーズ・シトリン,,全国宝石卸商協同組合 2021年12月改定（デイリースポーツ https://www.daily.co.jp/society/life/2021/12/20/0014929848.shtml ほか。work/knowledge/10_誕生日もの.md）,True
1130,誕生色,媚茶,こびちゃ／#716246／暗い黄みの茶。吹き寄せられた落ち葉の重なり（朔風払葉にちなむ）,当サイト独自の選び方（七十二候にちなむ日本の伝統色。work/knowledge/10_誕生日もの.md）・色の値：https://www.colordic.org/w,True
1130,誕生日石,ブロンザイト,誕生色（媚茶）に近い茶系。青銅のような光沢を持ち、自信と落ち着きを与える石と言われる。,当サイト独自の選び方（誕生石・デーカンの支配星・誕生色から、販売されている石。work/knowledge/10_誕生日もの.md）・販売例：https://store.shopping.yahoo.co.jp/lucky365shop/2da5a5ade56.html,True
1130,誕生花,ユーチャリス,花ことば：清らかな心,一般財団法人日本花普及センター「誕生花・花ことば366」（長野県 https://www.pref.nagano.lg.jp/enchiku/sangyo/nogyo/engei-suisan/kaki/documents/hanakotoba.pdf・source/birthday/hanakotoba.pdf を2回読み比べて書き起こし）,True
1130,記念日・できごと（記念日）,本みりんの日,「いいみりん」の語呂合わせ。煮物や鍋に本みりんが活躍する季節,https://bestcalendar.jp/dates/kinenbi/4946,True
1130,記念日・できごと（記念日）,年金の日,2014年。「いいみらい」の語呂合わせで、将来の暮らしを考えるきっかけの日,https://bestcalendar.jp/dates/kinenbi/4945,True
1201,誕生石（月）,ターコイズ・ラピスラズリ・タンザナイト・ジルコン,,全国宝石卸商協同組合 2021年12月改定（デイリースポーツ https://www.daily.co.jp/society/life/2021/12/20/0014929848.shtml ほか。work/knowledge/10_誕生日もの.md）,True
1201,誕生色,鳶色,とびいろ／#95483F／鳶の羽の赤茶。北風の空を舞う鳶にちなむ色（朔風払葉にちなむ）,当サイト独自の選び方（七十二候にちなむ日本の伝統色。work/knowledge/10_誕生日もの.md）・色の値：https://www.colordic.org/w,True
1201,誕生日石,タンザナイト,12月の誕生石。1960年代に見つかった新しい宝石で、夕暮れの空の色から、冷静さと決断を表す石と言われる。,当サイト独自の選び方（誕生石・デーカンの支配星・誕生色から、販売されている石。work/knowledge/10_誕生日もの.md）・販売例：https://item.rakuten.co.jp/carat/c/0000000412/,True
1201,誕生花,カランコエ,花ことば：おおらかな心,一般財団法人日本花普及センター「誕生花・花ことば366」（長野県 https://www.pref.nagano.lg.jp/enchiku/sangyo/nogyo/engei-suisan/kaki/documents/hanakotoba.pdf・source/birthday/hanakotoba.pdf を2回読み比べて書き起こし）,True
1201,記念日・できごと（できごと）,映画の日,1896年。神戸で日本初の映画の一般公開が行われたことにちなむ日,https://zatsuneta.com/archives/112013.html,True
1201,記念日・できごと（できごと）,鉄の記念日,1858年。釜石で日本初の西洋式高炉による製鉄が成功したことにちなむ日,https://tabi-mag.jp/day1201/,True
1201,記念日・できごと（記念日）,カレー南蛮の日,そば屋生まれのカレー南蛮を味わい、カレーうどん文化を広める日,https://bestcalendar.jp/dates/kinenbi/4968,True
1202,誕生石（月）,ターコイズ・ラピスラズリ・タンザナイト・ジルコン,,全国宝石卸商協同組合 2021年12月改定（デイリースポーツ https://www.daily.co.jp/society/life/2021/12/20/0014929848.shtml ほか。work/knowledge/10_誕生日もの.md）,True
1202,誕生色,萱草色,かんぞういろ／#F8B862／萱草の花の黄橙。黄色く色づき始めた橘の実（橘始黄にちなむ）,当サイト独自の選び方（七十二候にちなむ日本の伝統色。work/knowledge/10_誕生日もの.md）・色の値：https://www.colordic.org/colorsample/2171,True
1202,誕生日石,ターコイズ,12月の誕生石・デーカンの支配星・木星の石。世界で最も古くから使われた宝石の一つで、旅の安全や身を守るお守りとされてきた。,当サイト独自の選び方（誕生石・デーカンの支配星・誕生色から、販売されている石。work/knowledge/10_誕生日もの.md）・販売例：https://store.shopping.yahoo.co.jp/beadsner/turcno11b.html,True
1202,誕生花,ドラセナ,花ことば：幸せな恋,一般財団法人日本花普及センター「誕生花・花ことば366」（長野県 https://www.pref.nagano.lg.jp/enchiku/sangyo/nogyo/engei-suisan/kaki/documents/hanakotoba.pdf・source/birthday/hanakotoba.pdf を2回読み比べて書き起こし）,True
1202,記念日・できごと（できごと）,日本人宇宙飛行記念日,1990年。日本人が初めて宇宙へ飛び立った日とされる,https://netlab.click/todayis/1202,True
1202,記念日・できごと（旬）,大根,冬に甘みを増す大根。おでんやぶり大根で体の芯から温まる,,False
1203,誕生石（月）,ターコイズ・ラピスラズリ・タンザナイト・ジルコン,,全国宝石卸商協同組合 2021年12月改定（デイリースポーツ https://www.daily.co.jp/society/life/2021/12/20/0014929848.shtml ほか。work/knowledge/10_誕生日もの.md）,True
1203,誕生色,蜜柑色,みかんいろ／#F08300／蜜柑の実の色。冬に色づく柑橘の明るさと実り（橘始黄にちなむ）,当サイト独自の選び方（七十二候にちなむ日本の伝統色。work/knowledge/10_誕生日もの.md）・色の値：https://www.colordic.org/w,True
1203,誕生日石,タンザナイト,12月の誕生石。1960年代に見つかった新しい宝石で、夕暮れの空の色から、冷静さと決断を表す石と言われる。,当サイト独自の選び方（誕生石・デーカンの支配星・誕生色から、販売されている石。work/knowledge/10_誕生日もの.md）・販売例：https://item.rakuten.co.jp/carat/c/0000000412/,True
1203,誕生花,ファレノプシス,花ことば：機敏な人,一般財団法人日本花普及センター「誕生花・花ことば366」（長野県 https://www.pref.nagano.lg.jp/enchiku/sangyo/nogyo/engei-suisan/kaki/documents/hanakotoba.pdf・source/birthday/hanakotoba.pdf を2回読み比べて書き起こし）,True
1203,記念日・できごと（できごと）,カレンダーの日,1872年。太陰太陽暦から太陽暦への切り替えにちなむ日とされる,https://netlab.click/todayis/1203,True
1203,記念日・できごと（旬）,蕪（かぶ）,やわらかく甘い冬のかぶ。千枚漬けやスープでやさしい味を楽しむ,,False
1203,記念日・できごと（記念日）,奇術の日,1990年。「ワン(1)・ツー(2)・スリー(3)」のかけ声から生まれた、手品を楽しむ日。,https://zatsuneta.com/archives/112032.html,True
1204,誕生石（月）,ターコイズ・ラピスラズリ・タンザナイト・ジルコン,,全国宝石卸商協同組合 2021年12月改定（デイリースポーツ https://www.daily.co.jp/society/life/2021/12/20/0014929848.shtml ほか。work/knowledge/10_誕生日もの.md）,True
1204,誕生色,柑子色,こうじいろ／#F6AD49／柑子みかんの黄橙。橘に近い日本古来の柑橘の色（橘始黄にちなむ）,当サイト独自の選び方（七十二候にちなむ日本の伝統色。work/knowledge/10_誕生日もの.md）・色の値：https://www.colordic.org/colorsample/2203,True
1204,誕生日石,ジルコン,12月の誕生石。地球最古級の鉱物として知られ、強い輝きから安らぎと知恵をもたらす石と伝わる。,当サイト独自の選び方（誕生石・デーカンの支配星・誕生色から、販売されている石。work/knowledge/10_誕生日もの.md）・販売例：https://item.rakuten.co.jp/carat/c/0000000412/,True
1204,誕生花,ハボタン,花ことば：祝福,一般財団法人日本花普及センター「誕生花・花ことば366」（長野県 https://www.pref.nagano.lg.jp/enchiku/sangyo/nogyo/engei-suisan/kaki/documents/hanakotoba.pdf・source/birthday/hanakotoba.pdf を2回読み比べて書き起こし）,True
1204,記念日・できごと（できごと）,血清療法の日,1890年。日本人研究者らによる血清療法の論文発表にちなむ日とされる,https://netlab.click/todayis/1204,True
1204,記念日・できごと（旬）,春菊,香りのよい冬の青菜。鍋に入れるとぐっと季節感が増す,,False
1204,記念日・できごと（記念日）,E.T.の日,1982年。映画『E.T.』が日本で公開されたことにちなむ、心温まる友情を思う日。,https://netlab.click/todayis/1204,True
1205,誕生石（月）,ターコイズ・ラピスラズリ・タンザナイト・ジルコン,,全国宝石卸商協同組合 2021年12月改定（デイリースポーツ https://www.daily.co.jp/society/life/2021/12/20/0014929848.shtml ほか。work/knowledge/10_誕生日もの.md）,True
1205,誕生色,黄丹,おうに／#EE7948／皇太子の袍の色。永遠を象徴する橘の高貴さ（橘始黄にちなむ）,当サイト独自の選び方（七十二候にちなむ日本の伝統色。work/knowledge/10_誕生日もの.md）・色の値：https://www.colordic.org/colorsample/2248,True
1205,誕生日石,タンザナイト,12月の誕生石。1960年代に見つかった新しい宝石で、夕暮れの空の色から、冷静さと決断を表す石と言われる。,当サイト独自の選び方（誕生石・デーカンの支配星・誕生色から、販売されている石。work/knowledge/10_誕生日もの.md）・販売例：https://item.rakuten.co.jp/carat/c/0000000412/,True
1205,誕生花,ナンテン,花ことば：機知に富む,一般財団法人日本花普及センター「誕生花・花ことば366」（長野県 https://www.pref.nagano.lg.jp/enchiku/sangyo/nogyo/engei-suisan/kaki/documents/hanakotoba.pdf・source/birthday/hanakotoba.pdf を2回読み比べて書き起こし）,True
1205,記念日・できごと（記念日）,アルバムの日,年末に一年の写真を整理しようと呼びかける日とされる,https://zatsuneta.com/archives/112053.html,True
1205,記念日・できごと（旬）,ふろふき大根,やわらかく煮た大根に味噌をのせる冬の家庭料理,,False
1205,記念日・できごと（記念日）,国際ボランティア・デー,誰かのために動くボランティアの力をたたえ、広げていこうという国際デー。,https://netlab.click/todayis/1205,True
1206,誕生石（月）,ターコイズ・ラピスラズリ・タンザナイト・ジルコン,,全国宝石卸商協同組合 2021年12月改定（デイリースポーツ https://www.daily.co.jp/society/life/2021/12/20/0014929848.shtml ほか。work/knowledge/10_誕生日もの.md）,True
1206,誕生色,萱草色,かんぞういろ／#F8B862／萱草の花の黄橙。黄色く色づき始めた橘の実（橘始黄にちなむ）,当サイト独自の選び方（七十二候にちなむ日本の伝統色。work/knowledge/10_誕生日もの.md）・色の値：https://www.colordic.org/colorsample/2171,True
1206,誕生日石,ジルコン,12月の誕生石。地球最古級の鉱物として知られ、強い輝きから安らぎと知恵をもたらす石と伝わる。,当サイト独自の選び方（誕生石・デーカンの支配星・誕生色から、販売されている石。work/knowledge/10_誕生日もの.md）・販売例：https://item.rakuten.co.jp/carat/c/0000000412/,True
1206,誕生花,センナリホウズキ,花ことば：可憐な愛,一般財団法人日本花普及センター「誕生花・花ことば366」（長野県 https://www.pref.nagano.lg.jp/enchiku/sangyo/nogyo/engei-suisan/kaki/documents/hanakotoba.pdf・source/birthday/hanakotoba.pdf を2回読み比べて書き起こし）,True
1206,記念日・できごと（記念日）,音の日,1877年。エジソンが音を記録して再生できる蓄音機を発明した日にちなむ、音の文化の日。,https://netlab.click/todayis/1206,True
1206,記念日・できごと（旬）,ズワイガニ,冬の日本海の味覚。地域ごとの呼び名で親しまれる冬のごちそう,,False
1206,記念日・できごと（記念日）,シンフォニー記念日,オーケストラが奏でる交響曲に耳をかたむけ、音楽の豊かさを味わう日。,https://netlab.click/todayis/1206,True
1207,誕生石（月）,ターコイズ・ラピスラズリ・タンザナイト・ジルコン,,全国宝石卸商協同組合 2021年12月改定（デイリースポーツ https://www.daily.co.jp/society/life/2021/12/20/0014929848.shtml ほか。work/knowledge/10_誕生日もの.md）,True
1207,誕生色,墨,すみ／#595857／墨の色。天地の気がふさがる本格的な冬の重い空気（閉塞成冬にちなむ）,当サイト独自の選び方（七十二候にちなむ日本の伝統色。work/knowledge/10_誕生日もの.md）・色の値：https://www.colordic.org/colorsample/2294,True
1207,誕生日石,マホガニーオブシディアン,デーカンの支配星・火星の石。黒と赤茶がまじる黒曜石で、地に足をつけ、内なる強さを支える石と言われる。,当サイト独自の選び方（誕生石・デーカンの支配星・誕生色から、販売されている石。work/knowledge/10_誕生日もの.md）・販売例：https://www.creema.jp/item/17861908/detail,True
1207,誕生花,ウメモドキ,花ことば：深い愛情,一般財団法人日本花普及センター「誕生花・花ことば366」（長野県 https://www.pref.nagano.lg.jp/enchiku/sangyo/nogyo/engei-suisan/kaki/documents/hanakotoba.pdf・source/birthday/hanakotoba.pdf を2回読み比べて書き起こし）,True
1207,記念日・できごと（できごと）,クリスマスツリーの日,1886年。横浜の明治屋に、記録に残る日本初のクリスマスツリーが飾られた日。,https://tabi-mag.jp/day1207/,True
1207,記念日・できごと（旬）,ポインセチア,赤と緑で冬を彩る鉢花。年末の部屋を華やかにしてくれる,,False
1207,記念日・できごと（できごと）,神戸港開港記念日,神戸の港が海外に開かれ、異国の文化が行き交う港町の歩みが始まった日。,https://tabi-mag.jp/day1207/,True
1208,誕生石（月）,ターコイズ・ラピスラズリ・タンザナイト・ジルコン,,全国宝石卸商協同組合 2021年12月改定（デイリースポーツ https://www.daily.co.jp/society/life/2021/12/20/0014929848.shtml ほか。work/knowledge/10_誕生日もの.md）,True
1208,誕生色,黒橡,くろつるばみ／#544A47／団栗で染めた黒。内にこもり静かに力を蓄える色（閉塞成冬にちなむ）,当サイト独自の選び方（七十二候にちなむ日本の伝統色。work/knowledge/10_誕生日もの.md）・色の値：https://www.colordic.org/colorsample/2272,True
1208,誕生日石,ガーネット,デーカンの支配星・火星の石。実りの象徴とされ、旅人が身を守るお守りにしたと伝わる。変わらぬ友情や努力を支える石と言われる。,当サイト独自の選び方（誕生石・デーカンの支配星・誕生色から、販売されている石。work/knowledge/10_誕生日もの.md）・販売例：https://store.karatz.jp/en/products/12560127,True
1208,誕生花,シクラメン(白),花ことば：思いやり,一般財団法人日本花普及センター「誕生花・花ことば366」（長野県 https://www.pref.nagano.lg.jp/enchiku/sangyo/nogyo/engei-suisan/kaki/documents/hanakotoba.pdf・source/birthday/hanakotoba.pdf を2回読み比べて書き起こし）,True
1208,記念日・できごと（行事）,針供養,折れた針に感謝し、やわらかい豆腐などに刺して供養する行事（地域による）,https://tabi-mag.jp/day1208/,True
1208,記念日・できごと（旬）,寒ブリ,脂がのって身が締まる冬のブリ。刺身や照り焼きで旬を味わう,,False
1208,記念日・できごと（記念日）,有機農業の日,2006年。有機農業を進める法律の成立にちなみ、土と作物にやさしい農業を考える日。,https://netlab.click/todayis/1208,True
1209,誕生石（月）,ターコイズ・ラピスラズリ・タンザナイト・ジルコン,,全国宝石卸商協同組合 2021年12月改定（デイリースポーツ https://www.daily.co.jp/society/life/2021/12/20/0014929848.shtml ほか。work/knowledge/10_誕生日もの.md）,True
1209,誕生色,鉄黒,てつぐろ／#281A14／鉄のような黒。ひとりで自分を深める静けさ（閉塞成冬にちなむ）,当サイト独自の選び方（七十二候にちなむ日本の伝統色。work/knowledge/10_誕生日もの.md）・色の値：https://www.colordic.org/colorsample/2059,True
1209,誕生日石,シュンガイト,誕生色（鉄黒）に近い黒系。ロシアのシュンガ村で採れる炭素の多い石で、場を清める石として知られる。,当サイト独自の選び方（誕生石・デーカンの支配星・誕生色から、販売されている石。work/knowledge/10_誕生日もの.md）・販売例：https://www.creema.jp/item/3297997/detail,True
1209,誕生花,グロリオサ,花ことば：栄光,一般財団法人日本花普及センター「誕生花・花ことば366」（長野県 https://www.pref.nagano.lg.jp/enchiku/sangyo/nogyo/engei-suisan/kaki/documents/hanakotoba.pdf・source/birthday/hanakotoba.pdf を2回読み比べて書き起こし）,True
1209,記念日・できごと（旬）,鱈（たら）,雪の季節においしくなる白身魚。鍋に入れるとやさしいだしが出る,,False
1209,記念日・できごと（旬）,冬の星座,空気が澄んで星がよく見える季節。オリオン座が夜空にのぼる,,False
1209,記念日・できごと（記念日）,障害者の日,1975年。国連で障害者の権利宣言が採択されたことにちなみ、共に暮らす社会を考える日。,https://netlab.click/todayis/1209,True
1210,誕生石（月）,ターコイズ・ラピスラズリ・タンザナイト・ジルコン,,全国宝石卸商協同組合 2021年12月改定（デイリースポーツ https://www.daily.co.jp/society/life/2021/12/20/0014929848.shtml ほか。work/knowledge/10_誕生日もの.md）,True
1210,誕生色,憲法色,けんぽういろ／#543F32／黒みの茶。吉岡憲法に由来し内省の落ち着き（閉塞成冬にちなむ）,当サイト独自の選び方（七十二候にちなむ日本の伝統色。work/knowledge/10_誕生日もの.md）・色の値：https://www.colordic.org/w,True
1210,誕生日石,マホガニーオブシディアン,デーカンの支配星・火星の石・誕生色（憲法色）に近い茶系。黒と赤茶がまじる黒曜石で、地に足をつけ、内なる強さを支える石と言われる。,当サイト独自の選び方（誕生石・デーカンの支配星・誕生色から、販売されている石。work/knowledge/10_誕生日もの.md）・販売例：https://www.creema.jp/item/17861908/detail,True
1210,誕生花,シャコバサボテン,花ことば：冒険心,一般財団法人日本花普及センター「誕生花・花ことば366」（長野県 https://www.pref.nagano.lg.jp/enchiku/sangyo/nogyo/engei-suisan/kaki/documents/hanakotoba.pdf・source/birthday/hanakotoba.pdf を2回読み比べて書き起こし）,True
1210,記念日・できごと（記念日）,世界人権デー,1948年。世界人権宣言が採択された日とされ、人の尊さを考える日,https://netlab.click/todayis/1210,True
1210,記念日・できごと（旬）,ふぐ,冬が旬の高級魚。てっちりやひれ酒で冬の食卓を楽しむ,,False
1211,誕生石（月）,ターコイズ・ラピスラズリ・タンザナイト・ジルコン,,全国宝石卸商協同組合 2021年12月改定（デイリースポーツ https://www.daily.co.jp/society/life/2021/12/20/0014929848.shtml ほか。work/knowledge/10_誕生日もの.md）,True
1211,誕生色,鉄黒,てつぐろ／#281A14／鉄のような黒。ひとりで自分を深める静けさ（閉塞成冬にちなむ）,当サイト独自の選び方（七十二候にちなむ日本の伝統色。work/knowledge/10_誕生日もの.md）・色の値：https://www.colordic.org/colorsample/2059,True
1211,誕生日石,シュンガイト,誕生色（鉄黒）に近い黒系。ロシアのシュンガ村で採れる炭素の多い石で、場を清める石として知られる。,当サイト独自の選び方（誕生石・デーカンの支配星・誕生色から、販売されている石。work/knowledge/10_誕生日もの.md）・販売例：https://www.creema.jp/item/3297997/detail,True
1211,誕生花,ホーリー,花ことば：永遠の輝き,一般財団法人日本花普及センター「誕生花・花ことば366」（長野県 https://www.pref.nagano.lg.jp/enchiku/sangyo/nogyo/engei-suisan/kaki/documents/hanakotoba.pdf・source/birthday/hanakotoba.pdf を2回読み比べて書き起こし）,True
1211,記念日・できごと（記念日）,胃腸の日,2002年。「いい胃腸」の語呂合わせで、年末の胃腸をいたわる日とされる,https://zatsuneta.com/archives/112112.html,True
1211,記念日・できごと（旬）,葛湯,とろりと甘い温かい飲み物。寒い夜に体をほっと温める,,False
1211,記念日・できごと（記念日）,国際山岳デー,山の自然とふもとの暮らしを大切にし、守っていこうという国連の国際デー。,https://zatsuneta.com/archives/112114.html,True
1212,誕生石（月）,ターコイズ・ラピスラズリ・タンザナイト・ジルコン,,全国宝石卸商協同組合 2021年12月改定（デイリースポーツ https://www.daily.co.jp/society/life/2021/12/20/0014929848.shtml ほか。work/knowledge/10_誕生日もの.md）,True
1212,誕生色,黒,くろ／#2B2B2B／深い黒色。穴にこもって冬を越す熊の毛並み（熊蟄穴にちなむ）,当サイト独自の選び方（七十二候にちなむ日本の伝統色。work/knowledge/10_誕生日もの.md）・色の値：https://www.colordic.org/colorsample/2297,True
1212,誕生日石,ブラッドストーン,デーカンの支配星・火星の石。緑の地に赤い斑点が入り、勇気と粘り強さを与える石として兵士が身につけたと伝わる。,当サイト独自の選び方（誕生石・デーカンの支配星・誕生色から、販売されている石。work/knowledge/10_誕生日もの.md）・販売例：https://www.creema.jp/item/10372787/detail,True
1212,誕生花,ムラサキハナナ,花ことば：優秀,一般財団法人日本花普及センター「誕生花・花ことば366」（長野県 https://www.pref.nagano.lg.jp/enchiku/sangyo/nogyo/engei-suisan/kaki/documents/hanakotoba.pdf・source/birthday/hanakotoba.pdf を2回読み比べて書き起こし）,True
1212,記念日・できごと（記念日）,漢字の日,1995年。「いい字一字」の語呂合わせ。一年を表す漢字が発表される日,https://zatsuneta.com/archives/112122.html,True
1212,記念日・できごと（旬）,シクラメン,冬の鉢花の代表。赤や白、ピンクの花が窓辺を明るくする,,False
1212,記念日・できごと（記念日）,バッテリーの日,車や家電を陰で支える電池・バッテリーの役割を知ってもらう日。,https://zatsuneta.com/archives/112121.html,True
1213,誕生石（月）,ターコイズ・ラピスラズリ・タンザナイト・ジルコン,,全国宝石卸商協同組合 2021年12月改定（デイリースポーツ https://www.daily.co.jp/society/life/2021/12/20/0014929848.shtml ほか。work/knowledge/10_誕生日もの.md）,True
1213,誕生色,漆黒,しっこく／#0D0015／漆のような艶のある黒。熊が眠る冬の穴の深い闇（熊蟄穴にちなむ）,当サイト独自の選び方（七十二候にちなむ日本の伝統色。work/knowledge/10_誕生日もの.md）・色の値：https://www.colordic.org/colorsample/2298,True
1213,誕生日石,シュンガイト,誕生色（漆黒）に近い黒系。ロシアのシュンガ村で採れる炭素の多い石で、場を清める石として知られる。,当サイト独自の選び方（誕生石・デーカンの支配星・誕生色から、販売されている石。work/knowledge/10_誕生日もの.md）・販売例：https://www.creema.jp/item/3297997/detail,True
1213,誕生花,デンドロビウム,花ことば：天性の華を持つ,一般財団法人日本花普及センター「誕生花・花ことば366」（長野県 https://www.pref.nagano.lg.jp/enchiku/sangyo/nogyo/engei-suisan/kaki/documents/hanakotoba.pdf・source/birthday/hanakotoba.pdf を2回読み比べて書き起こし）,True
1213,記念日・できごと（行事）,正月事始め（すす払い）,お正月を迎える準備を始め、家のすすを払う昔からの習わし,https://netlab.click/todayis/1213,True
1213,記念日・できごと（旬）,金目鯛,冬に脂がのる赤い魚。煮付けにすると華やかな食卓になる,,False
1213,記念日・できごと（記念日）,双子の日,1874年。双子に関わる明治の政令にちなみ、双子の誕生とその絆を祝う日。,https://netlab.click/todayis/1213,True
1214,誕生石（月）,ターコイズ・ラピスラズリ・タンザナイト・ジルコン,,全国宝石卸商協同組合 2021年12月改定（デイリースポーツ https://www.daily.co.jp/society/life/2021/12/20/0014929848.shtml ほか。work/knowledge/10_誕生日もの.md）,True
1214,誕生色,琥珀色,こはくいろ／#BF783A／琥珀の色。熊の好む蜂蜜と内に蓄えた力の象徴（熊蟄穴にちなむ）,当サイト独自の選び方（七十二候にちなむ日本の伝統色。work/knowledge/10_誕生日もの.md）・色の値：https://www.colordic.org/colorsample/2210,True
1214,誕生日石,サンストーン,デーカンの支配星・太陽の石・誕生色（琥珀色）に近い橙系。太陽のきらめきを閉じ込めたような石で、前向きな気持ちや自信を呼ぶと言われる。,当サイト独自の選び方（誕生石・デーカンの支配星・誕生色から、販売されている石。work/knowledge/10_誕生日もの.md）・販売例：https://item.rakuten.co.jp/auc-hinryo/c/0000000145/,True
1214,誕生花,サイネリア(紫),花ことば：喜び,一般財団法人日本花普及センター「誕生花・花ことば366」（長野県 https://www.pref.nagano.lg.jp/enchiku/sangyo/nogyo/engei-suisan/kaki/documents/hanakotoba.pdf・source/birthday/hanakotoba.pdf を2回読み比べて書き起こし）,True
1214,記念日・できごと（できごと）,南極の日,1911年。人類が初めて南極点にたどり着いたとされる冒険の記念日,https://zatsuneta.com/archives/112142.html,True
1214,記念日・できごと（旬）,雪吊り,雪の重みで枝が折れないよう、庭木に縄を張る冬の風景,,False
1215,誕生石（月）,ターコイズ・ラピスラズリ・タンザナイト・ジルコン,,全国宝石卸商協同組合 2021年12月改定（デイリースポーツ https://www.daily.co.jp/society/life/2021/12/20/0014929848.shtml ほか。work/knowledge/10_誕生日もの.md）,True
1215,誕生色,赤銅色,しゃくどういろ／#752100／赤みの銅色。月の輪熊の毛の赤みを思わせる（熊蟄穴にちなむ）,当サイト独自の選び方（七十二候にちなむ日本の伝統色。work/knowledge/10_誕生日もの.md）・色の値：https://www.colordic.org/colorsample/2227,True
1215,誕生日石,琥珀,デーカンの支配星・太陽の石・誕生色（赤銅色）に近い茶系。太古の樹脂が固まったもので、太陽のかけらとたとえられ、長寿や繁栄の象徴とされる。,当サイト独自の選び方（誕生石・デーカンの支配星・誕生色から、販売されている石。work/knowledge/10_誕生日もの.md）・販売例：https://item.rakuten.co.jp/mjade/c/0000001973/,True
1215,誕生花,カトレア(黄),花ことば：魅了,一般財団法人日本花普及センター「誕生花・花ことば366」（長野県 https://www.pref.nagano.lg.jp/enchiku/sangyo/nogyo/engei-suisan/kaki/documents/hanakotoba.pdf・source/birthday/hanakotoba.pdf を2回読み比べて書き起こし）,True
1215,記念日・できごと（行事）,年賀郵便の受付開始,元日に届ける年賀状の特別な受付が始まる日。今年の締めくくりの便りを書く頃。,https://tabi-mag.jp/day1215/,True
1215,記念日・できごと（旬）,落花生,秋に収穫し乾燥させた落花生。香ばしく炒って冬のおつまみに,,False
1215,記念日・できごと（記念日）,観光バス記念日,窓の外の景色を楽しみながら名所をめぐる、観光バスの旅に親しむ日。,https://tabi-mag.jp/day1215/,True
1216,誕生石（月）,ターコイズ・ラピスラズリ・タンザナイト・ジルコン,,全国宝石卸商協同組合 2021年12月改定（デイリースポーツ https://www.daily.co.jp/society/life/2021/12/20/0014929848.shtml ほか。work/knowledge/10_誕生日もの.md）,True
1216,誕生色,茶色,ちゃいろ／#965042／茶の色。ひぐまの温かく豊かな毛並みにちなむ色（熊蟄穴にちなむ）,当サイト独自の選び方（七十二候にちなむ日本の伝統色。work/knowledge/10_誕生日もの.md）・色の値：https://www.colordic.org/colorsample/2229,True
1216,誕生日石,タンザナイト,12月の誕生石。1960年代に見つかった新しい宝石で、夕暮れの空の色から、冷静さと決断を表す石と言われる。,当サイト独自の選び方（誕生石・デーカンの支配星・誕生色から、販売されている石。work/knowledge/10_誕生日もの.md）・販売例：https://item.rakuten.co.jp/carat/c/0000000412/,True
1216,誕生花,ストレリチア,花ことば：輝かしい未来,一般財団法人日本花普及センター「誕生花・花ことば366」（長野県 https://www.pref.nagano.lg.jp/enchiku/sangyo/nogyo/engei-suisan/kaki/documents/hanakotoba.pdf・source/birthday/hanakotoba.pdf を2回読み比べて書き起こし）,True
1216,記念日・できごと（できごと）,電話創業の日,1890年。東京と横浜の間で日本初の電話サービスが始まったとされる日,https://tabi-mag.jp/day1216/,True
1216,記念日・できごと（旬）,牡丹鍋,猪肉を味噌で煮込む冬の鍋。山里の伝統的なごちそう,,False
1216,記念日・できごと（記念日）,紙の記念日,1875年。東京・王子の製紙工場が操業を始めたことにちなみ、紙のありがたさを思う日。,https://zatsuneta.com/archives/112162.html,True
1217,誕生石（月）,ターコイズ・ラピスラズリ・タンザナイト・ジルコン,,全国宝石卸商協同組合 2021年12月改定（デイリースポーツ https://www.daily.co.jp/society/life/2021/12/20/0014929848.shtml ほか。work/knowledge/10_誕生日もの.md）,True
1217,誕生色,甚三紅,じんざもみ／#EE827C／紅花の代わりに染めた紅。原点に戻る鮭の色（鱖魚群にちなむ）,当サイト独自の選び方（七十二候にちなむ日本の伝統色。work/knowledge/10_誕生日もの.md）・色の値：https://www.colordic.org/colorsample/2372,True
1217,誕生日石,レピドライト,誕生色（甚三紅）に近い桃系。うろこのようにきらめく雲母で、変化の時期に心を穏やかにする石と言われる。,当サイト独自の選び方（誕生石・デーカンの支配星・誕生色から、販売されている石。work/knowledge/10_誕生日もの.md）・販売例：https://www.creema.jp/item/17806759/detail,True
1217,誕生花,ツワブキ,花ことば：先を見通す能力,一般財団法人日本花普及センター「誕生花・花ことば366」（長野県 https://www.pref.nagano.lg.jp/enchiku/sangyo/nogyo/engei-suisan/kaki/documents/hanakotoba.pdf・source/birthday/hanakotoba.pdf を2回読み比べて書き起こし）,True
1217,記念日・できごと（できごと）,飛行機の日,1903年。ライト兄弟が動力飛行に初めて成功したとされる日,https://netlab.click/todayis/1217,True
1217,記念日・できごと（旬）,あんこう鍋,冬が旬のあんこう。肝を溶かした濃厚な鍋が名物,,False
1218,誕生石（月）,ターコイズ・ラピスラズリ・タンザナイト・ジルコン,,全国宝石卸商協同組合 2021年12月改定（デイリースポーツ https://www.daily.co.jp/society/life/2021/12/20/0014929848.shtml ほか。work/knowledge/10_誕生日もの.md）,True
1218,誕生色,珊瑚色,さんごいろ／#F5B1AA／珊瑚の淡い桃色。鮭が大きく育った遠い海の色（鱖魚群にちなむ）,当サイト独自の選び方（七十二候にちなむ日本の伝統色。work/knowledge/10_誕生日もの.md）・色の値：https://www.colordic.org/colorsample/2280,True
1218,誕生日石,ユナカイト,誕生色（珊瑚色）に近い桃系。緑と桃色がまだらにまじり、心と体のバランスを整える石と言われる。,当サイト独自の選び方（誕生石・デーカンの支配星・誕生色から、販売されている石。work/knowledge/10_誕生日もの.md）・販売例：https://item.rakuten.co.jp/auc-ryusho/c/0000001069/,True
1218,誕生花,リカステ,花ことば：快活,一般財団法人日本花普及センター「誕生花・花ことば366」（長野県 https://www.pref.nagano.lg.jp/enchiku/sangyo/nogyo/engei-suisan/kaki/documents/hanakotoba.pdf・source/birthday/hanakotoba.pdf を2回読み比べて書き起こし）,True
1218,記念日・できごと（できごと）,東京駅完成記念日,1914年。赤レンガの東京駅が完成し開業したとされる日,https://zatsuneta.com/category/anniversary12.html,True
1218,記念日・できごと（旬）,蓮根,冬においしくなる蓮根。穴があることから先の見通しがよい縁起物,,False
1219,誕生石（月）,ターコイズ・ラピスラズリ・タンザナイト・ジルコン,,全国宝石卸商協同組合 2021年12月改定（デイリースポーツ https://www.daily.co.jp/society/life/2021/12/20/0014929848.shtml ほか。work/knowledge/10_誕生日もの.md）,True
1219,誕生色,洗朱,あらいしゅ／#D0826C／淡い朱色。産卵期に赤く婚姻色に染まる鮭の体（鱖魚群にちなむ）,当サイト独自の選び方（七十二候にちなむ日本の伝統色。work/knowledge/10_誕生日もの.md）・色の値：https://www.colordic.org/colorsample/2262,True
1219,誕生日石,ジルコン,12月の誕生石。地球最古級の鉱物として知られ、強い輝きから安らぎと知恵をもたらす石と伝わる。,当サイト独自の選び方（誕生石・デーカンの支配星・誕生色から、販売されている石。work/knowledge/10_誕生日もの.md）・販売例：https://item.rakuten.co.jp/carat/c/0000000412/,True
1219,誕生花,オモト,花ことば：崇高な精神,一般財団法人日本花普及センター「誕生花・花ことば366」（長野県 https://www.pref.nagano.lg.jp/enchiku/sangyo/nogyo/engei-suisan/kaki/documents/hanakotoba.pdf・source/birthday/hanakotoba.pdf を2回読み比べて書き起こし）,True
1219,記念日・できごと（旬）,ホットワイン,果物やスパイスを入れて温めたワイン。冬の夜にぴったり,,False
1219,記念日・できごと（旬）,みかん箱,こたつにみかんが似合う季節。冬の団らんの定番風景,,False
1219,記念日・できごと（記念日）,日本人初飛行の日,日本人の操縦する飛行機が、日本の空を初めて公式に飛んだことにちなむ日。,https://zatsuneta.com/archives/112191.html,True
1220,誕生石（月）,ターコイズ・ラピスラズリ・タンザナイト・ジルコン,,全国宝石卸商協同組合 2021年12月改定（デイリースポーツ https://www.daily.co.jp/society/life/2021/12/20/0014929848.shtml ほか。work/knowledge/10_誕生日もの.md）,True
1220,誕生色,退紅,あらぞめ／#D69090／薄い紅。流れに逆らう鮭の銀に差す紅みの色（鱖魚群にちなむ）,当サイト独自の選び方（七十二候にちなむ日本の伝統色。work/knowledge/10_誕生日もの.md）・色の値：https://www.colordic.org/colorsample/2001,True
1220,誕生日石,インカローズ,誕生色（退紅）に近い桃系。アンデスで産出し、インカの人々に愛されたと伝わる。情熱的な愛と自分を好きになる心の石とされる。,当サイト独自の選び方（誕生石・デーカンの支配星・誕生色から、販売されている石。work/knowledge/10_誕生日もの.md）・販売例：https://store.shopping.yahoo.co.jp/tosho-stones/712-80.html,True
1220,誕生花,クンシラン,花ことば：幸せを呼ぶ,一般財団法人日本花普及センター「誕生花・花ことば366」（長野県 https://www.pref.nagano.lg.jp/enchiku/sangyo/nogyo/engei-suisan/kaki/documents/hanakotoba.pdf・source/birthday/hanakotoba.pdf を2回読み比べて書き起こし）,True
1220,記念日・できごと（旬）,鰤大根,ぶりのあらと大根をじっくり煮込む、冬の定番の家庭料理,,False
1220,記念日・できごと（旬）,イルミネーション,街が光で彩られる季節。夜の散歩が楽しくなる,,False
1220,記念日・できごと（記念日）,ブリの日,「ぶ(2)り(輪=0)」の語呂から、脂ののった冬のブリを味わう日。,https://zatsuneta.com/archives/112204.html,True
1220,記念日・できごと（記念日）,デパート開業の日,日本のデパートの始まりにちなむ日。年末の華やかな売り場が似合う頃。,https://tabi-mag.jp/day1220/,True
1221,誕生石（月）,ターコイズ・ラピスラズリ・タンザナイト・ジルコン,,全国宝石卸商協同組合 2021年12月改定（デイリースポーツ https://www.daily.co.jp/society/life/2021/12/20/0014929848.shtml ほか。work/knowledge/10_誕生日もの.md）,True
1221,誕生色,藍色,あいいろ／#165E83／濃い青。生まれた川へ戻る鮭が泳ぐ冷たい水（鱖魚群にちなむ）,当サイト独自の選び方（七十二候にちなむ日本の伝統色。work/knowledge/10_誕生日もの.md）・色の値：https://www.colordic.org/colorsample/2076,True
1221,誕生日石,クリソコラ,誕生色（藍色）に近い青系。青と緑がまじり合う石で、女性らしいやさしさや穏やかな表現を助ける石と言われる。,当サイト独自の選び方（誕生石・デーカンの支配星・誕生色から、販売されている石。work/knowledge/10_誕生日もの.md）・販売例：https://www.creema.jp/item/1747596/detail,True
1221,誕生花,コルチカム,花ことば：美徳,一般財団法人日本花普及センター「誕生花・花ことば366」（長野県 https://www.pref.nagano.lg.jp/enchiku/sangyo/nogyo/engei-suisan/kaki/documents/hanakotoba.pdf・source/birthday/hanakotoba.pdf を2回読み比べて書き起こし）,True
1221,記念日・できごと（記念日）,遠距離恋愛の日,数字の1221の形を、離れた二人が向き合う姿に見立てた日とされる,https://zatsuneta.com/archives/112211.html,True
1221,記念日・できごと（旬）,小豆,冬至前後に小豆がゆやいとこ煮で食べる習わしのある豆,,False
1221,記念日・できごと（記念日）,回文の日,「1221」が前から読んでも後ろから読んでも同じことにちなむ言葉遊びの日。,https://zatsuneta.com/archives/112213.html,True
1222,誕生石（月）,ターコイズ・ラピスラズリ・タンザナイト・ジルコン,,全国宝石卸商協同組合 2021年12月改定（デイリースポーツ https://www.daily.co.jp/society/life/2021/12/20/0014929848.shtml ほか。work/knowledge/10_誕生日もの.md）,True
1222,誕生色,苔色,こけいろ／#69821B／苔の深い緑。冬至のころ芽を出す夏枯草の色（乃東生にちなむ）,当サイト独自の選び方（七十二候にちなむ日本の伝統色。work/knowledge/10_誕生日もの.md）・色の値：https://www.colordic.org/w,True
1222,誕生日石,クリソプレーズ,誕生色（苔色）に近い緑系。青りんご色の玉髄で、アレクサンドロス大王が愛したと伝わる。希望を育てる石とされる。,当サイト独自の選び方（誕生石・デーカンの支配星・誕生色から、販売されている石。work/knowledge/10_誕生日もの.md）・販売例：https://www.creema.jp/item/12893166/detail,True
1222,誕生花,シクラメン(赤),花ことば：はにかみ,一般財団法人日本花普及センター「誕生花・花ことば366」（長野県 https://www.pref.nagano.lg.jp/enchiku/sangyo/nogyo/engei-suisan/kaki/documents/hanakotoba.pdf・source/birthday/hanakotoba.pdf を2回読み比べて書き起こし）,True
1222,記念日・できごと（旬）,こたつ,家族が集まり温まる日本の冬の暖房。みかんとの組み合わせが定番,,False
1222,記念日・できごと（旬）,ねぎ,冬に甘くなる長ねぎ。焼きねぎや鍋で体を温める,,False
1223,誕生石（月）,ターコイズ・ラピスラズリ・タンザナイト・ジルコン,,全国宝石卸商協同組合 2021年12月改定（デイリースポーツ https://www.daily.co.jp/society/life/2021/12/20/0014929848.shtml ほか。work/knowledge/10_誕生日もの.md）,True
1223,誕生色,松葉色,まつばいろ／#839B5C／松の葉の緑。皆が眠る冬に宿る静かな生命力（乃東生にちなむ）,当サイト独自の選び方（七十二候にちなむ日本の伝統色。work/knowledge/10_誕生日もの.md）・色の値：https://www.colordic.org/colorsample/2123,True
1223,誕生日石,プレナイト,誕生色（松葉色）に近い緑系。ぶどうの房のような姿から、穏やかな心で未来を見通す『予言の石』と呼ばれることがある。,当サイト独自の選び方（誕生石・デーカンの支配星・誕生色から、販売されている石。work/knowledge/10_誕生日もの.md）・販売例：https://www.creema.jp/item/8900336/detail,True
1223,誕生花,カトレア(紫),花ことば：優美な女心,一般財団法人日本花普及センター「誕生花・花ことば366」（長野県 https://www.pref.nagano.lg.jp/enchiku/sangyo/nogyo/engei-suisan/kaki/documents/hanakotoba.pdf・source/birthday/hanakotoba.pdf を2回読み比べて書き起こし）,True
1223,記念日・できごと（できごと）,東京タワー完工,1958年。東京タワーが完成し、街の新しいシンボルが生まれたとされる日,https://netlab.click/todayis/1223,True
1223,記念日・できごと（できごと）,テレホンカードの日,1982年。日本でテレホンカードが初めて発売されたとされる日,https://netlab.click/todayis/1223,True
1224,誕生石（月）,ターコイズ・ラピスラズリ・タンザナイト・ジルコン,,全国宝石卸商協同組合 2021年12月改定（デイリースポーツ https://www.daily.co.jp/society/life/2021/12/20/0014929848.shtml ほか。work/knowledge/10_誕生日もの.md）,True
1224,誕生色,江戸紫,えどむらさき／#745399／青みの紫。夏に咲く夏枯草の紫の花にちなむ（乃東生にちなむ）,当サイト独自の選び方（七十二候にちなむ日本の伝統色。work/knowledge/10_誕生日もの.md）・色の値：https://www.colordic.org/colorsample/2045,True
1224,誕生日石,チャロアイト,誕生色（江戸紫）に近い紫系。ロシアのチャロ川流域だけで採れる石で、心の迷いを晴らし、自分らしさを支える石と言われる。,当サイト独自の選び方（誕生石・デーカンの支配星・誕生色から、販売されている石。work/knowledge/10_誕生日もの.md）・販売例：https://www.creema.jp/item/17840880/detail,True
1224,誕生花,モミ,花ことば：高尚,一般財団法人日本花普及センター「誕生花・花ことば366」（長野県 https://www.pref.nagano.lg.jp/enchiku/sangyo/nogyo/engei-suisan/kaki/documents/hanakotoba.pdf・source/birthday/hanakotoba.pdf を2回読み比べて書き起こし）,True
1224,記念日・できごと（行事）,クリスマス・イブ,家族や友人とごちそうやケーキを囲む、冬のにぎやかな夜,https://netlab.click/todayis/1224,True
1224,記念日・できごと（旬）,ブッシュ・ド・ノエル,薪の形をしたクリスマスのケーキ。フランス生まれの冬の菓子,,False
1225,誕生石（月）,ターコイズ・ラピスラズリ・タンザナイト・ジルコン,,全国宝石卸商協同組合 2021年12月改定（デイリースポーツ https://www.daily.co.jp/society/life/2021/12/20/0014929848.shtml ほか。work/knowledge/10_誕生日もの.md）,True
1225,誕生色,青丹,あおに／#99AB4E／くすんだ青緑。冬の野にそっと芽吹く若葉の色（乃東生にちなむ）,当サイト独自の選び方（七十二候にちなむ日本の伝統色。work/knowledge/10_誕生日もの.md）・色の値：https://www.colordic.org/colorsample/2145,True
1225,誕生日石,モスアゲート,誕生色（青丹）に近い緑系。苔のような模様を持ち、農夫が豊作を祈って身につけたと伝わる。成長と実りの石とされる。,当サイト独自の選び方（誕生石・デーカンの支配星・誕生色から、販売されている石。work/knowledge/10_誕生日もの.md）・販売例：https://www.creema.jp/item/19291708/detail,True
1225,誕生花,ポインセチア(赤),花ことば：私の心は燃えている,一般財団法人日本花普及センター「誕生花・花ことば366」（長野県 https://www.pref.nagano.lg.jp/enchiku/sangyo/nogyo/engei-suisan/kaki/documents/hanakotoba.pdf・source/birthday/hanakotoba.pdf を2回読み比べて書き起こし）,True
1225,記念日・できごと（行事）,クリスマス,プレゼントを贈り合い、冬の楽しいひとときを過ごす日,https://zatsuneta.com/archives/112251.html,True
1225,記念日・できごと（旬）,柊（ひいらぎ）,とがった葉と赤い実が冬の飾りに使われる木,,False
1225,記念日・できごと（記念日）,スケートの日,冬の氷の上をすいすいと滑る、スケートの楽しさに親しむ日。,https://netlab.click/todayis/1225,True
1226,誕生石（月）,ターコイズ・ラピスラズリ・タンザナイト・ジルコン,,全国宝石卸商協同組合 2021年12月改定（デイリースポーツ https://www.daily.co.jp/society/life/2021/12/20/0014929848.shtml ほか。work/knowledge/10_誕生日もの.md）,True
1226,誕生色,深緑,ふかみどり／#00552E／深い緑。冬に力を発揮する独自の生命力の色（乃東生にちなむ）,当サイト独自の選び方（七十二候にちなむ日本の伝統色。work/knowledge/10_誕生日もの.md）・色の値：https://www.colordic.org/colorsample/2114,True
1226,誕生日石,ガーデンクォーツ,誕生色（深緑）に近い緑系。水晶の中に苔や庭のような景色が閉じ込められ、豊かさと繁栄を表す石とされる。,当サイト独自の選び方（誕生石・デーカンの支配星・誕生色から、販売されている石。work/knowledge/10_誕生日もの.md）・販売例：https://item.rakuten.co.jp/tesorocoltd/gs-sp-5924/,True
1226,誕生花,クリスマスローズ,花ことば：思い出を懐かしむ,一般財団法人日本花普及センター「誕生花・花ことば366」（長野県 https://www.pref.nagano.lg.jp/enchiku/sangyo/nogyo/engei-suisan/kaki/documents/hanakotoba.pdf・source/birthday/hanakotoba.pdf を2回読み比べて書き起こし）,True
1226,記念日・できごと（できごと）,プロ野球誕生の日,1934年。日本初のプロ野球チームが結成されたとされる日,https://netlab.click/todayis/1226,True
1226,記念日・できごと（旬）,年越し準備,大掃除や買い出しで、新しい年を迎える準備が進むころ,,False
1226,記念日・できごと（記念日）,ボクシング・デー,イギリスなどでクリスマスの翌日に祝う休日。日ごろの感謝を贈り物で伝える日。,https://zatsuneta.com/archives/112262.html,True
1227,誕生石（月）,ターコイズ・ラピスラズリ・タンザナイト・ジルコン,,全国宝石卸商協同組合 2021年12月改定（デイリースポーツ https://www.daily.co.jp/society/life/2021/12/20/0014929848.shtml ほか。work/knowledge/10_誕生日もの.md）,True
1227,誕生色,樺色,かばいろ／#CD5E3C／樺桜の樹皮の赤茶。大鹿の毛並みの色にちなむ（麋角解にちなむ）,当サイト独自の選び方（七十二候にちなむ日本の伝統色。work/knowledge/10_誕生日もの.md）・色の値：https://www.colordic.org/colorsample/2253,True
1227,誕生日石,ジェット,デーカンの支配星・土星の石。太古の木が化石になった黒い宝石で、ヴィクトリア朝には喪の装身具として愛された。,当サイト独自の選び方（誕生石・デーカンの支配星・誕生色から、販売されている石。work/knowledge/10_誕生日もの.md）・販売例：https://www.creema.jp/item/5958322/detail,True
1227,誕生花,ヤブコウジ,花ことば：ふくよかな愛,一般財団法人日本花普及センター「誕生花・花ことば366」（長野県 https://www.pref.nagano.lg.jp/enchiku/sangyo/nogyo/engei-suisan/kaki/documents/hanakotoba.pdf・source/birthday/hanakotoba.pdf を2回読み比べて書き起こし）,True
1227,記念日・できごと（できごと）,ピーターパンの日,1904年。劇『ピーター・パン』が初めて上演されたとされる日,https://netlab.click/todayis/1227,True
1227,記念日・できごと（旬）,お餅つき,年末に家族や地域で餅をつき、鏡餅やお雑煮の準備をする,,False
1227,記念日・できごと（記念日）,浅草仲見世記念日,浅草寺へ続くにぎやかな商店街・仲見世の歩みにちなむ記念日。,https://zatsuneta.com/archives/112271.html,True
1228,誕生石（月）,ターコイズ・ラピスラズリ・タンザナイト・ジルコン,,全国宝石卸商協同組合 2021年12月改定（デイリースポーツ https://www.daily.co.jp/society/life/2021/12/20/0014929848.shtml ほか。work/knowledge/10_誕生日もの.md）,True
1228,誕生色,肉桂色,にっけいいろ／#DD7A56／肉桂の樹皮の色。抜け落ちた古い角の温かな色（麋角解にちなむ）,当サイト独自の選び方（七十二候にちなむ日本の伝統色。work/knowledge/10_誕生日もの.md）・色の値：https://www.colordic.org/colorsample/2263,True
1228,誕生日石,オニキス,デーカンの支配星・土星の石。深い黒から、悪いものを退け、意志を固める石として古くから用いられた。,当サイト独自の選び方（誕生石・デーカンの支配星・誕生色から、販売されている石。work/knowledge/10_誕生日もの.md）・販売例：https://www.creema.jp/item/16278090/detail,True
1228,誕生花,パフィオペディルム,花ことば：思慮深さ,一般財団法人日本花普及センター「誕生花・花ことば366」（長野県 https://www.pref.nagano.lg.jp/enchiku/sangyo/nogyo/engei-suisan/kaki/documents/hanakotoba.pdf・source/birthday/hanakotoba.pdf を2回読み比べて書き起こし）,True
1228,記念日・できごと（行事）,仕事納め,多くの職場で一年の仕事を締めくくり、労をねぎらい合う日,,False
1228,記念日・できごと（旬）,鏡餅,お正月に年神様を迎えるために飾るお餅。28日に飾るとよいとされる,,False
1228,記念日・できごと（記念日）,シネマトグラフの日,映画の原点とされるシネマトグラフにちなみ、スクリーンの物語を楽しむ日。,https://netlab.click/todayis/1228,True
1228,記念日・できごと（記念日）,ディスクジョッキーの日,ラジオから流れる語りと音楽で、聴く人の心をつなぐDJに親しむ日。,https://netlab.click/todayis/1228,True
1229,誕生石（月）,ターコイズ・ラピスラズリ・タンザナイト・ジルコン,,全国宝石卸商協同組合 2021年12月改定（デイリースポーツ https://www.daily.co.jp/society/life/2021/12/20/0014929848.shtml ほか。work/knowledge/10_誕生日もの.md）,True
1229,誕生色,枇杷茶,びわちゃ／#AE7C4F／枇杷の実を思わせる茶。冬毛になった鹿の毛の色（麋角解にちなむ）,当サイト独自の選び方（七十二候にちなむ日本の伝統色。work/knowledge/10_誕生日もの.md）・色の値：https://www.colordic.org/w,True
1229,誕生日石,イエローカルサイト,デーカンの支配星・土星の石。明るい黄色から、気持ちを前向きにし、学ぶ意欲を高める石と言われる。,当サイト独自の選び方（誕生石・デーカンの支配星・誕生色から、販売されている石。work/knowledge/10_誕生日もの.md）・販売例：https://item.rakuten.co.jp/jewelclimb/1042496/,True
1229,誕生花,ポインセチア(白),花ことば：慕われる人,一般財団法人日本花普及センター「誕生花・花ことば366」（長野県 https://www.pref.nagano.lg.jp/enchiku/sangyo/nogyo/engei-suisan/kaki/documents/hanakotoba.pdf・source/birthday/hanakotoba.pdf を2回読み比べて書き起こし）,True
1229,記念日・できごと（旬）,門松,家の入口に飾り、新年の神様を迎える目印とする正月飾り,,False
1229,記念日・できごと（旬）,数の子,子孫繁栄を願うおせちの定番。年末に塩抜きして準備する,,False
1229,記念日・できごと（記念日）,シャンソンの日,フランスの歌・シャンソンの、語りかけるような調べに耳をかたむける日。,https://netlab.click/todayis/1229,True
1229,記念日・できごと（記念日）,クレープの日,薄く焼いた生地でクリームや果物を包む、甘いクレープを楽しむ日。,https://netlab.click/todayis/1229,True
1230,誕生石（月）,ターコイズ・ラピスラズリ・タンザナイト・ジルコン,,全国宝石卸商協同組合 2021年12月改定（デイリースポーツ https://www.daily.co.jp/society/life/2021/12/20/0014929848.shtml ほか。work/knowledge/10_誕生日もの.md）,True
1230,誕生色,伽羅色,きゃらいろ／#D8A373／伽羅の香木の色。古いものを手放す静かな気品（麋角解にちなむ）,当サイト独自の選び方（七十二候にちなむ日本の伝統色。work/knowledge/10_誕生日もの.md）・色の値：https://www.colordic.org/colorsample/2154,True
1230,誕生日石,オブシディアン,デーカンの支配星・土星の石。火山から生まれた天然ガラスで、古くは鏡や刃物に使われ、魔よけの石とされてきた。,当サイト独自の選び方（誕生石・デーカンの支配星・誕生色から、販売されている石。work/knowledge/10_誕生日もの.md）・販売例：https://item.rakuten.co.jp/malina/10000968/,True
1230,誕生花,アナナス,花ことば：大切な気持ち,一般財団法人日本花普及センター「誕生花・花ことば366」（長野県 https://www.pref.nagano.lg.jp/enchiku/sangyo/nogyo/engei-suisan/kaki/documents/hanakotoba.pdf・source/birthday/hanakotoba.pdf を2回読み比べて書き起こし）,True
1230,記念日・できごと（できごと）,地下鉄記念日,1927年。上野〜浅草間に日本初の地下鉄が開通したとされる日,https://netlab.click/todayis/1230,True
1230,記念日・できごと（旬）,黒豆,まめに暮らせるようにと願うおせちの一品。年末にふっくら煮る,,False
1231,誕生石（月）,ターコイズ・ラピスラズリ・タンザナイト・ジルコン,,全国宝石卸商協同組合 2021年12月改定（デイリースポーツ https://www.daily.co.jp/society/life/2021/12/20/0014929848.shtml ほか。work/knowledge/10_誕生日もの.md）,True
1231,誕生色,白橡,しろつるばみ／#CBB994／白っぽい橡色。これから生まれ変わる新しい角の色（麋角解にちなむ）,当サイト独自の選び方（七十二候にちなむ日本の伝統色。work/knowledge/10_誕生日もの.md）・色の値：https://www.colordic.org/w,True
1231,誕生日石,ジェット,デーカンの支配星・土星の石。太古の木が化石になった黒い宝石で、ヴィクトリア朝には喪の装身具として愛された。,当サイト独自の選び方（誕生石・デーカンの支配星・誕生色から、販売されている石。work/knowledge/10_誕生日もの.md）・販売例：https://www.creema.jp/item/5958322/detail,True
1231,誕生花,センリョウ,花ことば：恵まれた才能,一般財団法人日本花普及センター「誕生花・花ことば366」（長野県 https://www.pref.nagano.lg.jp/enchiku/sangyo/nogyo/engei-suisan/kaki/documents/hanakotoba.pdf・source/birthday/hanakotoba.pdf を2回読み比べて書き起こし）,True
1231,記念日・できごと（行事）,大晦日,一年の最後の日。家族で過ごし、新しい年を迎える準備をする,https://netlab.click/todayis/1231,True
1231,記念日・できごと（行事）,年越しそば,細く長いそばに長寿や家運を願って食べる大晦日の習わし,,False
